tier,file,upstream,new_upstream,upstream_action,our_lines,line_overlap,id_overlap
DERIVED-HIGH,tests/vitest.setup.ts,tests/vitest.setup.ts,tests/vitest.setup.ts,EDITED-IN-PLACE,11,100.0,100.0
DERIVED-HIGH,tests/unit/slashMatcher.test.ts,tests/unit/slashMatcher.test.ts,tests/unit/slashMatcher.test.ts,DELETED-OR-UNTRACKED-MOVE,20,100.0,100.0
DERIVED-HIGH,tests/unit/slashCommandAvailability.test.ts,tests/unit/slashCommandAvailability.test.ts,tests/unit/slashCommandAvailability.test.ts,DELETED-OR-UNTRACKED-MOVE,17,100.0,100.0
DERIVED-HIGH,tests/unit/conversationCache.test.ts,tests/unit/conversationCache.test.ts,tests/unit/renderer/utils/conversationCache.test.ts,MOVED+REWRITTEN,17,100.0,100.0
DERIVED-HIGH,tests/unit/acpUtilsDecodeWindows.test.ts,tests/unit/acpUtilsDecodeWindows.test.ts,tests/unit/acpUtilsDecodeWindows.test.ts,DELETED-OR-UNTRACKED-MOVE,22,100.0,100.0
DERIVED-HIGH,tests/unit/modelFallback.test.ts,tests/unit/modelFallback.test.ts,tests/unit/modelFallback.test.ts,DELETED-OR-UNTRACKED-MOVE,27,100.0,100.0
DERIVED-HIGH,tests/unit/geminiAbortRecovery.test.ts,tests/unit/geminiAbortRecovery.test.ts,tests/unit/geminiAbortRecovery.test.ts,DELETED-OR-UNTRACKED-MOVE,44,100.0,100.0
DERIVED-HIGH,tests/unit/useIndexedItemRefs.dom.test.tsx,tests/unit/useIndexedItemRefs.dom.test.tsx,tests/unit/useIndexedItemRefs.dom.test.tsx,DELETED-OR-UNTRACKED-MOVE,18,100.0,100.0
DERIVED-HIGH,tests/unit/registry.test.ts,tests/unit/registry.test.ts,tests/unit/registry.test.ts,DELETED-OR-UNTRACKED-MOVE,19,100.0,100.0
DERIVED-HIGH,tests/unit/useConversationActions.dom.test.ts,tests/unit/useConversationActions.dom.test.ts,tests/unit/useConversationActions.dom.test.ts,DELETED-OR-UNTRACKED-MOVE,45,100.0,100.0
DERIVED-HIGH,tests/unit/weixinLoginRoutes.test.ts,tests/unit/weixinLoginRoutes.test.ts,tests/unit/weixinLoginRoutes.test.ts,DELETED-OR-UNTRACKED-MOVE,37,100.0,100.0
DERIVED-HIGH,tests/unit/webui-favicon.test.ts,tests/unit/webui-favicon.test.ts,tests/unit/webui-favicon.test.ts,DELETED-OR-UNTRACKED-MOVE,12,100.0,100.0
DERIVED-HIGH,tests/unit/renderer/assertBridgeSuccess.test.ts,tests/unit/renderer/assertBridgeSuccess.test.ts,tests/unit/renderer/assertBridgeSuccess.test.ts,DELETED-OR-UNTRACKED-MOVE,9,100.0,100.0
DERIVED-HIGH,tests/unit/chat/autoTitle.test.ts,tests/unit/chat/autoTitle.test.ts,tests/unit/renderer/utils/autoTitle.test.ts,MOVED+REWRITTEN,15,100.0,100.0
DERIVED-HIGH,tests/unit/common/conversationHistoryContext.dom.test.tsx,tests/unit/common/conversationHistoryContext.dom.test.tsx,tests/unit/common/conversationHistoryContext.dom.test.tsx,DELETED-OR-UNTRACKED-MOVE,46,100.0,100.0
DERIVED-HIGH,tests/unit/process/bridge/applicationBridgeCore.test.ts,tests/unit/process/bridge/applicationBridgeCore.test.ts,tests/unit/process/bridge/applicationBridgeCore.test.ts,DELETED-OR-UNTRACKED-MOVE,28,100.0,100.0
DERIVED-HIGH,tests/integration/webui-favicon-build.test.ts,tests/integration/webui-favicon-build.test.ts,tests/integration/webui-favicon-build.test.ts,DELETED-OR-UNTRACKED-MOVE,74,100.0,100.0
DERIVED-HIGH,tests/e2e/specs/app-launch.e2e.ts,tests/e2e/specs/app-launch.e2e.ts,tests/e2e/specs/app-launch.e2e.ts,UNTOUCHED,14,100.0,100.0
DERIVED-HIGH,tests/e2e/helpers/extensions.ts,tests/e2e/helpers/extensions.ts,tests/e2e/helpers/extensions.ts,EDITED-IN-PLACE,46,100.0,100.0
DERIVED-HIGH,tests/e2e/helpers/assertions.ts,tests/e2e/helpers/assertions.ts,tests/e2e/helpers/assertions.ts,UNTOUCHED,13,100.0,100.0
DERIVED-HIGH,tests/e2e/helpers/bridge.ts,tests/e2e/helpers/bridge.ts,packages/desktop/src/common/platform/bridge.ts,MOVED+REWRITTEN,22,100.0,100.0
DERIVED-HIGH,tests/e2e/helpers/screenshots.ts,tests/e2e/helpers/screenshots.ts,tests/e2e/helpers/screenshots.ts,EDITED-IN-PLACE,6,100.0,100.0
DERIVED-HIGH,src/types.d.ts,src/types.d.ts,packages/desktop/src/types.d.ts,MOVED-ONLY,5,100.0,100.0
DERIVED-HIGH,src/renderer/types.d.ts,src/renderer/types.d.ts,packages/desktop/src/renderer/types.d.ts,MOVED-ONLY,2,100.0,100.0
DERIVED-HIGH,src/renderer/utils/common.ts,src/renderer/utils/common.ts,packages/desktop/src/renderer/utils/common.ts,MOVED+EDITED,9,100.0,100.0
DERIVED-HIGH,src/renderer/utils/ui/focus.ts,src/renderer/utils/ui/focus.ts,packages/desktop/src/renderer/utils/ui/focus.ts,MOVED-ONLY,8,100.0,100.0
DERIVED-HIGH,src/renderer/utils/ui/clipboard.ts,src/renderer/utils/ui/clipboard.ts,packages/desktop/src/renderer/utils/ui/clipboard.ts,MOVED-ONLY,17,100.0,100.0
DERIVED-HIGH,src/renderer/utils/ui/createContext.tsx,src/renderer/utils/ui/createContext.tsx,packages/desktop/src/renderer/utils/ui/createContext.tsx,MOVED-ONLY,19,100.0,100.0
DERIVED-HIGH,src/renderer/utils/chat/messageHistory.ts,src/renderer/utils/chat/messageHistory.ts,packages/desktop/src/renderer/utils/chat/messageHistory.ts,MOVED+EDITED,17,100.0,100.0
DERIVED-HIGH,src/renderer/utils/file/fileType.ts,src/renderer/utils/file/fileType.ts,packages/desktop/src/renderer/utils/file/fileType.ts,MOVED+EDITED,34,100.0,100.0
DERIVED-HIGH,src/renderer/utils/file/fileSelection.ts,src/renderer/utils/file/fileSelection.ts,packages/desktop/src/renderer/utils/file/fileSelection.ts,MOVED+REWRITTEN,22,100.0,100.0
DERIVED-HIGH,src/renderer/utils/file/base64.ts,src/renderer/utils/file/base64.ts,packages/desktop/src/renderer/utils/file/base64.ts,MOVED-ONLY,20,100.0,100.0
DERIVED-HIGH,src/renderer/utils/model/modelPlatforms.ts,src/renderer/utils/model/modelPlatforms.ts,packages/desktop/src/renderer/utils/model/modelPlatforms.ts,MOVED+REWRITTEN,84,100.0,100.0
DERIVED-HIGH,src/renderer/utils/model/modelFallback.ts,src/renderer/utils/model/modelFallback.ts,src/renderer/utils/model/modelFallback.ts,DELETED-OR-UNTRACKED-MOVE,31,100.0,100.0
DERIVED-HIGH,src/renderer/components/ShimmerText.tsx,src/renderer/components/ShimmerText.tsx,packages/desktop/src/renderer/components/ShimmerText.tsx,MOVED-ONLY,22,100.0,100.0
DERIVED-HIGH,src/renderer/components/settings/SettingsModal/useSettingsModal.tsx,src/renderer/components/settings/SettingsModal/useSettingsModal.tsx,packages/desktop/src/renderer/components/settings/SettingsModal/useSettingsModal.tsx,MOVED+EDITED,13,100.0,100.0
DERIVED-HIGH,src/renderer/components/settings/SettingsModal/settingsViewContext.tsx,src/renderer/components/settings/SettingsModal/settingsViewContext.tsx,packages/desktop/src/renderer/components/settings/SettingsModal/settingsViewContext.tsx,MOVED+REWRITTEN,6,100.0,100.0
DERIVED-HIGH,src/renderer/components/settings/SettingsModal/contents/channels/ChannelItem.tsx,src/renderer/components/settings/SettingsModal/contents/channels/ChannelItem.tsx,packages/desktop/src/renderer/components/settings/SettingsModal/contents/channels/ChannelItem.tsx,MOVED-ONLY,17,100.0,100.0
DERIVED-HIGH,src/renderer/components/settings/SettingsModal/contents/channels/types.ts,src/renderer/components/settings/SettingsModal/contents/channels/types.ts,packages/desktop/src/renderer/components/settings/SettingsModal/contents/channels/types.ts,MOVED+EDITED,3,100.0,100.0
DERIVED-HIGH,src/renderer/components/chat/SlashCommandMenu.tsx,src/renderer/components/chat/SlashCommandMenu.tsx,packages/desktop/src/renderer/components/chat/SlashCommandMenu.tsx,MOVED+EDITED,46,100.0,100.0
DERIVED-HIGH,src/renderer/components/chat/BtwOverlay/index.tsx,src/renderer/components/chat/BtwOverlay/index.tsx,packages/desktop/src/renderer/components/chat/BtwOverlay/index.tsx,MOVED-ONLY,75,100.0,100.0
DERIVED-HIGH,src/renderer/components/Markdown/markdownUtils.ts,src/renderer/components/Markdown/markdownUtils.ts,packages/desktop/src/renderer/components/Markdown/markdownUtils.ts,MOVED+REWRITTEN,13,100.0,100.0
DERIVED-HIGH,src/renderer/components/layout/AppLoader.tsx,src/renderer/components/layout/AppLoader.tsx,packages/desktop/src/renderer/components/layout/AppLoader.tsx,MOVED-ONLY,5,100.0,100.0
DERIVED-HIGH,src/renderer/components/layout/PwaPullToRefresh.tsx,src/renderer/components/layout/PwaPullToRefresh.tsx,packages/desktop/src/renderer/components/layout/PwaPullToRefresh.tsx,MOVED-ONLY,49,100.0,100.0
DERIVED-HIGH,src/renderer/components/layout/FlexFullContainer.tsx,src/renderer/components/layout/FlexFullContainer.tsx,packages/desktop/src/renderer/components/layout/FlexFullContainer.tsx,MOVED-ONLY,8,100.0,100.0
DERIVED-HIGH,src/renderer/components/media/UploadProgressBar.tsx,src/renderer/components/media/UploadProgressBar.tsx,packages/desktop/src/renderer/components/media/UploadProgressBar.tsx,MOVED+REWRITTEN,16,100.0,100.0
DERIVED-HIGH,src/renderer/hooks/ui/useFontScale.ts,src/renderer/hooks/ui/useFontScale.ts,packages/desktop/src/renderer/hooks/ui/useFontScale.ts,MOVED+EDITED,32,100.0,100.0
DERIVED-HIGH,src/renderer/hooks/ui/useIndexedItemRefs.ts,src/renderer/hooks/ui/useIndexedItemRefs.ts,packages/desktop/src/renderer/hooks/ui/useIndexedItemRefs.ts,MOVED-ONLY,7,100.0,100.0
DERIVED-HIGH,src/renderer/hooks/ui/useThrottle.ts,src/renderer/hooks/ui/useThrottle.ts,packages/desktop/src/renderer/hooks/ui/useThrottle.ts,MOVED+EDITED,17,100.0,100.0
DERIVED-HIGH,src/renderer/hooks/ui/useDebounce.ts,src/renderer/hooks/ui/useDebounce.ts,packages/desktop/src/renderer/hooks/ui/useDebounce.ts,MOVED-ONLY,14,100.0,100.0
DERIVED-HIGH,src/renderer/hooks/ui/useConversationShortcuts.ts,src/renderer/hooks/ui/useConversationShortcuts.ts,packages/desktop/src/renderer/hooks/ui/useConversationShortcuts.ts,MOVED+EDITED,34,100.0,100.0
DERIVED-HIGH,src/renderer/hooks/chat/useSendBoxFiles.ts,src/renderer/hooks/chat/useSendBoxFiles.ts,packages/desktop/src/renderer/hooks/chat/useSendBoxFiles.ts,MOVED+EDITED,35,100.0,100.0
DERIVED-HIGH,src/renderer/hooks/file/useUploadState.ts,src/renderer/hooks/file/useUploadState.ts,packages/desktop/src/renderer/hooks/file/useUploadState.ts,MOVED+REWRITTEN,36,100.0,100.0
DERIVED-HIGH,src/renderer/hooks/file/usePreviewLauncher.ts,src/renderer/hooks/file/usePreviewLauncher.ts,packages/desktop/src/renderer/hooks/file/usePreviewLauncher.ts,MOVED+EDITED,53,100.0,100.0
DERIVED-HIGH,src/renderer/hooks/file/useOpenFileSelector.ts,src/renderer/hooks/file/useOpenFileSelector.ts,packages/desktop/src/renderer/hooks/file/useOpenFileSelector.ts,MOVED-ONLY,15,100.0,100.0
DERIVED-HIGH,src/renderer/hooks/agent/useGeminiGoogleAuthModels.ts,src/renderer/hooks/agent/useGeminiGoogleAuthModels.ts,src/renderer/hooks/agent/useGeminiGoogleAuthModels.ts,DELETED-OR-UNTRACKED-MOVE,27,100.0,100.0
DERIVED-HIGH,src/renderer/hooks/system/useExtI18n.ts,src/renderer/hooks/system/useExtI18n.ts,packages/desktop/src/renderer/hooks/system/useExtI18n.ts,MOVED+EDITED,30,100.0,100.0
DERIVED-HIGH,src/renderer/hooks/system/usePwaMode.ts,src/renderer/hooks/system/usePwaMode.ts,packages/desktop/src/renderer/hooks/system/usePwaMode.ts,MOVED-ONLY,8,100.0,100.0
DERIVED-HIGH,src/renderer/hooks/system/useNotificationClick.ts,src/renderer/hooks/system/useNotificationClick.ts,packages/desktop/src/renderer/hooks/system/notification/useNotificationClick.ts,MOVED+EDITED,14,100.0,100.0
DERIVED-HIGH,src/renderer/pages/settings/SystemSettings.tsx,src/renderer/pages/settings/SystemSettings.tsx,packages/desktop/src/renderer/pages/settings/SystemSettings.tsx,MOVED-ONLY,11,100.0,100.0
DERIVED-HIGH,src/renderer/pages/settings/AgentSettings/RemoteAgents.tsx,src/renderer/pages/settings/AgentSettings/RemoteAgents.tsx,src/renderer/pages/settings/AgentSettings/RemoteAgents.tsx,DELETED-OR-UNTRACKED-MOVE,1,100.0,100.0
DERIVED-HIGH,src/renderer/pages/settings/DisplaySettings/index.tsx,src/renderer/pages/settings/DisplaySettings/index.tsx,packages/desktop/src/renderer/pages/settings/AppearanceSettings/index.tsx,MOVED+EDITED,5,100.0,100.0
DERIVED-HIGH,src/renderer/pages/guid/index.tsx,src/renderer/pages/guid/index.tsx,packages/desktop/src/renderer/pages/guid/index.tsx,MOVED-ONLY,1,100.0,100.0
DERIVED-HIGH,src/renderer/pages/guid/constants.ts,src/renderer/pages/guid/constants.ts,packages/desktop/src/common/theme/constants.ts,MOVED+REWRITTEN,3,100.0,100.0
DERIVED-HIGH,src/renderer/pages/guid/utils/modelUtils.ts,src/renderer/pages/guid/utils/modelUtils.ts,packages/desktop/src/renderer/pages/guid/utils/modelUtils.ts,MOVED+EDITED,18,100.0,100.0
DERIVED-HIGH,src/renderer/pages/guid/components/GuidSkeleton.tsx,src/renderer/pages/guid/components/GuidSkeleton.tsx,packages/desktop/src/renderer/pages/guid/components/GuidSkeleton.tsx,MOVED+REWRITTEN,14,100.0,100.0
DERIVED-HIGH,src/renderer/pages/cron/index.ts,src/renderer/pages/cron/index.ts,packages/desktop/src/renderer/pages/cron/index.ts,MOVED-ONLY,3,100.0,100.0
DERIVED-HIGH,src/renderer/pages/conversation/index.tsx,src/renderer/pages/conversation/index.tsx,packages/desktop/src/renderer/pages/conversation/index.tsx,MOVED+REWRITTEN,30,100.0,100.0
DERIVED-HIGH,src/renderer/pages/conversation/platforms/assertBridgeSuccess.ts,src/renderer/pages/conversation/platforms/assertBridgeSuccess.ts,packages/desktop/src/renderer/pages/conversation/platforms/assertBridgeSuccess.ts,MOVED-ONLY,4,100.0,100.0
DERIVED-HIGH,src/renderer/pages/conversation/platforms/gemini/useGeminiQuotaFallback.ts,src/renderer/pages/conversation/platforms/gemini/useGeminiQuotaFallback.ts,src/renderer/pages/conversation/platforms/gemini/useGeminiQuotaFallback.ts,DELETED-OR-UNTRACKED-MOVE,39,100.0,100.0
DERIVED-HIGH,src/renderer/pages/conversation/platforms/gemini/useGeminiModelSelection.ts,src/renderer/pages/conversation/platforms/gemini/useGeminiModelSelection.ts,packages/desktop/src/renderer/pages/conversation/platforms/gemini/useGoogleModelSelection.ts,MOVED+EDITED,31,100.0,100.0
DERIVED-HIGH,src/renderer/pages/conversation/Messages/types.ts,src/renderer/pages/conversation/Messages/types.ts,packages/desktop/src/renderer/pages/conversation/Messages/types.ts,MOVED+EDITED,2,100.0,100.0
DERIVED-HIGH,src/renderer/pages/conversation/Messages/constants.ts,src/renderer/pages/conversation/Messages/constants.ts,packages/desktop/src/renderer/pages/conversation/Messages/constants.ts,MOVED-ONLY,5,100.0,100.0
DERIVED-HIGH,src/renderer/pages/conversation/Messages/codex/MessageCodexToolCall.tsx,src/renderer/pages/conversation/Messages/codex/MessageCodexToolCall.tsx,src/renderer/pages/conversation/Messages/codex/MessageCodexToolCall.tsx,DELETED-OR-UNTRACKED-MOVE,30,100.0,100.0
DERIVED-HIGH,src/renderer/pages/conversation/Messages/codex/ToolCallComponent/TurnDiffDisplay.tsx,src/renderer/pages/conversation/Messages/codex/ToolCallComponent/TurnDiffDisplay.tsx,src/renderer/pages/conversation/Messages/codex/ToolCallComponent/TurnDiffDisplay.tsx,DELETED-OR-UNTRACKED-MOVE,19,100.0,100.0
DERIVED-HIGH,src/renderer/pages/conversation/Messages/codex/ToolCallComponent/PatchDisplay.tsx,src/renderer/pages/conversation/Messages/codex/ToolCallComponent/PatchDisplay.tsx,src/renderer/pages/conversation/Messages/codex/ToolCallComponent/PatchDisplay.tsx,DELETED-OR-UNTRACKED-MOVE,41,100.0,100.0
DERIVED-HIGH,src/renderer/pages/conversation/Workspace/utils/filePreview.ts,src/renderer/pages/conversation/Workspace/utils/filePreview.ts,src/renderer/pages/conversation/Workspace/utils/filePreview.ts,DELETED-OR-UNTRACKED-MOVE,5,100.0,100.0
DERIVED-HIGH,src/renderer/pages/conversation/Workspace/hooks/useWorkspaceCollapse.ts,src/renderer/pages/conversation/Workspace/hooks/useWorkspaceCollapse.ts,packages/desktop/src/renderer/pages/conversation/hooks/useWorkspaceCollapse.ts,MOVED+REWRITTEN,10,100.0,100.0
DERIVED-HIGH,src/renderer/pages/conversation/Workspace/hooks/useWorkspaceModals.ts,src/renderer/pages/conversation/Workspace/hooks/useWorkspaceModals.ts,src/renderer/pages/conversation/Workspace/hooks/useWorkspaceModals.ts,DELETED-OR-UNTRACKED-MOVE,17,100.0,100.0
DERIVED-HIGH,src/renderer/pages/conversation/GroupedHistory/SortableConversationRow.tsx,src/renderer/pages/conversation/GroupedHistory/SortableConversationRow.tsx,packages/desktop/src/renderer/pages/conversation/GroupedHistory/SortableConversationRow.tsx,MOVED+REWRITTEN,18,100.0,100.0
DERIVED-HIGH,src/renderer/pages/conversation/GroupedHistory/utils/exportHelpers.ts,src/renderer/pages/conversation/GroupedHistory/utils/exportHelpers.ts,packages/desktop/src/renderer/pages/conversation/GroupedHistory/utils/exportHelpers.ts,MOVED+EDITED,46,100.0,100.0
DERIVED-HIGH,src/renderer/pages/conversation/GroupedHistory/hooks/useVisibleConversationIds.ts,src/renderer/pages/conversation/GroupedHistory/hooks/useVisibleConversationIds.ts,packages/desktop/src/renderer/pages/conversation/GroupedHistory/hooks/useVisibleConversationIds.ts,MOVED-ONLY,12,100.0,100.0
DERIVED-HIGH,src/renderer/pages/conversation/utils/newConversationName.ts,src/renderer/pages/conversation/utils/newConversationName.ts,packages/desktop/src/renderer/pages/conversation/utils/newConversationName.ts,MOVED-ONLY,2,100.0,100.0
DERIVED-HIGH,src/renderer/pages/conversation/utils/conversationCache.ts,src/renderer/pages/conversation/utils/conversationCache.ts,packages/desktop/src/renderer/pages/conversation/utils/conversationCache.ts,MOVED+REWRITTEN,7,100.0,100.0
DERIVED-HIGH,src/renderer/pages/conversation/utils/layoutCalc.ts,src/renderer/pages/conversation/utils/layoutCalc.ts,packages/desktop/src/renderer/pages/conversation/utils/layoutCalc.ts,MOVED+REWRITTEN,57,100.0,100.0
DERIVED-HIGH,src/renderer/pages/conversation/components/ConversationTitleMinimap/minimapTypes.ts,src/renderer/pages/conversation/components/ConversationTitleMinimap/minimapTypes.ts,packages/desktop/src/renderer/pages/conversation/components/ConversationTitleMinimap/minimapTypes.ts,MOVED+EDITED,19,100.0,100.0
DERIVED-HIGH,src/renderer/pages/conversation/hooks/useContainerWidth.ts,src/renderer/pages/conversation/hooks/useContainerWidth.ts,packages/desktop/src/renderer/pages/conversation/hooks/useContainerWidth.ts,MOVED-ONLY,15,100.0,100.0
DERIVED-HIGH,src/renderer/pages/conversation/hooks/useLayoutConstraints.ts,src/renderer/pages/conversation/hooks/useLayoutConstraints.ts,packages/desktop/src/renderer/pages/conversation/hooks/useLayoutConstraints.ts,MOVED+EDITED,26,100.0,100.0
DERIVED-HIGH,src/renderer/pages/conversation/hooks/usePreviewAutoCollapse.ts,src/renderer/pages/conversation/hooks/usePreviewAutoCollapse.ts,src/renderer/pages/conversation/hooks/usePreviewAutoCollapse.ts,DELETED-OR-UNTRACKED-MOVE,29,100.0,100.0
DERIVED-HIGH,src/renderer/pages/conversation/Preview/types.ts,src/renderer/pages/conversation/Preview/types.ts,packages/desktop/src/renderer/pages/conversation/Preview/types.ts,MOVED+EDITED,3,100.0,100.0
DERIVED-HIGH,src/renderer/pages/conversation/Preview/constants.ts,src/renderer/pages/conversation/Preview/constants.ts,packages/desktop/src/renderer/pages/conversation/Preview/constants.ts,MOVED+EDITED,14,100.0,100.0
DERIVED-HIGH,src/renderer/pages/conversation/Preview/index.ts,src/renderer/pages/conversation/Preview/index.ts,packages/desktop/src/renderer/pages/conversation/Preview/index.ts,MOVED-ONLY,5,100.0,100.0
DERIVED-HIGH,src/renderer/pages/conversation/Preview/context/index.ts,src/renderer/pages/conversation/Preview/context/index.ts,packages/desktop/src/renderer/pages/conversation/Preview/context/index.ts,MOVED-ONLY,4,100.0,100.0
DERIVED-HIGH,src/renderer/pages/conversation/Preview/context/PreviewToolbarExtrasContext.tsx,src/renderer/pages/conversation/Preview/context/PreviewToolbarExtrasContext.tsx,packages/desktop/src/renderer/pages/conversation/Preview/context/PreviewToolbarExtrasContext.tsx,MOVED-ONLY,8,100.0,100.0
DERIVED-HIGH,src/renderer/pages/conversation/Preview/components/index.ts,src/renderer/pages/conversation/Preview/components/index.ts,packages/desktop/src/renderer/pages/conversation/Preview/components/index.ts,MOVED-ONLY,5,100.0,100.0
DERIVED-HIGH,src/renderer/pages/conversation/Preview/components/renderers/index.ts,src/renderer/pages/conversation/Preview/components/renderers/index.ts,packages/desktop/src/renderer/pages/conversation/Preview/components/renderers/index.ts,MOVED-ONLY,2,100.0,100.0
DERIVED-HIGH,src/renderer/pages/conversation/Preview/components/PreviewPanel/index.ts,src/renderer/pages/conversation/Preview/components/PreviewPanel/index.ts,packages/desktop/src/renderer/pages/conversation/Preview/components/PreviewPanel/index.ts,MOVED-ONLY,8,100.0,100.0
DERIVED-HIGH,src/renderer/pages/conversation/Preview/components/viewers/ImageViewer.tsx,src/renderer/pages/conversation/Preview/components/viewers/ImageViewer.tsx,packages/desktop/src/renderer/pages/conversation/Preview/components/viewers/ImageViewer.tsx,MOVED+EDITED,23,100.0,100.0
DERIVED-HIGH,src/renderer/pages/conversation/Preview/components/viewers/OfficeDocViewer.tsx,src/renderer/pages/conversation/Preview/components/viewers/OfficeDocViewer.tsx,packages/desktop/src/renderer/pages/conversation/Preview/components/viewers/OfficeDocViewer.tsx,MOVED+EDITED,5,100.0,100.0
DERIVED-HIGH,src/renderer/pages/conversation/Preview/components/viewers/PptViewer.tsx,src/renderer/pages/conversation/Preview/components/viewers/PptViewer.tsx,packages/desktop/src/renderer/pages/conversation/Preview/components/viewers/PptViewer.tsx,MOVED+EDITED,5,100.0,100.0
DERIVED-HIGH,src/renderer/pages/conversation/Preview/components/viewers/URLViewer.tsx,src/renderer/pages/conversation/Preview/components/viewers/URLViewer.tsx,packages/desktop/src/renderer/pages/conversation/Preview/components/viewers/URLViewer.tsx,MOVED-ONLY,6,100.0,100.0
DERIVED-HIGH,src/renderer/pages/conversation/Preview/components/viewers/index.ts,src/renderer/pages/conversation/Preview/components/viewers/index.ts,packages/desktop/src/renderer/pages/conversation/Preview/components/viewers/index.ts,MOVED+EDITED,9,100.0,100.0
DERIVED-HIGH,src/renderer/pages/conversation/Preview/components/viewers/ExcelViewer.tsx,src/renderer/pages/conversation/Preview/components/viewers/ExcelViewer.tsx,packages/desktop/src/renderer/pages/conversation/Preview/components/viewers/ExcelViewer.tsx,MOVED+EDITED,5,100.0,100.0
DERIVED-HIGH,src/renderer/pages/conversation/Preview/hooks/useThemeDetection.ts,src/renderer/pages/conversation/Preview/hooks/useThemeDetection.ts,packages/desktop/src/renderer/pages/conversation/Preview/hooks/useThemeDetection.ts,MOVED-ONLY,10,100.0,100.0
DERIVED-HIGH,src/renderer/pages/conversation/Preview/hooks/index.ts,src/renderer/pages/conversation/Preview/hooks/index.ts,packages/desktop/src/renderer/pages/conversation/Preview/hooks/index.ts,MOVED+EDITED,6,100.0,100.0
DERIVED-HIGH,src/renderer/services/registerPwa.ts,src/renderer/services/registerPwa.ts,packages/desktop/src/renderer/services/registerPwa.ts,MOVED+EDITED,14,100.0,100.0
DERIVED-HIGH,src/common/index.ts,src/common/index.ts,packages/desktop/src/common/index.ts,MOVED-ONLY,2,100.0,100.0
DERIVED-HIGH,src/common/electronSafe.ts,src/common/electronSafe.ts,packages/desktop/src/common/electronSafe.ts,MOVED-ONLY,28,100.0,100.0
DERIVED-HIGH,src/common/types/fileSnapshot.ts,src/common/types/fileSnapshot.ts,packages/desktop/src/common/types/platform/fileSnapshot.ts,MOVED+EDITED,8,100.0,100.0
DERIVED-HIGH,src/common/types/turndown-plugin-gfm.d.ts,src/common/types/turndown-plugin-gfm.d.ts,packages/desktop/src/common/types/turndown-plugin-gfm.d.ts,MOVED-ONLY,6,100.0,100.0
DERIVED-HIGH,src/common/types/database.ts,src/common/types/database.ts,packages/desktop/src/common/types/team/database.ts,MOVED+REWRITTEN,8,100.0,100.0
DERIVED-HIGH,src/common/types/codex/codexModes.ts,src/common/types/codex/codexModes.ts,src/common/types/codex/codexModes.ts,DELETED-OR-UNTRACKED-MOVE,7,100.0,100.0
DERIVED-HIGH,src/common/types/codex/types/index.ts,src/common/types/codex/types/index.ts,packages/desktop/src/renderer/api/index.ts,MOVED+REWRITTEN,24,100.0,100.0
DERIVED-HIGH,src/common/types/codex/types/errorTypes.ts,src/common/types/codex/types/errorTypes.ts,src/common/types/codex/types/errorTypes.ts,DELETED-OR-UNTRACKED-MOVE,15,100.0,100.0
DERIVED-HIGH,src/common/types/codex/types/permissionTypes.ts,src/common/types/codex/types/permissionTypes.ts,src/common/types/codex/types/permissionTypes.ts,DELETED-OR-UNTRACKED-MOVE,20,100.0,100.0
DERIVED-HIGH,src/common/types/codex/utils/index.ts,src/common/types/codex/utils/index.ts,packages/desktop/src/renderer/api/index.ts,MOVED+REWRITTEN,2,100.0,100.0
DERIVED-HIGH,src/common/chat/sideQuestion.ts,src/common/chat/sideQuestion.ts,packages/desktop/src/common/chat/sideQuestion.ts,MOVED+EDITED,7,100.0,100.0
DERIVED-HIGH,src/common/chat/atCommandParser.ts,src/common/chat/atCommandParser.ts,packages/desktop/src/common/chat/atCommandParser.ts,MOVED-ONLY,37,100.0,100.0
DERIVED-HIGH,src/common/chat/navigation/index.ts,src/common/chat/navigation/index.ts,packages/desktop/src/common/chat/navigation/index.ts,MOVED-ONLY,2,100.0,100.0
DERIVED-HIGH,src/common/chat/slash/availability.ts,src/common/chat/slash/availability.ts,packages/desktop/src/common/chat/slash/availability.ts,MOVED+REWRITTEN,6,100.0,100.0
DERIVED-HIGH,src/common/chat/approval/ApprovalStore.ts,src/common/chat/approval/ApprovalStore.ts,packages/desktop/src/common/chat/approval/ApprovalStore.ts,MOVED-ONLY,14,100.0,100.0
DERIVED-HIGH,src/common/chat/approval/index.ts,src/common/chat/approval/index.ts,packages/desktop/src/common/chat/approval/index.ts,MOVED-ONLY,1,100.0,100.0
DERIVED-HIGH,src/common/platform/register-electron.ts,src/common/platform/register-electron.ts,packages/desktop/src/common/platform/register-electron.ts,MOVED-ONLY,3,100.0,100.0
DERIVED-HIGH,src/common/platform/register-node.ts,src/common/platform/register-node.ts,src/common/platform/register-node.ts,DELETED-OR-UNTRACKED-MOVE,3,100.0,100.0
DERIVED-HIGH,src/common/utils/utils.ts,src/common/utils/utils.ts,packages/desktop/src/common/utils/utils.ts,MOVED+EDITED,25,100.0,100.0
DERIVED-HIGH,src/common/utils/platformAuthType.ts,src/common/utils/platformAuthType.ts,packages/desktop/src/common/utils/platformAuthType.ts,MOVED+EDITED,22,100.0,100.0
DERIVED-HIGH,src/common/utils/platformConstants.ts,src/common/utils/platformConstants.ts,packages/desktop/src/common/utils/platformConstants.ts,MOVED-ONLY,3,100.0,100.0
DERIVED-HIGH,src/common/utils/index.ts,src/common/utils/index.ts,packages/desktop/src/common/utils/index.ts,MOVED-ONLY,1,100.0,100.0
DERIVED-HIGH,src/common/utils/shims/xterm-headless.ts,src/common/utils/shims/xterm-headless.ts,packages/desktop/src/common/utils/shims/xterm-headless.ts,MOVED-ONLY,3,100.0,100.0
DERIVED-HIGH,src/common/adapter/constant.ts,src/common/adapter/constant.ts,packages/desktop/src/common/adapter/constant.ts,MOVED-ONLY,2,100.0,100.0
DERIVED-HIGH,src/common/adapter/registry.ts,src/common/adapter/registry.ts,packages/desktop/src/common/adapter/registry.ts,MOVED+EDITED,12,100.0,100.0
DERIVED-HIGH,src/common/api/ProtocolConverter.ts,src/common/api/ProtocolConverter.ts,packages/desktop/src/common/api/ProtocolConverter.ts,MOVED-ONLY,6,100.0,100.0
DERIVED-HIGH,src/common/api/index.ts,src/common/api/index.ts,packages/desktop/src/common/api/index.ts,MOVED+EDITED,5,100.0,100.0
DERIVED-HIGH,src/process/bridge/databaseBridge.ts,src/process/bridge/databaseBridge.ts,src/process/bridge/databaseBridge.ts,DELETED-OR-UNTRACKED-MOVE,28,100.0,100.0
DERIVED-HIGH,src/process/bridge/migrationUtils.ts,src/process/bridge/migrationUtils.ts,src/process/bridge/migrationUtils.ts,DELETED-OR-UNTRACKED-MOVE,18,100.0,100.0
DERIVED-HIGH,src/process/bridge/speechToTextBridge.ts,src/process/bridge/speechToTextBridge.ts,src/process/bridge/speechToTextBridge.ts,DELETED-OR-UNTRACKED-MOVE,5,100.0,100.0
DERIVED-HIGH,src/process/bridge/geminiBridge.ts,src/process/bridge/geminiBridge.ts,src/process/bridge/geminiBridge.ts,DELETED-OR-UNTRACKED-MOVE,7,100.0,100.0
DERIVED-HIGH,src/process/bridge/starOfficeBridge.ts,src/process/bridge/starOfficeBridge.ts,src/process/bridge/starOfficeBridge.ts,DELETED-OR-UNTRACKED-MOVE,75,100.0,100.0
DERIVED-HIGH,src/process/bridge/previewHistoryBridge.ts,src/process/bridge/previewHistoryBridge.ts,src/process/bridge/previewHistoryBridge.ts,DELETED-OR-UNTRACKED-MOVE,10,100.0,100.0
DERIVED-HIGH,src/process/bridge/geminiConversationBridge.ts,src/process/bridge/geminiConversationBridge.ts,src/process/bridge/geminiConversationBridge.ts,DELETED-OR-UNTRACKED-MOVE,11,100.0,100.0
DERIVED-HIGH,src/process/resources/skills/mermaid/scripts/render.ts,src/process/resources/skills/mermaid/scripts/render.ts,src/process/resources/skills/mermaid/scripts/render.ts,DELETED-OR-UNTRACKED-MOVE,59,100.0,100.0
DERIVED-HIGH,src/process/utils/configureConsole.ts,src/process/utils/configureConsole.ts,src/process/utils/configureConsole.ts,DELETED-OR-UNTRACKED-MOVE,3,100.0,100.0
DERIVED-HIGH,src/process/utils/previewUtils.ts,src/process/utils/previewUtils.ts,src/process/utils/previewUtils.ts,DELETED-OR-UNTRACKED-MOVE,16,100.0,100.0
DERIVED-HIGH,src/process/utils/openclawUtils.ts,src/process/utils/openclawUtils.ts,src/process/utils/openclawUtils.ts,DELETED-OR-UNTRACKED-MOVE,12,100.0,100.0
DERIVED-HIGH,src/process/utils/mainWindowLifecycle.ts,src/process/utils/mainWindowLifecycle.ts,packages/desktop/src/process/utils/mainWindowLifecycle.ts,MOVED+EDITED,15,100.0,100.0
DERIVED-HIGH,src/process/utils/mainLogger.ts,src/process/utils/mainLogger.ts,src/process/utils/mainLogger.ts,DELETED-OR-UNTRACKED-MOVE,14,100.0,100.0
DERIVED-HIGH,src/process/utils/configureConsoleLog.ts,src/process/utils/configureConsoleLog.ts,packages/desktop/src/process/utils/configureConsoleLog.ts,MOVED+REWRITTEN,7,100.0,100.0
DERIVED-HIGH,src/process/agent/gemini/GeminiApprovalStore.ts,src/process/agent/gemini/GeminiApprovalStore.ts,src/process/agent/gemini/GeminiApprovalStore.ts,DELETED-OR-UNTRACKED-MOVE,17,100.0,100.0
DERIVED-HIGH,src/process/agent/gemini/cli/tools/tool-error.ts,src/process/agent/gemini/cli/tools/tool-error.ts,src/process/agent/gemini/cli/tools/tool-error.ts,DELETED-OR-UNTRACKED-MOVE,17,100.0,100.0
DERIVED-HIGH,src/process/agent/gemini/cli/tools/utils.ts,src/process/agent/gemini/cli/tools/utils.ts,packages/desktop/src/common/utils/utils.ts,MOVED+REWRITTEN,9,100.0,100.0
DERIVED-HIGH,src/process/agent/gemini/cli/tools/index.ts,src/process/agent/gemini/cli/tools/index.ts,packages/desktop/src/renderer/api/index.ts,MOVED+REWRITTEN,3,100.0,100.0
DERIVED-HIGH,src/process/agent/gemini/cli/utils/schemaValidator.ts,src/process/agent/gemini/cli/utils/schemaValidator.ts,src/process/agent/gemini/cli/utils/schemaValidator.ts,DELETED-OR-UNTRACKED-MOVE,10,100.0,100.0
DERIVED-HIGH,src/process/agent/acp/constants.ts,src/process/agent/acp/constants.ts,packages/desktop/src/common/theme/constants.ts,MOVED+REWRITTEN,5,100.0,100.0
DERIVED-HIGH,src/process/agent/remote/index.ts,src/process/agent/remote/index.ts,packages/desktop/src/renderer/api/index.ts,MOVED+REWRITTEN,2,100.0,100.0
DERIVED-HIGH,src/process/extensions/protocol/uiProtocol.ts,src/process/extensions/protocol/uiProtocol.ts,src/process/extensions/protocol/uiProtocol.ts,DELETED-OR-UNTRACKED-MOVE,43,100.0,100.0
DERIVED-HIGH,src/process/extensions/resolvers/AcpAdapterResolver.ts,src/process/extensions/resolvers/AcpAdapterResolver.ts,src/process/extensions/resolvers/AcpAdapterResolver.ts,DELETED-OR-UNTRACKED-MOVE,29,100.0,100.0
DERIVED-HIGH,src/process/extensions/resolvers/ModelProviderResolver.ts,src/process/extensions/resolvers/ModelProviderResolver.ts,src/process/extensions/resolvers/ModelProviderResolver.ts,DELETED-OR-UNTRACKED-MOVE,29,100.0,100.0
DERIVED-HIGH,src/process/extensions/resolvers/SkillResolver.ts,src/process/extensions/resolvers/SkillResolver.ts,src/process/extensions/resolvers/SkillResolver.ts,DELETED-OR-UNTRACKED-MOVE,18,100.0,100.0
DERIVED-HIGH,src/process/extensions/resolvers/ThemeResolver.ts,src/process/extensions/resolvers/ThemeResolver.ts,src/process/extensions/resolvers/ThemeResolver.ts,DELETED-OR-UNTRACKED-MOVE,32,100.0,100.0
DERIVED-HIGH,src/process/extensions/resolvers/McpServerResolver.ts,src/process/extensions/resolvers/McpServerResolver.ts,src/process/extensions/resolvers/McpServerResolver.ts,DELETED-OR-UNTRACKED-MOVE,14,100.0,100.0
DERIVED-HIGH,src/process/extensions/resolvers/utils/fileResolver.ts,src/process/extensions/resolvers/utils/fileResolver.ts,src/process/extensions/resolvers/utils/fileResolver.ts,DELETED-OR-UNTRACKED-MOVE,41,100.0,100.0
DERIVED-HIGH,src/process/extensions/resolvers/utils/entryPointResolver.ts,src/process/extensions/resolvers/utils/entryPointResolver.ts,src/process/extensions/resolvers/utils/entryPointResolver.ts,DELETED-OR-UNTRACKED-MOVE,25,100.0,100.0
DERIVED-HIGH,src/process/webserver/middleware/security.ts,src/process/webserver/middleware/security.ts,src/process/webserver/middleware/security.ts,DELETED-OR-UNTRACKED-MOVE,22,100.0,100.0
DERIVED-HIGH,src/process/webserver/types/express.d.ts,src/process/webserver/types/express.d.ts,src/process/webserver/types/express.d.ts,DELETED-OR-UNTRACKED-MOVE,4,100.0,100.0
DERIVED-HIGH,src/process/webserver/auth/index.ts,src/process/webserver/auth/index.ts,packages/desktop/src/renderer/api/index.ts,MOVED+REWRITTEN,7,100.0,100.0
DERIVED-HIGH,src/process/webserver/routes/weixinLoginRoutes.ts,src/process/webserver/routes/weixinLoginRoutes.ts,src/process/webserver/routes/weixinLoginRoutes.ts,DELETED-OR-UNTRACKED-MOVE,14,100.0,100.0
DERIVED-HIGH,src/process/task/AgentFactory.ts,src/process/task/AgentFactory.ts,src/process/task/AgentFactory.ts,DELETED-OR-UNTRACKED-MOVE,13,100.0,100.0
DERIVED-HIGH,src/process/task/IAgentEventEmitter.ts,src/process/task/IAgentEventEmitter.ts,src/process/task/IAgentEventEmitter.ts,DELETED-OR-UNTRACKED-MOVE,11,100.0,100.0
DERIVED-HIGH,src/process/task/IAgentFactory.ts,src/process/task/IAgentFactory.ts,src/process/task/IAgentFactory.ts,DELETED-OR-UNTRACKED-MOVE,11,100.0,100.0
DERIVED-HIGH,src/process/worker/utils.ts,src/process/worker/utils.ts,packages/desktop/src/common/utils/utils.ts,MOVED+REWRITTEN,10,100.0,100.0
DERIVED-HIGH,src/process/worker/WorkerProtocol.ts,src/process/worker/WorkerProtocol.ts,src/process/worker/WorkerProtocol.ts,DELETED-OR-UNTRACKED-MOVE,8,100.0,100.0
DERIVED-HIGH,src/process/services/geminiSubscription.ts,src/process/services/geminiSubscription.ts,src/process/services/geminiSubscription.ts,DELETED-OR-UNTRACKED-MOVE,27,100.0,100.0
DERIVED-HIGH,src/process/services/conversationServiceSingleton.ts,src/process/services/conversationServiceSingleton.ts,src/process/services/conversationServiceSingleton.ts,DELETED-OR-UNTRACKED-MOVE,5,100.0,100.0
DERIVED-HIGH,src/process/services/database/IChannelRepository.ts,src/process/services/database/IChannelRepository.ts,src/process/services/database/IChannelRepository.ts,DELETED-OR-UNTRACKED-MOVE,7,100.0,100.0
DERIVED-HIGH,src/process/services/cron/SqliteCronRepository.ts,src/process/services/cron/SqliteCronRepository.ts,src/process/services/cron/SqliteCronRepository.ts,DELETED-OR-UNTRACKED-MOVE,19,100.0,100.0
DERIVED-HIGH,src/process/services/cron/ICronRepository.ts,src/process/services/cron/ICronRepository.ts,src/process/services/cron/ICronRepository.ts,DELETED-OR-UNTRACKED-MOVE,10,100.0,100.0
DERIVED-HIGH,src/process/channels/pairing/index.ts,src/process/channels/pairing/index.ts,packages/desktop/src/renderer/api/index.ts,MOVED+REWRITTEN,1,100.0,100.0
DERIVED-HIGH,src/process/channels/plugins/dingtalk/index.ts,src/process/channels/plugins/dingtalk/index.ts,packages/desktop/src/renderer/api/index.ts,MOVED+REWRITTEN,3,100.0,100.0
DERIVED-HIGH,src/process/channels/plugins/lark/index.ts,src/process/channels/plugins/lark/index.ts,packages/desktop/src/renderer/api/index.ts,MOVED+REWRITTEN,3,100.0,100.0
DERIVED-HIGH,src/process/channels/plugins/weixin/index.ts,src/process/channels/plugins/weixin/index.ts,packages/desktop/src/process/utils/initBridge.ts,MOVED+EDITED,1,100.0,100.0
DERIVED-HIGH,src/process/channels/plugins/telegram/index.ts,src/process/channels/plugins/telegram/index.ts,packages/desktop/src/renderer/api/index.ts,MOVED+REWRITTEN,3,100.0,100.0
DERIVED-HIGH,src/process/channels/utils/index.ts,src/process/channels/utils/index.ts,packages/desktop/src/renderer/api/index.ts,MOVED+REWRITTEN,3,100.0,100.0
DERIVED-HIGH,src/process/channels/agent/index.ts,src/process/channels/agent/index.ts,packages/desktop/src/renderer/pages/guid/types.ts,MOVED+EDITED,1,100.0,100.0
DERIVED-HIGH,src/process/channels/actions/index.ts,src/process/channels/actions/index.ts,packages/desktop/src/renderer/api/index.ts,MOVED+REWRITTEN,3,100.0,100.0
DERIVED-HIGH,src/process/channels/gateway/index.ts,src/process/channels/gateway/index.ts,packages/desktop/src/renderer/api/index.ts,MOVED+REWRITTEN,2,100.0,100.0
DERIVED-HIGH,src/process/utils/index.ts,src/process/utils/index.ts,packages/desktop/src/process/utils/index.ts,MOVED+EDITED,2,100.0,90.0
DERIVED-HIGH,src/renderer/pages/conversation/components/ConversationTitleMinimap/minimapUtils.ts,src/renderer/pages/conversation/components/ConversationTitleMinimap/minimapUtils.ts,packages/desktop/src/renderer/pages/conversation/components/ConversationTitleMinimap/minimapUtils.ts,MOVED-ONLY,113,99.1,100.0
DERIVED-HIGH,tests/integration/webui-pwa-build.test.ts,tests/integration/webui-pwa-build.test.ts,tests/integration/webui-pwa-build.test.ts,DELETED-OR-UNTRACKED-MOVE,86,98.8,100.0
DERIVED-HIGH,src/renderer/utils/chat/conversationExport.ts,src/renderer/utils/chat/conversationExport.ts,packages/desktop/src/renderer/utils/chat/conversationExport.ts,MOVED+EDITED,68,98.5,100.0
DERIVED-HIGH,src/renderer/pages/conversation/Preview/components/renderers/htmlInspectScript.ts,src/renderer/pages/conversation/Preview/components/renderers/htmlInspectScript.ts,packages/desktop/src/renderer/pages/conversation/Preview/components/renderers/htmlInspectScript.ts,MOVED-ONLY,65,98.5,100.0
DERIVED-HIGH,src/renderer/pages/conversation/Preview/components/viewers/OfficeWatchViewer.tsx,src/renderer/pages/conversation/Preview/components/viewers/OfficeWatchViewer.tsx,packages/desktop/src/renderer/pages/conversation/Preview/components/viewers/OfficeWatchViewer.tsx,MOVED+REWRITTEN,66,98.5,100.0
DERIVED-HIGH,src/process/agent/gemini/cli/extension.ts,src/process/agent/gemini/cli/extension.ts,src/process/agent/gemini/cli/extension.ts,DELETED-OR-UNTRACKED-MOVE,65,98.5,100.0
DERIVED-HIGH,src/common/api/ApiKeyManager.ts,src/common/api/ApiKeyManager.ts,packages/desktop/src/common/api/ApiKeyManager.ts,MOVED+EDITED,63,98.4,100.0
DERIVED-HIGH,src/common/api/RotatingApiClient.ts,src/common/api/RotatingApiClient.ts,packages/desktop/src/common/api/RotatingApiClient.ts,MOVED+EDITED,64,98.4,100.0
DERIVED-HIGH,src/process/agent/openclaw/types.ts,src/process/agent/openclaw/types.ts,packages/desktop/src/renderer/api/types.ts,MOVED+REWRITTEN,62,98.4,100.0
DERIVED-HIGH,tests/unit/inlineAgentEditorUtils.test.ts,tests/unit/inlineAgentEditorUtils.test.ts,tests/unit/inlineAgentEditorUtils.test.ts,DELETED-OR-UNTRACKED-MOVE,60,98.3,100.0
DERIVED-HIGH,tests/unit/test_acp_connection_disconnect.ts,tests/unit/test_acp_connection_disconnect.ts,tests/unit/test_acp_connection_disconnect.ts,DELETED-OR-UNTRACKED-MOVE,53,98.1,100.0
DERIVED-HIGH,tests/unit/chat/conversationIndex.dom.test.tsx,tests/unit/chat/conversationIndex.dom.test.tsx,tests/unit/chat/conversationIndex.dom.test.tsx,DELETED-OR-UNTRACKED-MOVE,46,97.8,100.0
DERIVED-HIGH,src/renderer/pages/conversation/Messages/codex/ToolCallComponent/GenericDisplay.tsx,src/renderer/pages/conversation/Messages/codex/ToolCallComponent/GenericDisplay.tsx,src/renderer/pages/conversation/Messages/codex/ToolCallComponent/GenericDisplay.tsx,DELETED-OR-UNTRACKED-MOVE,41,97.6,100.0
DERIVED-HIGH,src/renderer/utils/ui/runtimePatches.ts,src/renderer/utils/ui/runtimePatches.ts,packages/desktop/src/renderer/utils/ui/runtimePatches.ts,MOVED-ONLY,80,97.5,100.0
DERIVED-HIGH,src/renderer/hooks/assistant/useAssistantSkills.ts,src/renderer/hooks/assistant/useAssistantSkills.ts,src/renderer/hooks/assistant/useAssistantSkills.ts,DELETED-OR-UNTRACKED-MOVE,81,97.5,98.8
DERIVED-HIGH,tests/unit/geminiToolNameCompat.test.ts,tests/unit/geminiToolNameCompat.test.ts,tests/unit/geminiToolNameCompat.test.ts,DELETED-OR-UNTRACKED-MOVE,37,97.3,100.0
DERIVED-HIGH,src/renderer/hooks/ui/useColorScheme.ts,src/renderer/hooks/ui/useColorScheme.ts,src/renderer/hooks/ui/useColorScheme.ts,DELETED-OR-UNTRACKED-MOVE,37,97.3,96.2
DERIVED-HIGH,src/renderer/pages/conversation/Workspace/hooks/useWorkspaceEvents.ts,src/renderer/pages/conversation/Workspace/hooks/useWorkspaceEvents.ts,src/renderer/pages/conversation/Workspace/hooks/useWorkspaceEvents.ts,DELETED-OR-UNTRACKED-MOVE,71,97.2,100.0
DERIVED-HIGH,src/process/channels/actions/types.ts,src/process/channels/actions/types.ts,packages/desktop/src/renderer/api/types.ts,MOVED+REWRITTEN,36,97.2,98.5
DERIVED-HIGH,src/renderer/pages/conversation/Preview/components/viewers/DiffViewer.tsx,src/renderer/pages/conversation/Preview/components/viewers/DiffViewer.tsx,packages/desktop/src/renderer/pages/conversation/Preview/components/viewers/DiffViewer.tsx,MOVED+EDITED,98,96.9,97.4
DERIVED-HIGH,src/process/worker/fork/pipe.ts,src/process/worker/fork/pipe.ts,src/process/worker/fork/pipe.ts,DELETED-OR-UNTRACKED-MOVE,64,96.9,83.3
DERIVED-HIGH,src/process/agent/gemini/cli/tools/tools.ts,src/process/agent/gemini/cli/tools/tools.ts,src/process/agent/gemini/cli/tools/tools.ts,DELETED-OR-UNTRACKED-MOVE,124,96.8,100.0
DERIVED-HIGH,src/process/extensions/resolvers/I18nResolver.ts,src/process/extensions/resolvers/I18nResolver.ts,src/process/extensions/resolvers/I18nResolver.ts,DELETED-OR-UNTRACKED-MOVE,63,96.8,100.0
DERIVED-HIGH,src/process/bridge/workspaceSnapshotBridge.ts,src/process/bridge/workspaceSnapshotBridge.ts,src/process/bridge/workspaceSnapshotBridge.ts,DELETED-OR-UNTRACKED-MOVE,31,96.8,96.0
DERIVED-HIGH,src/renderer/components/chat/EmojiPicker.tsx,src/renderer/components/chat/EmojiPicker.tsx,packages/desktop/src/renderer/components/chat/EmojiPicker.tsx,MOVED+EDITED,57,96.5,98.5
DERIVED-HIGH,src/process/agent/acp/ApprovalStore.ts,src/process/agent/acp/ApprovalStore.ts,packages/desktop/src/common/chat/approval/ApprovalStore.ts,MOVED+REWRITTEN,28,96.4,100.0
DERIVED-HIGH,src/renderer/utils/ui/ModalHOC.tsx,src/renderer/utils/ui/ModalHOC.tsx,packages/desktop/src/renderer/utils/ui/ModalHOC.tsx,MOVED-ONLY,27,96.3,100.0
DERIVED-HIGH,src/renderer/pages/conversation/Preview/hooks/useTabOverflow.ts,src/renderer/pages/conversation/Preview/hooks/useTabOverflow.ts,packages/desktop/src/renderer/pages/conversation/Preview/hooks/useTabOverflow.ts,MOVED-ONLY,27,96.3,100.0
DERIVED-HIGH,src/process/extensions/sandbox/sandboxWorker.ts,src/process/extensions/sandbox/sandboxWorker.ts,src/process/extensions/sandbox/sandboxWorker.ts,DELETED-OR-UNTRACKED-MOVE,82,96.3,98.1
DERIVED-HIGH,src/process/services/conversionService.ts,src/process/services/conversionService.ts,src/process/services/conversionService.ts,DELETED-OR-UNTRACKED-MOVE,206,96.1,99.3
DERIVED-HIGH,src/common/api/OpenAI2GeminiConverter.ts,src/common/api/OpenAI2GeminiConverter.ts,packages/desktop/src/common/api/OpenAI2GeminiConverter.ts,MOVED+EDITED,75,96.0,100.0
DERIVED-HIGH,tests/unit/schema.test.ts,tests/unit/schema.test.ts,tests/unit/schema.test.ts,DELETED-OR-UNTRACKED-MOVE,25,96.0,97.5
DERIVED-HIGH,src/renderer/styles/colors.ts,src/renderer/styles/colors.ts,packages/desktop/src/renderer/styles/colors.ts,MOVED+EDITED,50,96.0,95.7
DERIVED-HIGH,src/process/extensions/lifecycle/ExtensionEventBus.ts,src/process/extensions/lifecycle/ExtensionEventBus.ts,src/process/extensions/lifecycle/ExtensionEventBus.ts,DELETED-OR-UNTRACKED-MOVE,24,95.8,100.0
DERIVED-HIGH,src/renderer/pages/guid/hooks/useAgentAvailability.ts,src/renderer/pages/guid/hooks/useAgentAvailability.ts,src/renderer/pages/guid/hooks/useAgentAvailability.ts,DELETED-OR-UNTRACKED-MOVE,23,95.7,100.0
DERIVED-HIGH,src/common/chat/navigation/NavigationInterceptor.ts,src/common/chat/navigation/NavigationInterceptor.ts,packages/desktop/src/common/chat/navigation/NavigationInterceptor.ts,MOVED+EDITED,69,95.7,100.0
DERIVED-HIGH,src/process/agent/gemini/cli/ide/ideContext.ts,src/process/agent/gemini/cli/ide/ideContext.ts,src/process/agent/gemini/cli/ide/ideContext.ts,DELETED-OR-UNTRACKED-MOVE,45,95.6,100.0
DERIVED-HIGH,src/renderer/pages/conversation/platforms/gemini/useGeminiInitialMessage.ts,src/renderer/pages/conversation/platforms/gemini/useGeminiInitialMessage.ts,src/renderer/pages/conversation/platforms/gemini/useGeminiInitialMessage.ts,DELETED-OR-UNTRACKED-MOVE,44,95.5,100.0
DERIVED-HIGH,tests/integration/i18n-packaged.test.ts,tests/integration/i18n-packaged.test.ts,tests/integration/i18n-packaged.test.ts,DELETED-OR-UNTRACKED-MOVE,65,95.4,100.0
DERIVED-HIGH,src/process/agent/openclaw/deviceIdentity.ts,src/process/agent/openclaw/deviceIdentity.ts,src/process/agent/openclaw/deviceIdentity.ts,DELETED-OR-UNTRACKED-MOVE,65,95.4,100.0
DERIVED-HIGH,src/renderer/components/settings/FontSizeControl.tsx,src/renderer/components/settings/FontSizeControl.tsx,packages/desktop/src/renderer/components/settings/ScaleControl.tsx,MOVED+EDITED,43,95.3,100.0
DERIVED-HIGH,src/renderer/hooks/mcp/useMcpModal.ts,src/renderer/hooks/mcp/useMcpModal.ts,packages/desktop/src/renderer/hooks/mcp/useMcpModal.ts,MOVED-ONLY,21,95.2,100.0
DERIVED-HIGH,src/renderer/pages/conversation/GroupedHistory/hooks/useDragAndDrop.ts,src/renderer/pages/conversation/GroupedHistory/hooks/useDragAndDrop.ts,packages/desktop/src/renderer/pages/conversation/GroupedHistory/hooks/useDragAndDrop.ts,MOVED+EDITED,62,95.2,100.0
DERIVED-HIGH,src/renderer/pages/conversation/Preview/components/PreviewPanel/PreviewContextMenu.tsx,src/renderer/pages/conversation/Preview/components/PreviewPanel/PreviewContextMenu.tsx,packages/desktop/src/renderer/pages/conversation/Preview/components/PreviewPanel/PreviewContextMenu.tsx,MOVED-ONLY,42,95.2,100.0
DERIVED-HIGH,src/renderer/pages/conversation/components/ChatLayout/MobileWorkspaceOverlay.tsx,src/renderer/pages/conversation/components/ChatLayout/MobileWorkspaceOverlay.tsx,packages/desktop/src/renderer/pages/conversation/components/ChatLayout/MobileWorkspaceOverlay.tsx,MOVED+EDITED,42,95.2,98.1
DERIVED-HIGH,src/renderer/components/settings/SettingsModal/contents/channels/ChannelHeader.tsx,src/renderer/components/settings/SettingsModal/contents/channels/ChannelHeader.tsx,packages/desktop/src/renderer/components/settings/SettingsModal/contents/channels/ChannelHeader.tsx,MOVED+EDITED,42,95.2,98.0
DERIVED-HIGH,src/renderer/hooks/chat/useSlashCommands.ts,src/renderer/hooks/chat/useSlashCommands.ts,packages/desktop/src/renderer/hooks/chat/useSlashCommands.ts,MOVED+EDITED,41,95.1,100.0
DERIVED-HIGH,src/process/bridge/services/ActivitySnapshotBuilder.ts,src/process/bridge/services/ActivitySnapshotBuilder.ts,src/process/bridge/services/ActivitySnapshotBuilder.ts,DELETED-OR-UNTRACKED-MOVE,101,95.0,97.8
DERIVED-HIGH,tests/unit/OpenClawAgentManagerBootstrap.test.ts,tests/unit/OpenClawAgentManagerBootstrap.test.ts,tests/unit/OpenClawAgentManagerBootstrap.test.ts,DELETED-OR-UNTRACKED-MOVE,58,94.8,100.0
DERIVED-HIGH,tests/unit/btwOverlay.dom.test.tsx,tests/unit/btwOverlay.dom.test.tsx,tests/unit/btwOverlay.dom.test.tsx,DELETED-OR-UNTRACKED-MOVE,19,94.7,100.0
DERIVED-HIGH,tests/unit/chat/messageHistory.test.ts,tests/unit/chat/messageHistory.test.ts,tests/unit/chat/messageHistory.test.ts,DELETED-OR-UNTRACKED-MOVE,38,94.7,100.0
DERIVED-HIGH,src/renderer/hooks/agent/useMultiAgentDetection.tsx,src/renderer/hooks/agent/useMultiAgentDetection.tsx,src/renderer/hooks/agent/useMultiAgentDetection.tsx,DELETED-OR-UNTRACKED-MOVE,19,94.7,100.0
DERIVED-HIGH,tests/unit/chat/sendboxHistory.dom.test.tsx,tests/unit/chat/sendboxHistory.dom.test.tsx,tests/unit/chat/sendboxHistory.dom.test.tsx,DELETED-OR-UNTRACKED-MOVE,111,94.6,100.0
DERIVED-HIGH,src/process/agent/openclaw/openclawConfig.ts,src/process/agent/openclaw/openclawConfig.ts,src/process/agent/openclaw/openclawConfig.ts,DELETED-OR-UNTRACKED-MOVE,55,94.5,100.0
DERIVED-HIGH,tests/unit/acpStartupError.test.ts,tests/unit/acpStartupError.test.ts,tests/unit/acpStartupError.test.ts,DELETED-OR-UNTRACKED-MOVE,36,94.4,100.0
DERIVED-HIGH,src/renderer/utils/ui/siderTooltip.ts,src/renderer/utils/ui/siderTooltip.ts,packages/desktop/src/renderer/utils/ui/siderTooltip.ts,MOVED+EDITED,18,94.4,100.0
DERIVED-HIGH,src/renderer/hooks/file/useDiffPreviewHandlers.ts,src/renderer/hooks/file/useDiffPreviewHandlers.ts,packages/desktop/src/renderer/hooks/file/useDiffPreviewHandlers.ts,MOVED+EDITED,18,94.4,100.0
DERIVED-HIGH,src/renderer/pages/conversation/GroupedHistory/utils/visibleConversationOrder.ts,src/renderer/pages/conversation/GroupedHistory/utils/visibleConversationOrder.ts,packages/desktop/src/renderer/pages/conversation/GroupedHistory/utils/visibleConversationOrder.ts,MOVED-ONLY,18,94.4,100.0
DERIVED-HIGH,src/renderer/pages/conversation/components/ChatTitleEditor.tsx,src/renderer/pages/conversation/components/ChatTitleEditor.tsx,packages/desktop/src/renderer/pages/conversation/components/ChatTitleEditor.tsx,MOVED+EDITED,36,94.4,100.0
DERIVED-HIGH,tests/unit/platform/inlinePlatformServices.test.ts,tests/unit/platform/inlinePlatformServices.test.ts,tests/unit/platform/inlinePlatformServices.test.ts,DELETED-OR-UNTRACKED-MOVE,18,94.4,96.2
DERIVED-HIGH,tests/unit/deviceAuthStore.test.ts,tests/unit/deviceAuthStore.test.ts,tests/unit/deviceAuthStore.test.ts,DELETED-OR-UNTRACKED-MOVE,35,94.3,100.0
DERIVED-HIGH,src/process/agent/gemini/cli/settings.ts,src/process/agent/gemini/cli/settings.ts,src/process/agent/gemini/cli/settings.ts,DELETED-OR-UNTRACKED-MOVE,193,94.3,100.0
DERIVED-HIGH,tests/e2e/specs/ext-capabilities.e2e.ts,tests/e2e/specs/ext-capabilities.e2e.ts,tests/e2e/specs/ext-capabilities.e2e.ts,EDITED-IN-PLACE,70,94.3,99.0
DERIVED-HIGH,src/process/channels/plugins/telegram/TelegramKeyboards.ts,src/process/channels/plugins/telegram/TelegramKeyboards.ts,src/process/channels/plugins/telegram/TelegramKeyboards.ts,DELETED-OR-UNTRACKED-MOVE,52,94.2,100.0
DERIVED-HIGH,src/process/extensions/resolvers/ChannelPluginResolver.ts,src/process/extensions/resolvers/ChannelPluginResolver.ts,src/process/extensions/resolvers/ChannelPluginResolver.ts,DELETED-OR-UNTRACKED-MOVE,103,94.2,92.8
DERIVED-HIGH,tests/unit/base64.test.ts,tests/unit/base64.test.ts,tests/unit/renderer/utils/base64.test.ts,MOVED+REWRITTEN,34,94.1,100.0
DERIVED-HIGH,tests/unit/fileChanges.test.ts,tests/unit/fileChanges.test.ts,tests/unit/fileChanges.test.ts,DELETED-OR-UNTRACKED-MOVE,34,94.1,100.0
DERIVED-HIGH,src/renderer/pages/guid/utils/caretUtils.ts,src/renderer/pages/guid/utils/caretUtils.ts,packages/desktop/src/renderer/pages/guid/utils/caretUtils.ts,MOVED-ONLY,17,94.1,100.0
DERIVED-HIGH,src/renderer/pages/conversation/utils/detectPlatform.ts,src/renderer/pages/conversation/utils/detectPlatform.ts,packages/desktop/src/renderer/pages/conversation/utils/detectPlatform.ts,MOVED-ONLY,17,94.1,100.0
DERIVED-HIGH,src/process/channels/agent/ChannelEventBus.ts,src/process/channels/agent/ChannelEventBus.ts,src/process/channels/agent/ChannelEventBus.ts,DELETED-OR-UNTRACKED-MOVE,17,94.1,100.0
DERIVED-HIGH,src/process/bridge/notificationBridge.ts,src/process/bridge/notificationBridge.ts,packages/desktop/src/process/bridge/notificationBridge.ts,MOVED+EDITED,17,94.1,95.5
DERIVED-HIGH,src/process/index.ts,src/process/index.ts,packages/desktop/src/process/index.ts,MOVED+EDITED,17,94.1,95.2
DERIVED-HIGH,src/common/update/models/VersionInfo.ts,src/common/update/models/VersionInfo.ts,packages/desktop/src/common/update/models/VersionInfo.ts,MOVED-ONLY,66,93.9,100.0
DERIVED-HIGH,src/process/worker/gemini.ts,src/process/worker/gemini.ts,src/process/worker/gemini.ts,DELETED-OR-UNTRACKED-MOVE,33,93.9,96.0
DERIVED-HIGH,tests/unit/EditModeModal.dom.test.tsx,tests/unit/EditModeModal.dom.test.tsx,tests/unit/EditModeModal.dom.test.tsx,DELETED-OR-UNTRACKED-MOVE,97,93.8,99.2
DERIVED-HIGH,tests/unit/test_version_info.ts,tests/unit/test_version_info.ts,tests/unit/test_version_info.ts,DELETED-OR-UNTRACKED-MOVE,79,93.7,100.0
DERIVED-HIGH,src/process/agent/gemini/cli/types.ts,src/process/agent/gemini/cli/types.ts,packages/desktop/src/renderer/api/types.ts,MOVED+REWRITTEN,63,93.7,100.0
DERIVED-HIGH,src/renderer/pages/conversation/Preview/components/PreviewPanel/PreviewHistoryDropdown.tsx,src/renderer/pages/conversation/Preview/components/PreviewPanel/PreviewHistoryDropdown.tsx,packages/desktop/src/renderer/pages/conversation/Preview/components/PreviewPanel/PreviewHistoryDropdown.tsx,MOVED+EDITED,31,93.5,100.0
DERIVED-HIGH,src/renderer/pages/conversation/Preview/hooks/usePreviewHistory.ts,src/renderer/pages/conversation/Preview/hooks/usePreviewHistory.ts,packages/desktop/src/renderer/pages/conversation/Preview/hooks/usePreviewHistory.ts,MOVED+EDITED,62,93.5,100.0
DERIVED-HIGH,src/renderer/pages/conversation/Workspace/hooks/useWorkspaceSearch.ts,src/renderer/pages/conversation/Workspace/hooks/useWorkspaceSearch.ts,src/renderer/pages/conversation/Workspace/hooks/useWorkspaceSearch.ts,DELETED-OR-UNTRACKED-MOVE,30,93.3,100.0
DERIVED-HIGH,src/process/task/IpcAgentEventEmitter.ts,src/process/task/IpcAgentEventEmitter.ts,src/process/task/IpcAgentEventEmitter.ts,DELETED-OR-UNTRACKED-MOVE,15,93.3,100.0
DERIVED-HIGH,src/renderer/hooks/ui/useResizableSplit.tsx,src/renderer/hooks/ui/useResizableSplit.tsx,packages/desktop/src/renderer/hooks/ui/useResizableSplit.tsx,MOVED+EDITED,103,93.2,100.0
DERIVED-HIGH,src/renderer/hooks/file/useDragUpload.ts,src/renderer/hooks/file/useDragUpload.ts,packages/desktop/src/renderer/hooks/file/useDragUpload.ts,MOVED+EDITED,44,93.2,100.0
DERIVED-HIGH,src/renderer/pages/conversation/GroupedHistory/hooks/useBatchSelection.ts,src/renderer/pages/conversation/GroupedHistory/hooks/useBatchSelection.ts,packages/desktop/src/renderer/pages/conversation/GroupedHistory/hooks/useBatchSelection.ts,MOVED+EDITED,29,93.1,100.0
DERIVED-HIGH,src/process/extensions/resolvers/SettingsTabResolver.ts,src/process/extensions/resolvers/SettingsTabResolver.ts,src/process/extensions/resolvers/SettingsTabResolver.ts,DELETED-OR-UNTRACKED-MOVE,72,93.1,95.6
DERIVED-HIGH,src/renderer/pages/conversation/Messages/codex/ToolCallComponent/McpToolDisplay.tsx,src/renderer/pages/conversation/Messages/codex/ToolCallComponent/McpToolDisplay.tsx,src/renderer/pages/conversation/Messages/codex/ToolCallComponent/McpToolDisplay.tsx,DELETED-OR-UNTRACKED-MOVE,43,93.0,100.0
DERIVED-HIGH,src/process/agent/gemini/cli/config.ts,src/process/agent/gemini/cli/config.ts,src/process/agent/gemini/cli/config.ts,DELETED-OR-UNTRACKED-MOVE,171,93.0,97.7
DERIVED-HIGH,src/renderer/components/media/LocalImageView.tsx,src/renderer/components/media/LocalImageView.tsx,packages/desktop/src/renderer/components/media/LocalImageView.tsx,MOVED+EDITED,28,92.9,93.1
DERIVED-HIGH,src/renderer/hooks/file/useDirectorySelection.tsx,src/renderer/hooks/file/useDirectorySelection.tsx,packages/desktop/src/renderer/hooks/file/useDirectorySelection.tsx,MOVED+EDITED,27,92.6,100.0
DERIVED-HIGH,src/common/types/codex/utils/permissionUtils.ts,src/common/types/codex/utils/permissionUtils.ts,src/common/types/codex/utils/permissionUtils.ts,DELETED-OR-UNTRACKED-MOVE,54,92.6,100.0
DERIVED-HIGH,tests/unit/mainWindowLifecycle.test.ts,tests/unit/mainWindowLifecycle.test.ts,tests/unit/mainWindowLifecycle.test.ts,DELETED-OR-UNTRACKED-MOVE,40,92.5,100.0
DERIVED-HIGH,tests/unit/webuiServiceWorker.test.ts,tests/unit/webuiServiceWorker.test.ts,tests/unit/webuiServiceWorker.test.ts,DELETED-OR-UNTRACKED-MOVE,53,92.5,100.0
DERIVED-HIGH,src/renderer/pages/conversation/components/ChatHistory.tsx,src/renderer/pages/conversation/components/ChatHistory.tsx,packages/desktop/src/renderer/pages/conversation/components/ChatHistory.tsx,MOVED+EDITED,120,92.5,96.1
DERIVED-HIGH,src/renderer/hooks/file/useConversationExport.tsx,src/renderer/hooks/file/useConversationExport.tsx,packages/desktop/src/renderer/hooks/file/useConversationExport.tsx,MOVED+EDITED,132,92.4,100.0
DERIVED-HIGH,src/process/agent/gemini/cli/oauthTokenManager.ts,src/process/agent/gemini/cli/oauthTokenManager.ts,src/process/agent/gemini/cli/oauthTokenManager.ts,DELETED-OR-UNTRACKED-MOVE,118,92.4,100.0
DERIVED-HIGH,tests/unit/renderer/conversationCommandQueue.drag.dom.test.tsx,tests/unit/renderer/conversationCommandQueue.drag.dom.test.tsx,tests/unit/renderer/conversationCommandQueue.drag.dom.test.tsx,DELETED-OR-UNTRACKED-MOVE,65,92.3,100.0
DERIVED-HIGH,tests/unit/renderer/hooks/useSendBoxDraft.dom.test.ts,tests/unit/renderer/hooks/useSendBoxDraft.dom.test.ts,tests/unit/renderer/hooks/useSendBoxDraft.dom.test.ts,DELETED-OR-UNTRACKED-MOVE,13,92.3,100.0
DERIVED-HIGH,src/renderer/pages/guid/hooks/useTypewriterPlaceholder.ts,src/renderer/pages/guid/hooks/useTypewriterPlaceholder.ts,packages/desktop/src/renderer/pages/guid/hooks/useTypewriterPlaceholder.ts,MOVED-ONLY,13,92.3,100.0
DERIVED-HIGH,src/process/bridge/__tests__/webuiQR.test.ts,src/process/bridge/__tests__/webuiQR.test.ts,src/process/bridge/__tests__/webuiQR.test.ts,DELETED-OR-UNTRACKED-MOVE,26,92.3,100.0
DERIVED-HIGH,src/process/channels/actions/ChatActions.ts,src/process/channels/actions/ChatActions.ts,src/process/channels/actions/ChatActions.ts,DELETED-OR-UNTRACKED-MOVE,52,92.3,100.0
DERIVED-HIGH,src/process/agent/openclaw/OpenClawGatewayConnection.ts,src/process/agent/openclaw/OpenClawGatewayConnection.ts,src/process/agent/openclaw/OpenClawGatewayConnection.ts,DELETED-OR-UNTRACKED-MOVE,207,92.3,99.4
DERIVED-HIGH,src/renderer/hooks/agent/useModeModeList.ts,src/renderer/hooks/agent/useModeModeList.ts,packages/desktop/src/renderer/hooks/agent/useModeModeList.ts,MOVED+REWRITTEN,39,92.3,97.1
DERIVED-HIGH,src/process/channels/index.ts,src/process/channels/index.ts,packages/desktop/src/renderer/api/index.ts,MOVED+REWRITTEN,13,92.3,95.7
DERIVED-HIGH,src/renderer/pages/settings/ToolsSettings/McpAgentStatusDisplay.tsx,src/renderer/pages/settings/ToolsSettings/McpAgentStatusDisplay.tsx,src/renderer/pages/settings/ToolsSettings/McpAgentStatusDisplay.tsx,DELETED-OR-UNTRACKED-MOVE,39,92.3,95.0
DERIVED-HIGH,tests/unit/geminiConversationBridge.test.ts,tests/unit/geminiConversationBridge.test.ts,tests/unit/geminiConversationBridge.test.ts,DELETED-OR-UNTRACKED-MOVE,38,92.1,100.0
DERIVED-HIGH,src/renderer/pages/guid/hooks/useGuidMention.ts,src/renderer/pages/guid/hooks/useGuidMention.ts,src/renderer/pages/guid/hooks/useGuidMention.ts,DELETED-OR-UNTRACKED-MOVE,89,92.1,95.7
DERIVED-HIGH,src/renderer/utils/ui/HOC.tsx,src/renderer/utils/ui/HOC.tsx,packages/desktop/src/renderer/utils/ui/HOC.tsx,MOVED-ONLY,25,92.0,100.0
DERIVED-HIGH,tests/unit/ConversationSearchPopover.dom.test.tsx,tests/unit/ConversationSearchPopover.dom.test.tsx,tests/unit/ConversationSearchPopover.dom.test.tsx,DELETED-OR-UNTRACKED-MOVE,88,92.0,99.2
DERIVED-HIGH,src/renderer/pages/conversation/components/ConversationTitleMinimap/index.tsx,src/renderer/pages/conversation/components/ConversationTitleMinimap/index.tsx,packages/desktop/src/renderer/pages/conversation/components/ConversationTitleMinimap/index.tsx,MOVED+EDITED,88,92.0,99.2
DERIVED-HIGH,src/process/bridge/remoteAgentBridge.ts,src/process/bridge/remoteAgentBridge.ts,src/process/bridge/remoteAgentBridge.ts,DELETED-OR-UNTRACKED-MOVE,110,91.8,96.9
DERIVED-HIGH,src/renderer/utils/chat/latexDelimiters.ts,src/renderer/utils/chat/latexDelimiters.ts,packages/desktop/src/renderer/utils/chat/latexDelimiters.ts,MOVED-ONLY,12,91.7,100.0
DERIVED-HIGH,src/renderer/components/settings/SettingsModal/contents/SystemModalContent/DirInputItem.tsx,src/renderer/components/settings/SettingsModal/contents/SystemModalContent/DirInputItem.tsx,packages/desktop/src/renderer/components/settings/SettingsModal/contents/SystemModalContent/DirInputItem.tsx,MOVED+REWRITTEN,24,91.7,97.4
DERIVED-HIGH,src/process/services/cron/cronServiceSingleton.ts,src/process/services/cron/cronServiceSingleton.ts,src/process/services/cron/cronServiceSingleton.ts,DELETED-OR-UNTRACKED-MOVE,12,91.7,92.3
DERIVED-HIGH,src/process/webserver/auth/middleware/TokenMiddleware.ts,src/process/webserver/auth/middleware/TokenMiddleware.ts,src/process/webserver/auth/middleware/TokenMiddleware.ts,DELETED-OR-UNTRACKED-MOVE,59,91.5,100.0
DERIVED-HIGH,src/renderer/components/settings/SettingsModal/contents/GeminiModalContent.tsx,src/renderer/components/settings/SettingsModal/contents/GeminiModalContent.tsx,src/renderer/components/settings/SettingsModal/contents/GeminiModalContent.tsx,DELETED-OR-UNTRACKED-MOVE,118,91.5,99.1
DERIVED-HIGH,src/process/agent/gemini/cli/errorParsing.ts,src/process/agent/gemini/cli/errorParsing.ts,src/process/agent/gemini/cli/errorParsing.ts,DELETED-OR-UNTRACKED-MOVE,70,91.4,100.0
DERIVED-HIGH,src/renderer/utils/model/modelCapabilities.ts,src/renderer/utils/model/modelCapabilities.ts,packages/desktop/src/renderer/utils/model/modelCapabilities.ts,MOVED+EDITED,35,91.4,97.7
DERIVED-HIGH,tests/unit/chat/exportHelpers.test.ts,tests/unit/chat/exportHelpers.test.ts,tests/unit/chat/exportHelpers.test.ts,DELETED-OR-UNTRACKED-MOVE,46,91.3,100.0
DERIVED-HIGH,src/process/extensions/sandbox/ExtensionStorage.ts,src/process/extensions/sandbox/ExtensionStorage.ts,src/process/extensions/sandbox/ExtensionStorage.ts,DELETED-OR-UNTRACKED-MOVE,46,91.3,100.0
DERIVED-HIGH,src/renderer/components/Markdown/ShadowView.tsx,src/renderer/components/Markdown/ShadowView.tsx,packages/desktop/src/renderer/components/Markdown/ShadowView.tsx,MOVED+EDITED,91,91.2,100.0
DERIVED-HIGH,src/process/utils/webuiConfig.ts,src/process/utils/webuiConfig.ts,packages/desktop/src/process/utils/webuiConfig.ts,MOVED+REWRITTEN,57,91.2,93.5
DERIVED-HIGH,src/renderer/components/chat/BtwOverlay/useBtwCommand.ts,src/renderer/components/chat/BtwOverlay/useBtwCommand.ts,packages/desktop/src/renderer/components/chat/BtwOverlay/useBtwCommand.ts,MOVED+EDITED,45,91.1,100.0
DERIVED-HIGH,src/process/agent/gemini/cli/streamResilience.ts,src/process/agent/gemini/cli/streamResilience.ts,src/process/agent/gemini/cli/streamResilience.ts,DELETED-OR-UNTRACKED-MOVE,112,91.1,100.0
DERIVED-HIGH,src/process/agent/gemini/utils.ts,src/process/agent/gemini/utils.ts,packages/desktop/src/common/utils/utils.ts,MOVED+REWRITTEN,247,91.1,95.5
DERIVED-HIGH,src/renderer/components/chat/ThoughtDisplay.tsx,src/renderer/components/chat/ThoughtDisplay.tsx,packages/desktop/src/renderer/components/chat/ThoughtDisplay.tsx,MOVED+REWRITTEN,45,91.1,93.0
DERIVED-HIGH,src/renderer/pages/conversation/platforms/openclaw/StarOfficeMonitorCard.tsx,src/renderer/pages/conversation/platforms/openclaw/StarOfficeMonitorCard.tsx,src/renderer/pages/conversation/platforms/openclaw/StarOfficeMonitorCard.tsx,DELETED-OR-UNTRACKED-MOVE,234,91.0,99.0
DERIVED-HIGH,src/renderer/pages/conversation/components/SkillRuleGenerator.tsx,src/renderer/pages/conversation/components/SkillRuleGenerator.tsx,packages/desktop/src/renderer/pages/conversation/components/SkillRuleGenerator.tsx,MOVED+EDITED,134,91.0,98.9
DERIVED-HIGH,src/renderer/components/media/Diff2Html.tsx,src/renderer/components/media/Diff2Html.tsx,packages/desktop/src/renderer/components/media/Diff2Html.tsx,MOVED+EDITED,88,90.9,95.3
DERIVED-HIGH,playwright.config.ts,playwright.config.ts,playwright.config.ts,EDITED-IN-PLACE,11,90.9,94.1
DERIVED-HIGH,src/renderer/hooks/context/AuthContext.tsx,src/renderer/hooks/context/AuthContext.tsx,packages/desktop/src/renderer/hooks/context/AuthContext.tsx,MOVED+EDITED,86,90.7,100.0
DERIVED-HIGH,src/process/bridge/bedrockBridge.ts,src/process/bridge/bedrockBridge.ts,src/process/bridge/bedrockBridge.ts,DELETED-OR-UNTRACKED-MOVE,43,90.7,100.0
DERIVED-HIGH,tests/unit/sentry.test.ts,tests/unit/sentry.test.ts,tests/unit/sentry.test.ts,EDITED-IN-PLACE,32,90.6,100.0
DERIVED-HIGH,src/renderer/pages/conversation/Preview/hooks/useScrollSyncHelpers.ts,src/renderer/pages/conversation/Preview/hooks/useScrollSyncHelpers.ts,packages/desktop/src/renderer/pages/conversation/Preview/hooks/useScrollSyncHelpers.ts,MOVED-ONLY,53,90.6,100.0
DERIVED-HIGH,tests/e2e/specs/ext-no-extensions.e2e.ts,tests/e2e/specs/ext-no-extensions.e2e.ts,tests/e2e/specs/ext-no-extensions.e2e.ts,UNTOUCHED,64,90.6,91.9
DERIVED-HIGH,src/renderer/hooks/mcp/messageQueue.ts,src/renderer/hooks/mcp/messageQueue.ts,packages/desktop/src/renderer/hooks/mcp/messageQueue.ts,MOVED-ONLY,21,90.5,100.0
DERIVED-HIGH,src/process/extensions/resolvers/WebuiResolver.ts,src/process/extensions/resolvers/WebuiResolver.ts,src/process/extensions/resolvers/WebuiResolver.ts,DELETED-OR-UNTRACKED-MOVE,84,90.5,100.0
DERIVED-HIGH,src/process/utils/resetPasswordCLI.ts,src/process/utils/resetPasswordCLI.ts,packages/desktop/src/process/utils/resetPasswordCLI.ts,MOVED+REWRITTEN,74,90.5,95.9
DERIVED-HIGH,src/renderer/pages/guid/components/GuidInputCard.tsx,src/renderer/pages/guid/components/GuidInputCard.tsx,packages/desktop/src/renderer/pages/guid/components/GuidInputCard.tsx,MOVED+REWRITTEN,63,90.5,92.5
DERIVED-HIGH,src/renderer/hooks/chat/useInitialMessage.ts,src/renderer/hooks/chat/useInitialMessage.ts,packages/desktop/src/renderer/hooks/chat/useInitialMessage.ts,MOVED+EDITED,31,90.3,100.0
DERIVED-HIGH,src/renderer/pages/conversation/Messages/codex/ToolCallComponent/BaseToolCallDisplay.tsx,src/renderer/pages/conversation/Messages/codex/ToolCallComponent/BaseToolCallDisplay.tsx,src/renderer/pages/conversation/Messages/codex/ToolCallComponent/BaseToolCallDisplay.tsx,DELETED-OR-UNTRACKED-MOVE,31,90.3,100.0
DERIVED-HIGH,src/process/webserver/directoryApi.ts,src/process/webserver/directoryApi.ts,src/process/webserver/directoryApi.ts,DELETED-OR-UNTRACKED-MOVE,124,90.3,99.1
DERIVED-HIGH,src/renderer/pages/conversation/GroupedHistory/ConversationSearchPopover.tsx,src/renderer/pages/conversation/GroupedHistory/ConversationSearchPopover.tsx,packages/desktop/src/renderer/pages/conversation/GroupedHistory/ConversationSearchPopover.tsx,MOVED+EDITED,217,90.3,95.5
DERIVED-HIGH,src/renderer/components/settings/DirectorySelectionModal.tsx,src/renderer/components/settings/DirectorySelectionModal.tsx,packages/desktop/src/renderer/components/settings/DirectorySelectionModal.tsx,MOVED+EDITED,72,90.3,94.6
DERIVED-HIGH,src/renderer/pages/settings/components/AddModelModal.tsx,src/renderer/pages/settings/components/AddModelModal.tsx,packages/desktop/src/renderer/pages/settings/components/AddModelModal.tsx,MOVED+REWRITTEN,61,90.2,97.2
DERIVED-HIGH,src/renderer/utils/theme/customCssProcessor.ts,src/renderer/utils/theme/customCssProcessor.ts,packages/desktop/src/renderer/utils/theme/customCssProcessor.ts,MOVED-ONLY,20,90.0,100.0
DERIVED-HIGH,tests/unit/process/utils/resetPasswordCLI.test.ts,tests/unit/process/utils/resetPasswordCLI.test.ts,tests/unit/process/utils/resetPasswordCLI.test.ts,DELETED-OR-UNTRACKED-MOVE,40,90.0,97.9
DERIVED-HIGH,src/renderer/pages/conversation/Messages/components/MessageToolCall.tsx,src/renderer/pages/conversation/Messages/components/MessageToolCall.tsx,packages/desktop/src/renderer/pages/conversation/Messages/components/MessageToolCall.tsx,MOVED+REWRITTEN,40,90.0,94.1
DERIVED-HIGH,tests/unit/taskBridge.test.ts,tests/unit/taskBridge.test.ts,tests/unit/taskBridge.test.ts,DELETED-OR-UNTRACKED-MOVE,49,89.8,100.0
DERIVED-HIGH,src/renderer/pages/conversation/Workspace/components/PasteConfirmModal.tsx,src/renderer/pages/conversation/Workspace/components/PasteConfirmModal.tsx,src/renderer/pages/conversation/Workspace/components/PasteConfirmModal.tsx,DELETED-OR-UNTRACKED-MOVE,59,89.8,98.2
DERIVED-HIGH,src/common/api/OpenAI2AnthropicConverter.ts,src/common/api/OpenAI2AnthropicConverter.ts,packages/desktop/src/common/api/OpenAI2AnthropicConverter.ts,MOVED+EDITED,96,89.6,96.4
DERIVED-HIGH,src/renderer/utils/chat/thinkTagFilter.ts,src/renderer/utils/chat/thinkTagFilter.ts,packages/desktop/src/renderer/utils/chat/thinkTagFilter.ts,MOVED+EDITED,19,89.5,100.0
DERIVED-HIGH,tests/unit/process/bridge/fsBridge.standalone.test.ts,tests/unit/process/bridge/fsBridge.standalone.test.ts,tests/unit/process/bridge/fsBridge.standalone.test.ts,DELETED-OR-UNTRACKED-MOVE,57,89.5,91.6
DERIVED-HIGH,src/renderer/pages/conversation/Workspace/components/WorkspaceDialogs.tsx,src/renderer/pages/conversation/Workspace/components/WorkspaceDialogs.tsx,src/renderer/pages/conversation/Workspace/components/WorkspaceDialogs.tsx,DELETED-OR-UNTRACKED-MOVE,37,89.2,100.0
DERIVED-HIGH,src/renderer/pages/conversation/components/ConversationTitleMinimap/useMinimapPanel.ts,src/renderer/pages/conversation/components/ConversationTitleMinimap/useMinimapPanel.ts,packages/desktop/src/renderer/pages/conversation/components/ConversationTitleMinimap/useMinimapPanel.ts,MOVED+EDITED,183,89.1,100.0
DERIVED-HIGH,src/renderer/pages/conversation/GroupedHistory/hooks/useExport.ts,src/renderer/pages/conversation/GroupedHistory/hooks/useExport.ts,packages/desktop/src/renderer/pages/conversation/GroupedHistory/hooks/useExport.ts,MOVED+EDITED,165,89.1,99.2
DERIVED-HIGH,src/renderer/pages/conversation/Messages/acp/MessageAcpToolCall.tsx,src/renderer/pages/conversation/Messages/acp/MessageAcpToolCall.tsx,packages/desktop/src/renderer/pages/conversation/Messages/acp/MessageAcpToolCall.tsx,MOVED+EDITED,55,89.1,98.2
DERIVED-HIGH,src/process/extensions/sandbox/sandbox.ts,src/process/extensions/sandbox/sandbox.ts,src/process/extensions/sandbox/sandbox.ts,DELETED-OR-UNTRACKED-MOVE,110,89.1,93.8
DERIVED-HIGH,src/server.ts,src/server.ts,src/server.ts,DELETED-OR-UNTRACKED-MOVE,46,89.1,90.2
DERIVED-HIGH,tests/unit/apiRoutesUploadWorkspace.test.ts,tests/unit/apiRoutesUploadWorkspace.test.ts,tests/unit/apiRoutesUploadWorkspace.test.ts,DELETED-OR-UNTRACKED-MOVE,27,88.9,100.0
DERIVED-HIGH,src/process/extensions/resolvers/utils/dependencyResolver.ts,src/process/extensions/resolvers/utils/dependencyResolver.ts,src/process/extensions/resolvers/utils/dependencyResolver.ts,DELETED-OR-UNTRACKED-MOVE,81,88.9,100.0
DERIVED-HIGH,src/renderer/components/settings/SettingsModal/contents/AgentModalContent.tsx,src/renderer/components/settings/SettingsModal/contents/AgentModalContent.tsx,packages/desktop/src/renderer/components/settings/SettingsModal/contents/AgentModalContent.tsx,MOVED+REWRITTEN,27,88.9,97.2
DERIVED-HIGH,src/renderer/hooks/file/useWorkspaceSelector.ts,src/renderer/hooks/file/useWorkspaceSelector.ts,packages/desktop/src/renderer/hooks/file/useWorkspaceSelector.ts,MOVED+EDITED,27,88.9,97.2
DERIVED-HIGH,src/renderer/pages/conversation/GroupedHistory/hooks/useWorkspaceExpansionState.ts,src/renderer/pages/conversation/GroupedHistory/hooks/useWorkspaceExpansionState.ts,packages/desktop/src/renderer/pages/conversation/GroupedHistory/hooks/useWorkspaceExpansionState.ts,MOVED-ONLY,27,88.9,93.3
DERIVED-HIGH,src/common/utils/appConfig.ts,src/common/utils/appConfig.ts,packages/desktop/src/common/utils/appConfig.ts,MOVED-ONLY,9,88.9,87.5
DERIVED-HIGH,src/process/agent/gemini/cli/tools/img-gen.ts,src/process/agent/gemini/cli/tools/img-gen.ts,src/process/agent/gemini/cli/tools/img-gen.ts,DELETED-OR-UNTRACKED-MOVE,107,88.8,98.6
DERIVED-HIGH,src/renderer/pages/settings/components/EditModeModal.tsx,src/renderer/pages/settings/components/EditModeModal.tsx,packages/desktop/src/renderer/pages/settings/components/EditModeModal.tsx,MOVED+EDITED,188,88.8,97.8
DERIVED-HIGH,tests/unit/chat/conversationExport.test.ts,tests/unit/chat/conversationExport.test.ts,tests/unit/chat/conversationExport.test.ts,DELETED-OR-UNTRACKED-MOVE,53,88.7,100.0
DERIVED-HIGH,src/renderer/pages/conversation/Workspace/hooks/useWorkspaceDragImport.ts,src/renderer/pages/conversation/Workspace/hooks/useWorkspaceDragImport.ts,src/renderer/pages/conversation/Workspace/hooks/useWorkspaceDragImport.ts,DELETED-OR-UNTRACKED-MOVE,97,88.7,97.7
DERIVED-HIGH,src/process/agent/gemini/cli/tools/web-search.ts,src/process/agent/gemini/cli/tools/web-search.ts,src/process/agent/gemini/cli/tools/web-search.ts,DELETED-OR-UNTRACKED-MOVE,70,88.6,98.9
DERIVED-HIGH,src/renderer/pages/conversation/Workspace/components/WorkspaceToolbar.tsx,src/renderer/pages/conversation/Workspace/components/WorkspaceToolbar.tsx,src/renderer/pages/conversation/Workspace/components/WorkspaceToolbar.tsx,DELETED-OR-UNTRACKED-MOVE,79,88.6,96.0
DERIVED-HIGH,src/renderer/pages/conversation/GroupedHistory/utils/sortOrderHelpers.ts,src/renderer/pages/conversation/GroupedHistory/utils/sortOrderHelpers.ts,packages/desktop/src/renderer/pages/conversation/GroupedHistory/utils/sortOrderHelpers.ts,MOVED-ONLY,26,88.5,100.0
DERIVED-HIGH,src/process/agent/nanobot/NanobotConnection.ts,src/process/agent/nanobot/NanobotConnection.ts,src/process/agent/nanobot/NanobotConnection.ts,DELETED-OR-UNTRACKED-MOVE,43,88.4,96.3
DERIVED-HIGH,src/process/channels/plugins/weixin/WeixinTyping.ts,src/process/channels/plugins/weixin/WeixinTyping.ts,src/process/channels/plugins/weixin/WeixinTyping.ts,DELETED-OR-UNTRACKED-MOVE,103,88.3,100.0
DERIVED-HIGH,tests/unit/useGeminiMessage.dom.test.ts,tests/unit/useGeminiMessage.dom.test.ts,tests/unit/useGeminiMessage.dom.test.ts,DELETED-OR-UNTRACKED-MOVE,102,88.2,100.0
DERIVED-HIGH,src/renderer/pages/conversation/Messages/components/MessageAgentStatus.tsx,src/renderer/pages/conversation/Messages/components/MessageAgentStatus.tsx,packages/desktop/src/renderer/pages/conversation/Messages/components/MessageAgentStatus.tsx,MOVED+EDITED,34,88.2,97.4
DERIVED-HIGH,tests/unit/OfficeDocViewer.dom.test.tsx,tests/unit/OfficeDocViewer.dom.test.tsx,tests/unit/previews/OfficeDocViewer.dom.test.tsx,MOVED+REWRITTEN,59,88.1,100.0
DERIVED-HIGH,tests/unit/renderer/ConversationRow.dom.test.tsx,tests/unit/renderer/ConversationRow.dom.test.tsx,tests/unit/renderer/ConversationRow.dom.test.tsx,DELETED-OR-UNTRACKED-MOVE,59,88.1,100.0
DERIVED-HIGH,src/process/agent/gemini/cli/atCommandProcessor.ts,src/process/agent/gemini/cli/atCommandProcessor.ts,src/process/agent/gemini/cli/atCommandProcessor.ts,DELETED-OR-UNTRACKED-MOVE,226,88.1,100.0
DERIVED-HIGH,src/process/webserver/middleware/csrfClient.ts,src/process/webserver/middleware/csrfClient.ts,src/process/webserver/middleware/csrfClient.ts,DELETED-OR-UNTRACKED-MOVE,50,88.0,100.0
DERIVED-HIGH,src/renderer/pages/conversation/platforms/nanobot/NanobotSendBox.tsx,src/renderer/pages/conversation/platforms/nanobot/NanobotSendBox.tsx,src/renderer/pages/conversation/platforms/nanobot/NanobotSendBox.tsx,DELETED-OR-UNTRACKED-MOVE,192,88.0,96.3
DERIVED-HIGH,src/renderer/components/layout/WindowControls.tsx,src/renderer/components/layout/WindowControls.tsx,packages/desktop/src/renderer/components/layout/WindowControls.tsx,MOVED+EDITED,33,87.9,97.0
DERIVED-HIGH,tests/unit/databaseBridge.test.ts,tests/unit/databaseBridge.test.ts,tests/unit/databaseBridge.test.ts,DELETED-OR-UNTRACKED-MOVE,98,87.8,100.0
DERIVED-HIGH,src/renderer/pages/conversation/Preview/components/PreviewPanel/PreviewConfirmModals.tsx,src/renderer/pages/conversation/Preview/components/PreviewPanel/PreviewConfirmModals.tsx,packages/desktop/src/renderer/pages/conversation/Preview/components/PreviewPanel/PreviewConfirmModals.tsx,MOVED+EDITED,41,87.8,100.0
DERIVED-HIGH,src/process/extensions/sandbox/permissions.ts,src/process/extensions/sandbox/permissions.ts,tests/e2e/helpers/permissions.ts,MOVED+REWRITTEN,49,87.8,84.3
DERIVED-HIGH,src/process/agent/openclaw/deviceAuthStore.ts,src/process/agent/openclaw/deviceAuthStore.ts,src/process/agent/openclaw/deviceAuthStore.ts,DELETED-OR-UNTRACKED-MOVE,57,87.7,100.0
DERIVED-HIGH,tests/e2e/specs/ext-lifecycle.e2e.ts,tests/e2e/specs/ext-lifecycle.e2e.ts,tests/e2e/specs/ext-lifecycle.e2e.ts,EDITED-IN-PLACE,48,87.5,100.0
DERIVED-HIGH,src/renderer/pages/conversation/Preview/hooks/usePreviewKeyboardShortcuts.ts,src/renderer/pages/conversation/Preview/hooks/usePreviewKeyboardShortcuts.ts,packages/desktop/src/renderer/pages/conversation/Preview/hooks/usePreviewKeyboardShortcuts.ts,MOVED-ONLY,8,87.5,100.0
DERIVED-HIGH,src/process/extensions/resolvers/utils/envResolver.ts,src/process/extensions/resolvers/utils/envResolver.ts,src/process/extensions/resolvers/utils/envResolver.ts,DELETED-OR-UNTRACKED-MOVE,32,87.5,93.8
DERIVED-HIGH,src/renderer/components/base/StepsWrapper.tsx,src/renderer/components/base/StepsWrapper.tsx,packages/desktop/src/renderer/components/base/StepsWrapper.tsx,MOVED-ONLY,8,87.5,80.0
DERIVED-HIGH,tests/unit/common/toolsModalContent.dom.test.tsx,tests/unit/common/toolsModalContent.dom.test.tsx,tests/unit/common/toolsModalContent.dom.test.tsx,DELETED-OR-UNTRACKED-MOVE,157,87.3,93.2
DERIVED-HIGH,tests/unit/geminiBootstrapRejection.test.ts,tests/unit/geminiBootstrapRejection.test.ts,tests/unit/geminiBootstrapRejection.test.ts,DELETED-OR-UNTRACKED-MOVE,39,87.2,100.0
DERIVED-HIGH,src/renderer/pages/conversation/Messages/codex/MessageFileChanges.tsx,src/renderer/pages/conversation/Messages/codex/MessageFileChanges.tsx,packages/desktop/src/renderer/pages/conversation/Messages/MessageFileChanges.tsx,MOVED+EDITED,47,87.2,100.0
DERIVED-HIGH,src/renderer/hooks/assistant/useAssistantList.ts,src/renderer/hooks/assistant/useAssistantList.ts,packages/desktop/src/renderer/hooks/assistant/useAssistantList.ts,MOVED+REWRITTEN,39,87.2,90.7
DERIVED-HIGH,src/renderer/utils/chat/timeline.ts,src/renderer/utils/chat/timeline.ts,packages/desktop/src/renderer/utils/chat/timeline.ts,MOVED+EDITED,31,87.1,75.8
DERIVED-HIGH,tests/unit/minimapUtils.test.ts,tests/unit/minimapUtils.test.ts,tests/unit/minimapUtils.test.ts,DELETED-OR-UNTRACKED-MOVE,108,87.0,100.0
DERIVED-HIGH,tests/unit/AuthServicePasswordValidation.test.ts,tests/unit/AuthServicePasswordValidation.test.ts,tests/unit/AuthServicePasswordValidation.test.ts,DELETED-OR-UNTRACKED-MOVE,23,87.0,100.0
DERIVED-HIGH,src/process/channels/plugins/weixin/WeixinAdapter.ts,src/process/channels/plugins/weixin/WeixinAdapter.ts,src/process/channels/plugins/weixin/WeixinAdapter.ts,DELETED-OR-UNTRACKED-MOVE,23,87.0,100.0
DERIVED-HIGH,src/renderer/pages/conversation/Messages/codex/ToolCallComponent/ExecCommandDisplay.tsx,src/renderer/pages/conversation/Messages/codex/ToolCallComponent/ExecCommandDisplay.tsx,src/renderer/pages/conversation/Messages/codex/ToolCallComponent/ExecCommandDisplay.tsx,DELETED-OR-UNTRACKED-MOVE,54,87.0,98.0
DERIVED-HIGH,src/renderer/pages/settings/components/AddPlatformModal.tsx,src/renderer/pages/settings/components/AddPlatformModal.tsx,packages/desktop/src/renderer/pages/settings/components/AddPlatformModal.tsx,MOVED+EDITED,293,87.0,97.4
DERIVED-HIGH,src/renderer/pages/conversation/Workspace/types.ts,src/renderer/pages/conversation/Workspace/types.ts,packages/desktop/src/renderer/api/types.ts,MOVED+REWRITTEN,23,87.0,95.5
DERIVED-HIGH,src/renderer/hooks/chat/useSlashCommandController.ts,src/renderer/hooks/chat/useSlashCommandController.ts,packages/desktop/src/renderer/hooks/chat/useSlashCommandController.ts,MOVED+EDITED,61,86.9,95.7
DERIVED-HIGH,src/process/agent/remote/RemoteAgentCore.ts,src/process/agent/remote/RemoteAgentCore.ts,src/process/agent/remote/RemoteAgentCore.ts,DELETED-OR-UNTRACKED-MOVE,304,86.8,99.5
DERIVED-HIGH,src/renderer/utils/theme/themeCssSync.ts,src/renderer/utils/theme/themeCssSync.ts,src/renderer/utils/theme/themeCssSync.ts,DELETED-OR-UNTRACKED-MOVE,30,86.7,100.0
DERIVED-HIGH,src/renderer/pages/conversation/Messages/components/MessageCronBadge.tsx,src/renderer/pages/conversation/Messages/components/MessageCronBadge.tsx,packages/desktop/src/renderer/pages/conversation/Messages/components/MessageCronBadge.tsx,MOVED+EDITED,15,86.7,95.8
DERIVED-HIGH,src/process/services/mcpServices/agents/CodebuddyMcpAgent.ts,src/process/services/mcpServices/agents/CodebuddyMcpAgent.ts,src/process/services/mcpServices/agents/CodebuddyMcpAgent.ts,DELETED-OR-UNTRACKED-MOVE,105,86.7,94.9
DERIVED-HIGH,tests/unit/extensions/webuiResolver.test.ts,tests/unit/extensions/webuiResolver.test.ts,tests/unit/extensions/webuiResolver.test.ts,DELETED-OR-UNTRACKED-MOVE,30,86.7,79.2
DERIVED-HIGH,src/process/services/cron/IpcCronEventEmitter.ts,src/process/services/cron/IpcCronEventEmitter.ts,src/process/services/cron/IpcCronEventEmitter.ts,DELETED-OR-UNTRACKED-MOVE,15,86.7,76.2
DERIVED-HIGH,src/process/agent/openclaw/index.ts,src/process/agent/openclaw/index.ts,packages/desktop/src/renderer/api/index.ts,MOVED+REWRITTEN,326,86.5,98.6
DERIVED-HIGH,tests/unit/IpcAgentEventEmitter.test.ts,tests/unit/IpcAgentEventEmitter.test.ts,tests/unit/IpcAgentEventEmitter.test.ts,DELETED-OR-UNTRACKED-MOVE,29,86.2,100.0
DERIVED-HIGH,tests/unit/common/visibleConversationOrder.test.ts,tests/unit/common/visibleConversationOrder.test.ts,tests/unit/common/visibleConversationOrder.test.ts,DELETED-OR-UNTRACKED-MOVE,29,86.2,100.0
DERIVED-HIGH,src/process/utils/tray.ts,src/process/utils/tray.ts,packages/desktop/src/process/utils/tray.ts,MOVED+EDITED,80,86.2,98.7
DERIVED-HIGH,tests/unit/configureConsoleLog.test.ts,tests/unit/configureConsoleLog.test.ts,tests/unit/bootstrap/configureConsoleLog.test.ts,MOVED+REWRITTEN,36,86.1,100.0
DERIVED-HIGH,src/renderer/pages/conversation/Preview/context/PreviewContext.tsx,src/renderer/pages/conversation/Preview/context/PreviewContext.tsx,packages/desktop/src/renderer/pages/conversation/Preview/context/PreviewContext.tsx,MOVED+EDITED,241,85.9,97.2
DERIVED-HIGH,tests/unit/adapterEmitGuard.test.ts,tests/unit/adapterEmitGuard.test.ts,tests/unit/adapterEmitGuard.test.ts,DELETED-OR-UNTRACKED-MOVE,64,85.9,93.0
DERIVED-HIGH,tests/unit/channels/weixinAdapter.test.ts,tests/unit/channels/weixinAdapter.test.ts,tests/unit/channels/weixinAdapter.test.ts,DELETED-OR-UNTRACKED-MOVE,56,85.7,100.0
DERIVED-HIGH,src/renderer/hooks/ui/useLatestRef.ts,src/renderer/hooks/ui/useLatestRef.ts,packages/desktop/src/renderer/hooks/ui/useLatestRef.ts,MOVED-ONLY,7,85.7,100.0
DERIVED-HIGH,src/process/bridge/documentBridge.ts,src/process/bridge/documentBridge.ts,src/process/bridge/documentBridge.ts,DELETED-OR-UNTRACKED-MOVE,21,85.7,100.0
DERIVED-HIGH,src/process/agent/gemini/cli/tools/web-fetch.ts,src/process/agent/gemini/cli/tools/web-fetch.ts,src/process/agent/gemini/cli/tools/web-fetch.ts,DELETED-OR-UNTRACKED-MOVE,84,85.7,98.3
DERIVED-HIGH,src/renderer/utils/chat/chatMinimapEvents.ts,src/renderer/utils/chat/chatMinimapEvents.ts,packages/desktop/src/renderer/utils/chat/chatMinimapEvents.ts,MOVED+EDITED,7,85.7,92.3
DERIVED-HIGH,src/process/extensions/resolvers/AssistantResolver.ts,src/process/extensions/resolvers/AssistantResolver.ts,src/process/extensions/resolvers/AssistantResolver.ts,DELETED-OR-UNTRACKED-MOVE,56,85.7,91.2
DERIVED-HIGH,src/renderer/hooks/file/usePasteService.ts,src/renderer/hooks/file/usePasteService.ts,packages/desktop/src/renderer/hooks/file/usePasteService.ts,MOVED+EDITED,28,85.7,88.9
DERIVED-HIGH,src/renderer/hooks/mcp/index.ts,src/renderer/hooks/mcp/index.ts,packages/desktop/src/renderer/hooks/mcp/index.ts,MOVED+EDITED,7,85.7,87.5
DERIVED-HIGH,src/process/services/cron/ICronEventEmitter.ts,src/process/services/cron/ICronEventEmitter.ts,src/process/services/cron/ICronEventEmitter.ts,DELETED-OR-UNTRACKED-MOVE,7,85.7,66.7
DERIVED-HIGH,src/common/types/codex/types/eventTypes.ts,src/common/types/codex/types/eventTypes.ts,src/common/types/codex/types/eventTypes.ts,DELETED-OR-UNTRACKED-MOVE,62,85.5,100.0
DERIVED-HIGH,src/renderer/hooks/agent/useAgentReadinessCheck.ts,src/renderer/hooks/agent/useAgentReadinessCheck.ts,src/renderer/hooks/agent/useAgentReadinessCheck.ts,DELETED-OR-UNTRACKED-MOVE,69,85.5,94.9
DERIVED-HIGH,src/process/channels/plugins/weixin/WeixinMonitor.ts,src/process/channels/plugins/weixin/WeixinMonitor.ts,src/process/channels/plugins/weixin/WeixinMonitor.ts,DELETED-OR-UNTRACKED-MOVE,328,85.4,90.3
DERIVED-HIGH,tests/unit/transformMessage.test.ts,tests/unit/transformMessage.test.ts,tests/unit/transformMessage.test.ts,DELETED-OR-UNTRACKED-MOVE,34,85.3,100.0
DERIVED-HIGH,src/renderer/components/Markdown/CodeBlock.tsx,src/renderer/components/Markdown/CodeBlock.tsx,packages/desktop/src/renderer/components/Markdown/CodeBlock.tsx,MOVED+REWRITTEN,95,85.3,93.5
DERIVED-HIGH,tests/e2e/specs/ext-ipc-queries.e2e.ts,tests/e2e/specs/ext-ipc-queries.e2e.ts,tests/e2e/specs/ext-ipc-queries.e2e.ts,EDITED-IN-PLACE,148,85.1,99.0
DERIVED-HIGH,src/renderer/pages/conversation/GroupedHistory/DragOverlayContent.tsx,src/renderer/pages/conversation/GroupedHistory/DragOverlayContent.tsx,src/renderer/pages/conversation/GroupedHistory/DragOverlayContent.tsx,DELETED-OR-UNTRACKED-MOVE,20,85.0,91.7
DERIVED-HIGH,src/process/bridge/services/WebuiService.ts,src/process/bridge/services/WebuiService.ts,src/process/bridge/services/WebuiService.ts,DELETED-OR-UNTRACKED-MOVE,73,84.9,97.0
DERIVED-HIGH,tests/unit/GeminiModalContent.dom.test.tsx,tests/unit/GeminiModalContent.dom.test.tsx,tests/unit/GeminiModalContent.dom.test.tsx,DELETED-OR-UNTRACKED-MOVE,66,84.8,98.8
DERIVED-HIGH,src/process/channels/plugins/weixin/WeixinLoginHandler.ts,src/process/channels/plugins/weixin/WeixinLoginHandler.ts,src/process/channels/plugins/weixin/WeixinLoginHandler.ts,DELETED-OR-UNTRACKED-MOVE,33,84.8,88.7
DERIVED-HIGH,src/process/webserver/routes/staticRoutes.ts,src/process/webserver/routes/staticRoutes.ts,src/process/webserver/routes/staticRoutes.ts,DELETED-OR-UNTRACKED-MOVE,66,84.8,86.0
DERIVED-HIGH,src/renderer/pages/conversation/Workspace/hooks/useWorkspaceTree.ts,src/renderer/pages/conversation/Workspace/hooks/useWorkspaceTree.ts,src/renderer/pages/conversation/Workspace/hooks/useWorkspaceTree.ts,DELETED-OR-UNTRACKED-MOVE,72,84.7,100.0
DERIVED-HIGH,tests/unit/AgentFactory.test.ts,tests/unit/AgentFactory.test.ts,tests/unit/AgentFactory.test.ts,DELETED-OR-UNTRACKED-MOVE,26,84.6,100.0
DERIVED-HIGH,src/process/channels/plugins/weixin/WeixinLogin.ts,src/process/channels/plugins/weixin/WeixinLogin.ts,src/process/channels/plugins/weixin/WeixinLogin.ts,DELETED-OR-UNTRACKED-MOVE,65,84.6,87.8
DERIVED-HIGH,tests/unit/tray.test.ts,tests/unit/tray.test.ts,tests/unit/tray.test.ts,DELETED-OR-UNTRACKED-MOVE,168,84.5,99.3
DERIVED-HIGH,tests/unit/sendboxBtw.dom.test.tsx,tests/unit/sendboxBtw.dom.test.tsx,tests/unit/sendboxBtw.dom.test.tsx,DELETED-OR-UNTRACKED-MOVE,134,84.3,100.0
DERIVED-HIGH,tests/unit/conversationTitleMinimap.dom.test.tsx,tests/unit/conversationTitleMinimap.dom.test.tsx,tests/unit/conversationTitleMinimap.dom.test.tsx,DELETED-OR-UNTRACKED-MOVE,70,84.3,100.0
DERIVED-HIGH,src/renderer/pages/conversation/GroupedHistory/hooks/useConversationActions.ts,src/renderer/pages/conversation/GroupedHistory/hooks/useConversationActions.ts,packages/desktop/src/renderer/pages/conversation/GroupedHistory/hooks/useConversationActions.ts,MOVED+EDITED,121,84.3,97.3
DERIVED-HIGH,src/common/types/codex/utils/toolUtils.ts,src/common/types/codex/utils/toolUtils.ts,src/common/types/codex/utils/toolUtils.ts,DELETED-OR-UNTRACKED-MOVE,165,84.2,100.0
DERIVED-HIGH,src/renderer/pages/conversation/platforms/acp/useAcpInitialMessage.ts,src/renderer/pages/conversation/platforms/acp/useAcpInitialMessage.ts,packages/desktop/src/renderer/pages/conversation/platforms/acp/useAcpInitialMessage.ts,MOVED+REWRITTEN,38,84.2,88.6
DERIVED-HIGH,tests/unit/uploadProgressState.test.ts,tests/unit/uploadProgressState.test.ts,tests/unit/uploadProgressState.test.ts,DELETED-OR-UNTRACKED-MOVE,44,84.1,100.0
DERIVED-HIGH,src/renderer/pages/conversation/Workspace/components/MigrationModal.tsx,src/renderer/pages/conversation/Workspace/components/MigrationModal.tsx,src/renderer/pages/conversation/Workspace/components/MigrationModal.tsx,DELETED-OR-UNTRACKED-MOVE,107,84.1,98.6
DERIVED-HIGH,tests/unit/minimapPanelWidth.dom.test.ts,tests/unit/minimapPanelWidth.dom.test.ts,tests/unit/minimapPanelWidth.dom.test.ts,DELETED-OR-UNTRACKED-MOVE,25,84.0,100.0
DERIVED-HIGH,src/process/channels/plugins/dingtalk/DingTalkCards.ts,src/process/channels/plugins/dingtalk/DingTalkCards.ts,src/process/channels/plugins/dingtalk/DingTalkCards.ts,DELETED-OR-UNTRACKED-MOVE,118,83.9,99.2
DERIVED-HIGH,src/renderer/pages/settings/AgentSettings/PresetManagement.tsx,src/renderer/pages/settings/AgentSettings/PresetManagement.tsx,src/renderer/pages/settings/AgentSettings/PresetManagement.tsx,DELETED-OR-UNTRACKED-MOVE,87,83.9,94.3
DERIVED-HIGH,src/renderer/pages/conversation/Preview/components/viewers/MarkdownViewer.tsx,src/renderer/pages/conversation/Preview/components/viewers/MarkdownViewer.tsx,packages/desktop/src/renderer/pages/conversation/Preview/components/viewers/MarkdownViewer.tsx,MOVED+REWRITTEN,191,83.8,96.2
DERIVED-HIGH,src/renderer/pages/conversation/Preview/components/viewers/PDFViewer.tsx,src/renderer/pages/conversation/Preview/components/viewers/PDFViewer.tsx,packages/desktop/src/renderer/pages/conversation/Preview/components/viewers/PDFViewer.tsx,MOVED+EDITED,68,83.8,95.7
DERIVED-HIGH,tests/unit/webuiConfig.test.ts,tests/unit/webuiConfig.test.ts,tests/unit/webuiConfig.test.ts,DELETED-OR-UNTRACKED-MOVE,99,83.8,94.6
DERIVED-HIGH,src/renderer/components/base/FileChangesPanel.tsx,src/renderer/components/base/FileChangesPanel.tsx,packages/desktop/src/renderer/components/base/FileChangesPanel.tsx,MOVED+EDITED,43,83.7,95.8
DERIVED-HIGH,src/process/resources/builtinMcp/imageGenServer.ts,src/process/resources/builtinMcp/imageGenServer.ts,packages/desktop/src/process/resources/builtinMcp/imageGenServer.ts,MOVED+EDITED,49,83.7,94.5
DERIVED-HIGH,src/renderer/pages/guid/components/MentionDropdown.tsx,src/renderer/pages/guid/components/MentionDropdown.tsx,src/renderer/pages/guid/components/MentionDropdown.tsx,DELETED-OR-UNTRACKED-MOVE,43,83.7,91.4
DERIVED-HIGH,src/renderer/pages/guid/hooks/useGuidInput.ts,src/renderer/pages/guid/hooks/useGuidInput.ts,packages/desktop/src/renderer/pages/guid/hooks/useGuidInput.ts,MOVED+EDITED,61,83.6,90.5
DERIVED-HIGH,src/renderer/components/settings/SettingsModal/index.tsx,src/renderer/components/settings/SettingsModal/index.tsx,packages/desktop/src/renderer/components/settings/SettingsModal/index.tsx,MOVED+EDITED,152,83.6,88.4
DERIVED-HIGH,src/common/types/preview.ts,src/common/types/preview.ts,packages/desktop/src/common/types/office/preview.ts,MOVED+EDITED,6,83.3,100.0
DERIVED-HIGH,src/common/chat/slash/types.ts,src/common/chat/slash/types.ts,packages/desktop/src/common/chat/slash/types.ts,MOVED+REWRITTEN,6,83.3,100.0
DERIVED-HIGH,src/renderer/pages/conversation/Preview/components/PreviewPanel/PreviewTabs.tsx,src/renderer/pages/conversation/Preview/components/PreviewPanel/PreviewTabs.tsx,packages/desktop/src/renderer/pages/conversation/Preview/components/PreviewPanel/PreviewTabs.tsx,MOVED-ONLY,42,83.3,96.4
DERIVED-HIGH,src/renderer/components/Markdown/index.tsx,src/renderer/components/Markdown/index.tsx,packages/desktop/src/renderer/components/Markdown/index.tsx,MOVED+REWRITTEN,72,83.3,92.1
DERIVED-HIGH,src/renderer/pages/conversation/Messages/acp/MessageAvailableCommands.tsx,src/renderer/pages/conversation/Messages/acp/MessageAvailableCommands.tsx,packages/desktop/src/renderer/pages/conversation/Messages/acp/MessageAvailableCommands.tsx,MOVED-ONLY,24,83.3,90.3
DERIVED-HIGH,src/renderer/pages/conversation/Messages/acp/MessageAcpPermission.tsx,src/renderer/pages/conversation/Messages/acp/MessageAcpPermission.tsx,packages/desktop/src/renderer/pages/conversation/Messages/acp/MessageAcpPermission.tsx,MOVED+REWRITTEN,59,83.1,86.5
DERIVED-HIGH,tests/unit/test_tool_group_message_list.ts,tests/unit/test_tool_group_message_list.ts,tests/unit/test_tool_group_message_list.ts,DELETED-OR-UNTRACKED-MOVE,94,83.0,100.0
DERIVED-HIGH,src/renderer/pages/conversation/platforms/openclaw/OpenClawSendBox.tsx,src/renderer/pages/conversation/platforms/openclaw/OpenClawSendBox.tsx,src/renderer/pages/conversation/platforms/openclaw/OpenClawSendBox.tsx,DELETED-OR-UNTRACKED-MOVE,286,82.9,97.1
DERIVED-HIGH,src/renderer/pages/cron/components/CronJobIndicator.tsx,src/renderer/pages/cron/components/CronJobIndicator.tsx,packages/desktop/src/renderer/pages/cron/components/CronJobIndicator.tsx,MOVED-ONLY,29,82.8,93.5
DERIVED-HIGH,src/renderer/components/media/FilePreview.tsx,src/renderer/components/media/FilePreview.tsx,packages/desktop/src/renderer/components/media/FilePreview.tsx,MOVED+EDITED,64,82.8,86.7
DERIVED-HIGH,src/process/agent/gemini/index.ts,src/process/agent/gemini/index.ts,packages/desktop/src/renderer/api/index.ts,MOVED+REWRITTEN,392,82.7,90.9
DERIVED-HIGH,src/renderer/pages/conversation/platforms/nanobot/NanobotChat.tsx,src/renderer/pages/conversation/platforms/nanobot/NanobotChat.tsx,src/renderer/pages/conversation/platforms/nanobot/NanobotChat.tsx,DELETED-OR-UNTRACKED-MOVE,23,82.6,84.6
DERIVED-HIGH,tests/unit/channels/weixinLoginHandler.test.ts,tests/unit/channels/weixinLoginHandler.test.ts,tests/unit/channels/weixinLoginHandler.test.ts,DELETED-OR-UNTRACKED-MOVE,51,82.4,100.0
DERIVED-HIGH,tests/unit/slashCommandMenu.dom.test.tsx,tests/unit/slashCommandMenu.dom.test.tsx,tests/unit/slashCommandMenu.dom.test.tsx,DELETED-OR-UNTRACKED-MOVE,17,82.4,96.9
DERIVED-HIGH,src/renderer/pages/conversation/Workspace/index.tsx,src/renderer/pages/conversation/Workspace/index.tsx,packages/desktop/src/renderer/pages/conversation/index.tsx,MOVED+REWRITTEN,330,82.4,89.9
DERIVED-HIGH,src/process/services/database/IConversationRepository.ts,src/process/services/database/IConversationRepository.ts,packages/desktop/src/process/services/database/IConversationRepository.ts,MOVED+EDITED,17,82.4,83.3
DERIVED-HIGH,src/renderer/pages/conversation/Workspace/hooks/useFileChanges.ts,src/renderer/pages/conversation/Workspace/hooks/useFileChanges.ts,src/renderer/pages/conversation/Workspace/hooks/useFileChanges.ts,DELETED-OR-UNTRACKED-MOVE,62,82.3,100.0
DERIVED-HIGH,src/renderer/components/media/WebviewHost.tsx,src/renderer/components/media/WebviewHost.tsx,packages/desktop/src/renderer/components/media/WebviewHost.tsx,MOVED-ONLY,271,82.3,93.2
DERIVED-HIGH,src/renderer/pages/conversation/Workspace/hooks/useWorkspaceFileOps.ts,src/renderer/pages/conversation/Workspace/hooks/useWorkspaceFileOps.ts,src/renderer/pages/conversation/Workspace/hooks/useWorkspaceFileOps.ts,DELETED-OR-UNTRACKED-MOVE,163,82.2,91.8
DERIVED-HIGH,tests/integration/i18n.test.ts,tests/integration/i18n.test.ts,tests/unit/common/i18n.test.ts,MOVED+REWRITTEN,133,82.0,100.0
DERIVED-HIGH,tests/unit/sendboxQueue.dom.test.tsx,tests/unit/sendboxQueue.dom.test.tsx,tests/unit/sendboxQueue.dom.test.tsx,DELETED-OR-UNTRACKED-MOVE,266,82.0,94.3
DERIVED-HIGH,src/process/bridge/webuiQR.ts,src/process/bridge/webuiQR.ts,src/process/bridge/webuiQR.ts,DELETED-OR-UNTRACKED-MOVE,50,82.0,89.8
DERIVED-HIGH,src/renderer/pages/conversation/Workspace/components/WorkspaceTabBar.tsx,src/renderer/pages/conversation/Workspace/components/WorkspaceTabBar.tsx,src/renderer/pages/conversation/Workspace/components/WorkspaceTabBar.tsx,DELETED-OR-UNTRACKED-MOVE,72,81.9,90.0
DERIVED-HIGH,tests/unit/newConversationName.test.ts,tests/unit/newConversationName.test.ts,tests/unit/newConversationName.test.ts,DELETED-OR-UNTRACKED-MOVE,11,81.8,100.0
DERIVED-HIGH,src/renderer/utils/workspace/workspaceHistory.ts,src/renderer/utils/workspace/workspaceHistory.ts,packages/desktop/src/renderer/utils/workspace/workspaceHistory.ts,MOVED-ONLY,11,81.8,92.3
DERIVED-HIGH,src/renderer/hooks/context/ConversationHistoryContext.tsx,src/renderer/hooks/context/ConversationHistoryContext.tsx,packages/desktop/src/renderer/hooks/context/ConversationHistoryContext.tsx,MOVED-ONLY,22,81.8,92.0
DERIVED-HIGH,tests/unit/acpSlashCommandsUpdatedEvent.test.ts,tests/unit/acpSlashCommandsUpdatedEvent.test.ts,tests/unit/acpSlashCommandsUpdatedEvent.test.ts,DELETED-OR-UNTRACKED-MOVE,110,81.8,91.7
DERIVED-HIGH,src/process/extensions/ExtensionLoader.ts,src/process/extensions/ExtensionLoader.ts,src/process/extensions/ExtensionLoader.ts,DELETED-OR-UNTRACKED-MOVE,55,81.8,87.5
DERIVED-HIGH,src/process/agent/openclaw/OpenClawGatewayManager.ts,src/process/agent/openclaw/OpenClawGatewayManager.ts,src/process/agent/openclaw/OpenClawGatewayManager.ts,DELETED-OR-UNTRACKED-MOVE,143,81.8,87.1
DERIVED-HIGH,src/renderer/pages/conversation/platforms/openclaw/OpenClawChat.tsx,src/renderer/pages/conversation/platforms/openclaw/OpenClawChat.tsx,src/renderer/pages/conversation/platforms/openclaw/OpenClawChat.tsx,DELETED-OR-UNTRACKED-MOVE,22,81.8,85.2
DERIVED-HIGH,src/renderer/pages/conversation/platforms/remote/RemoteChat.tsx,src/renderer/pages/conversation/platforms/remote/RemoteChat.tsx,src/renderer/pages/conversation/platforms/remote/RemoteChat.tsx,DELETED-OR-UNTRACKED-MOVE,22,81.8,84.6
DERIVED-HIGH,tests/unit/conversationCreationGuard.dom.test.tsx,tests/unit/conversationCreationGuard.dom.test.tsx,tests/unit/conversationCreationGuard.dom.test.tsx,DELETED-OR-UNTRACKED-MOVE,43,81.4,100.0
DERIVED-HIGH,src/process/bridge/taskBridge.ts,src/process/bridge/taskBridge.ts,src/process/bridge/taskBridge.ts,DELETED-OR-UNTRACKED-MOVE,16,81.2,100.0
DERIVED-HIGH,src/process/channels/utils/channelConversation.ts,src/process/channels/utils/channelConversation.ts,src/process/channels/utils/channelConversation.ts,DELETED-OR-UNTRACKED-MOVE,16,81.2,100.0
DERIVED-HIGH,tests/e2e/specs/ext-discovery.e2e.ts,tests/e2e/specs/ext-discovery.e2e.ts,tests/e2e/specs/ext-discovery.e2e.ts,UNTOUCHED,16,81.2,96.3
DERIVED-HIGH,src/renderer/components/agent/AgentSetupCard.tsx,src/renderer/components/agent/AgentSetupCard.tsx,src/renderer/components/agent/AgentSetupCard.tsx,DELETED-OR-UNTRACKED-MOVE,186,81.2,95.1
DERIVED-HIGH,src/renderer/hooks/mcp/useMcpAgentStatus.ts,src/renderer/hooks/mcp/useMcpAgentStatus.ts,src/renderer/hooks/mcp/useMcpAgentStatus.ts,DELETED-OR-UNTRACKED-MOVE,95,81.1,95.2
DERIVED-HIGH,tests/unit/RemoteAgentManager.test.ts,tests/unit/RemoteAgentManager.test.ts,tests/unit/RemoteAgentManager.test.ts,DELETED-OR-UNTRACKED-MOVE,174,81.0,100.0
DERIVED-HIGH,src/renderer/pages/conversation/Preview/components/viewers/HTMLViewer.tsx,src/renderer/pages/conversation/Preview/components/viewers/HTMLViewer.tsx,packages/desktop/src/renderer/pages/conversation/Preview/components/viewers/HTMLViewer.tsx,MOVED+EDITED,153,81.0,95.8
DERIVED-HIGH,src/renderer/pages/conversation/platforms/gemini/GeminiSendBox.tsx,src/renderer/pages/conversation/platforms/gemini/GeminiSendBox.tsx,src/renderer/pages/conversation/platforms/gemini/GeminiSendBox.tsx,DELETED-OR-UNTRACKED-MOVE,200,81.0,89.2
DERIVED-HIGH,tests/unit/process/utils/configureChromium.test.ts,tests/unit/process/utils/configureChromium.test.ts,tests/unit/process/utils/configureChromium.test.ts,DELETED-OR-UNTRACKED-MOVE,47,80.9,97.8
DERIVED-HIGH,tests/unit/acpAdapterUserMessageChunk.test.ts,tests/unit/acpAdapterUserMessageChunk.test.ts,tests/unit/acpAdapterUserMessageChunk.test.ts,DELETED-OR-UNTRACKED-MOVE,26,80.8,100.0
DERIVED-HIGH,src/common/adapter/browser.ts,src/common/adapter/browser.ts,packages/desktop/src/common/adapter/browser.ts,MOVED+EDITED,73,80.8,98.4
DERIVED-HIGH,src/renderer/pages/conversation/GroupedHistory/hooks/useConversations.ts,src/renderer/pages/conversation/GroupedHistory/hooks/useConversations.ts,packages/desktop/src/renderer/pages/conversation/GroupedHistory/hooks/useConversations.ts,MOVED+REWRITTEN,52,80.8,91.8
DERIVED-HIGH,tests/unit/cookieParsing.test.ts,tests/unit/cookieParsing.test.ts,tests/unit/cookieParsing.test.ts,DELETED-OR-UNTRACKED-MOVE,36,80.6,97.9
DERIVED-HIGH,src/renderer/components/agent/ContextUsageIndicator.tsx,src/renderer/components/agent/ContextUsageIndicator.tsx,packages/desktop/src/renderer/components/agent/ContextUsageIndicator.tsx,MOVED+REWRITTEN,51,80.4,93.8
DERIVED-HIGH,tests/unit/renderer/conversationCommandQueue.test.ts,tests/unit/renderer/conversationCommandQueue.test.ts,tests/unit/renderer/conversationCommandQueue.test.ts,DELETED-OR-UNTRACKED-MOVE,96,80.2,95.9
DERIVED-HIGH,src/renderer/services/i18n/index.ts,src/renderer/services/i18n/index.ts,packages/desktop/src/renderer/services/i18n/index.ts,MOVED+EDITED,75,80.0,100.0
DERIVED-HIGH,tests/unit/OpenClawGatewayManager.test.ts,tests/unit/OpenClawGatewayManager.test.ts,tests/unit/OpenClawGatewayManager.test.ts,DELETED-OR-UNTRACKED-MOVE,60,80.0,96.6
DERIVED-HIGH,src/renderer/pages/conversation/GroupedHistory/types.ts,src/renderer/pages/conversation/GroupedHistory/types.ts,packages/desktop/src/renderer/pages/conversation/GroupedHistory/types.ts,MOVED+EDITED,40,80.0,89.5
DERIVED-HIGH,src/process/extensions/lifecycle/hotReload.ts,src/process/extensions/lifecycle/hotReload.ts,src/process/extensions/lifecycle/hotReload.ts,DELETED-OR-UNTRACKED-MOVE,30,80.0,86.5
DERIVED-HIGH,src/process/extensions/protocol/assetProtocol.ts,src/process/extensions/protocol/assetProtocol.ts,src/process/extensions/protocol/assetProtocol.ts,DELETED-OR-UNTRACKED-MOVE,5,80.0,85.7
DERIVED-HIGH,src/process/services/IConversationService.ts,src/process/services/IConversationService.ts,src/process/services/IConversationService.ts,DELETED-OR-UNTRACKED-MOVE,25,80.0,84.4
DERIVED-HIGH,src/process/services/database/drivers/ISqliteDriver.ts,src/process/services/database/drivers/ISqliteDriver.ts,packages/desktop/src/process/services/database/drivers/ISqliteDriver.ts,MOVED-ONLY,10,80.0,75.0
DERIVED-HIGH,tests/unit/extensions/extensionStorage.test.ts,tests/unit/extensions/extensionStorage.test.ts,tests/unit/extensions/extensionStorage.test.ts,DELETED-OR-UNTRACKED-MOVE,84,79.8,100.0
DERIVED-HIGH,src/common/types/codex/types/eventData.ts,src/common/types/codex/types/eventData.ts,src/common/types/codex/types/eventData.ts,DELETED-OR-UNTRACKED-MOVE,129,79.8,100.0
DERIVED-HIGH,tests/e2e/specs/ext-permissions.e2e.ts,tests/e2e/specs/ext-permissions.e2e.ts,tests/e2e/specs/ext-permissions.e2e.ts,UNTOUCHED,44,79.5,100.0
DERIVED-HIGH,src/process/agent/gemini/cli/useReactToolScheduler.ts,src/process/agent/gemini/cli/useReactToolScheduler.ts,src/process/agent/gemini/cli/useReactToolScheduler.ts,DELETED-OR-UNTRACKED-MOVE,127,79.5,100.0
DERIVED-HIGH,src/renderer/pages/conversation/Preview/components/viewers/CodeViewer.tsx,src/renderer/pages/conversation/Preview/components/viewers/CodeViewer.tsx,src/renderer/pages/conversation/Preview/components/viewers/CodeViewer.tsx,DELETED-OR-UNTRACKED-MOVE,88,79.5,97.9
DERIVED-HIGH,tests/unit/extensions/envResolver.test.ts,tests/unit/extensions/envResolver.test.ts,tests/unit/extensions/envResolver.test.ts,DELETED-OR-UNTRACKED-MOVE,39,79.5,76.5
DERIVED-HIGH,tests/unit/previewEditorKeyRemount.test.ts,tests/unit/previewEditorKeyRemount.test.ts,tests/unit/previewEditorKeyRemount.test.ts,DELETED-OR-UNTRACKED-MOVE,24,79.2,100.0
DERIVED-HIGH,src/process/webserver/auth/repository/RateLimitStore.ts,src/process/webserver/auth/repository/RateLimitStore.ts,src/process/webserver/auth/repository/RateLimitStore.ts,DELETED-OR-UNTRACKED-MOVE,24,79.2,100.0
DERIVED-HIGH,src/renderer/pages/conversation/platforms/useConversationCommandQueue.ts,src/renderer/pages/conversation/platforms/useConversationCommandQueue.ts,packages/desktop/src/renderer/pages/conversation/platforms/useConversationCommandQueue.ts,MOVED+REWRITTEN,322,79.2,99.4
DERIVED-HIGH,tests/unit/SkillsHubSettings.dom.test.tsx,tests/unit/SkillsHubSettings.dom.test.tsx,tests/unit/skills/SkillsHubSettings.dom.test.tsx,MOVED+REWRITTEN,120,79.2,91.9
DERIVED-HIGH,src/renderer/pages/settings/components/ApiKeyEditorModal.tsx,src/renderer/pages/settings/components/ApiKeyEditorModal.tsx,src/renderer/pages/settings/components/ApiKeyEditorModal.tsx,DELETED-OR-UNTRACKED-MOVE,91,79.1,93.3
DERIVED-HIGH,tests/unit/platform/platformRegistry.test.ts,tests/unit/platform/platformRegistry.test.ts,tests/unit/platform/platformRegistry.test.ts,DELETED-OR-UNTRACKED-MOVE,19,78.9,96.3
DERIVED-HIGH,src/process/agent/acp/modelInfo.ts,src/process/agent/acp/modelInfo.ts,src/process/agent/acp/modelInfo.ts,DELETED-OR-UNTRACKED-MOVE,38,78.9,90.3
DERIVED-HIGH,src/process/agent/nanobot/index.ts,src/process/agent/nanobot/index.ts,packages/desktop/src/renderer/api/index.ts,MOVED+REWRITTEN,33,78.8,100.0
DERIVED-HIGH,src/process/services/database/StreamingMessageBuffer.ts,src/process/services/database/StreamingMessageBuffer.ts,src/process/services/database/StreamingMessageBuffer.ts,DELETED-OR-UNTRACKED-MOVE,47,78.7,100.0
DERIVED-HIGH,tests/e2e/specs/ext-acp.e2e.ts,tests/e2e/specs/ext-acp.e2e.ts,tests/e2e/specs/ext-acp.e2e.ts,EDITED-IN-PLACE,28,78.6,100.0
DERIVED-HIGH,src/process/services/database/SqliteChannelRepository.ts,src/process/services/database/SqliteChannelRepository.ts,src/process/services/database/SqliteChannelRepository.ts,DELETED-OR-UNTRACKED-MOVE,28,78.6,100.0
DERIVED-HIGH,src/renderer/pages/conversation/Messages/codex/ToolCallComponent/WebSearchDisplay.tsx,src/renderer/pages/conversation/Messages/codex/ToolCallComponent/WebSearchDisplay.tsx,src/renderer/pages/conversation/Messages/codex/ToolCallComponent/WebSearchDisplay.tsx,DELETED-OR-UNTRACKED-MOVE,28,78.6,77.8
DERIVED-HIGH,src/common/adapter/standalone.ts,src/common/adapter/standalone.ts,src/common/adapter/standalone.ts,DELETED-OR-UNTRACKED-MOVE,14,78.6,66.7
DERIVED-HIGH,src/renderer/pages/conversation/Workspace/utils/treeHelpers.ts,src/renderer/pages/conversation/Workspace/utils/treeHelpers.ts,src/renderer/pages/conversation/Workspace/utils/treeHelpers.ts,DELETED-OR-UNTRACKED-MOVE,107,78.5,83.1
DERIVED-HIGH,tests/e2e/specs/ext-channels.e2e.ts,tests/e2e/specs/ext-channels.e2e.ts,tests/e2e/specs/ext-channels.e2e.ts,UNTOUCHED,51,78.4,100.0
DERIVED-HIGH,src/renderer/pages/conversation/Preview/hooks/useScrollSync.ts,src/renderer/pages/conversation/Preview/hooks/useScrollSync.ts,packages/desktop/src/renderer/pages/conversation/Preview/hooks/useScrollSync.ts,MOVED-ONLY,51,78.4,100.0
DERIVED-HIGH,src/renderer/components/agent/ChannelConflictWarning.tsx,src/renderer/components/agent/ChannelConflictWarning.tsx,packages/desktop/src/renderer/components/agent/ChannelConflictWarning.tsx,MOVED-ONLY,37,78.4,94.8
DERIVED-HIGH,src/process/worker/fork/ForkTask.ts,src/process/worker/fork/ForkTask.ts,src/process/worker/fork/ForkTask.ts,DELETED-OR-UNTRACKED-MOVE,51,78.4,87.9
DERIVED-HIGH,src/process/services/openclawConflictDetector.ts,src/process/services/openclawConflictDetector.ts,src/process/services/openclawConflictDetector.ts,DELETED-OR-UNTRACKED-MOVE,69,78.3,95.5
DERIVED-HIGH,src/renderer/utils/workspace/workspace.ts,src/renderer/utils/workspace/workspace.ts,packages/desktop/src/renderer/utils/workspace/workspace.ts,MOVED+REWRITTEN,23,78.3,95.0
DERIVED-HIGH,src/renderer/pages/conversation/hooks/useWorkspaceCollapse.ts,src/renderer/pages/conversation/hooks/useWorkspaceCollapse.ts,packages/desktop/src/renderer/pages/conversation/hooks/useWorkspaceCollapse.ts,MOVED+EDITED,73,78.1,98.0
DERIVED-HIGH,tests/e2e/specs/ext-webui-contrib.e2e.ts,tests/e2e/specs/ext-webui-contrib.e2e.ts,tests/e2e/specs/ext-webui-contrib.e2e.ts,UNTOUCHED,59,78.0,100.0
DERIVED-HIGH,src/process/services/previewHistoryService.ts,src/process/services/previewHistoryService.ts,src/process/services/previewHistoryService.ts,DELETED-OR-UNTRACKED-MOVE,91,78.0,84.8
DERIVED-HIGH,tests/unit/remoteAgentBridge.test.ts,tests/unit/remoteAgentBridge.test.ts,tests/unit/remoteAgentBridge.test.ts,DELETED-OR-UNTRACKED-MOVE,213,77.9,100.0
DERIVED-HIGH,src/renderer/pages/conversation/Workspace/hooks/useWorkspaceMigration.ts,src/renderer/pages/conversation/Workspace/hooks/useWorkspaceMigration.ts,src/renderer/pages/conversation/Workspace/hooks/useWorkspaceMigration.ts,DELETED-OR-UNTRACKED-MOVE,104,77.9,88.2
DERIVED-HIGH,tests/unit/slashScrollFollow.test.ts,tests/unit/slashScrollFollow.test.ts,tests/unit/slashScrollFollow.test.ts,DELETED-OR-UNTRACKED-MOVE,9,77.8,100.0
DERIVED-HIGH,tests/e2e/specs/webui.e2e.ts,tests/e2e/specs/webui.e2e.ts,tests/e2e/specs/webui.e2e.ts,UNTOUCHED,45,77.8,100.0
DERIVED-HIGH,tests/integration/bundled-bun-packaged.test.ts,tests/integration/bundled-bun-packaged.test.ts,tests/integration/bundled-bun-packaged.test.ts,DELETED-OR-UNTRACKED-MOVE,81,77.8,87.0
DERIVED-HIGH,src/renderer/hooks/agent/useModelProviderList.ts,src/renderer/hooks/agent/useModelProviderList.ts,packages/desktop/src/renderer/hooks/agent/useModelProviderList.ts,MOVED+EDITED,63,77.8,86.4
DERIVED-HIGH,tests/unit/readDirectoryRecursive.test.ts,tests/unit/readDirectoryRecursive.test.ts,tests/unit/readDirectoryRecursive.test.ts,DELETED-OR-UNTRACKED-MOVE,112,77.7,93.6
DERIVED-HIGH,src/process/agent/gemini/cli/tools/conversation-tool-config.ts,src/process/agent/gemini/cli/tools/conversation-tool-config.ts,src/process/agent/gemini/cli/tools/conversation-tool-config.ts,DELETED-OR-UNTRACKED-MOVE,67,77.6,87.3
DERIVED-HIGH,tests/unit/geminiHooks.dom.test.ts,tests/unit/geminiHooks.dom.test.ts,tests/unit/geminiHooks.dom.test.ts,DELETED-OR-UNTRACKED-MOVE,80,77.5,100.0
DERIVED-HIGH,tests/unit/RemoteAgentManagement.dom.test.tsx,tests/unit/RemoteAgentManagement.dom.test.tsx,tests/unit/RemoteAgentManagement.dom.test.tsx,DELETED-OR-UNTRACKED-MOVE,71,77.5,89.6
DERIVED-HIGH,src/process/task/BaseAgentManager.ts,src/process/task/BaseAgentManager.ts,src/process/task/BaseAgentManager.ts,DELETED-OR-UNTRACKED-MOVE,40,77.5,86.7
DERIVED-HIGH,src/renderer/pages/conversation/Workspace/components/WorkspaceContextMenu.tsx,src/renderer/pages/conversation/Workspace/components/WorkspaceContextMenu.tsx,src/renderer/pages/conversation/Workspace/components/WorkspaceContextMenu.tsx,DELETED-OR-UNTRACKED-MOVE,53,77.4,93.1
DERIVED-HIGH,src/renderer/utils/chat/autoTitle.ts,src/renderer/utils/chat/autoTitle.ts,packages/desktop/src/renderer/utils/chat/autoTitle.ts,MOVED-ONLY,22,77.3,95.2
DERIVED-HIGH,src/renderer/components/settings/LanguageSwitcher.tsx,src/renderer/components/settings/LanguageSwitcher.tsx,packages/desktop/src/renderer/components/settings/LanguageSwitcher.tsx,MOVED+EDITED,22,77.3,88.5
DERIVED-HIGH,src/renderer/hooks/system/useProtocolDetection.ts,src/renderer/hooks/system/useProtocolDetection.ts,packages/desktop/src/renderer/hooks/system/useProtocolDetection.ts,MOVED+EDITED,48,77.1,100.0
DERIVED-HIGH,src/renderer/components/chat/CollapsibleContent.tsx,src/renderer/components/chat/CollapsibleContent.tsx,packages/desktop/src/renderer/components/chat/CollapsibleContent.tsx,MOVED-ONLY,70,77.1,96.2
DERIVED-HIGH,src/process/webserver/websocket/WebSocketManager.ts,src/process/webserver/websocket/WebSocketManager.ts,src/process/webserver/websocket/WebSocketManager.ts,DELETED-OR-UNTRACKED-MOVE,96,77.1,87.9
DERIVED-HIGH,src/process/task/ThinkTagDetector.ts,src/process/task/ThinkTagDetector.ts,src/process/task/ThinkTagDetector.ts,DELETED-OR-UNTRACKED-MOVE,39,76.9,100.0
DERIVED-HIGH,src/process/utils/configureChromium.ts,src/process/utils/configureChromium.ts,packages/desktop/src/process/utils/configureChromium.ts,MOVED+EDITED,130,76.9,81.7
DERIVED-HIGH,src/process/bridge/weixinLoginBridge.ts,src/process/bridge/weixinLoginBridge.ts,src/process/bridge/weixinLoginBridge.ts,DELETED-OR-UNTRACKED-MOVE,13,76.9,80.0
DERIVED-HIGH,src/renderer/pages/conversation/Workspace/hooks/useWorkspacePaste.ts,src/renderer/pages/conversation/Workspace/hooks/useWorkspacePaste.ts,src/renderer/pages/conversation/Workspace/hooks/useWorkspacePaste.ts,DELETED-OR-UNTRACKED-MOVE,112,76.8,97.9
DERIVED-HIGH,src/renderer/components/settings/SettingsModal/contents/SystemModalContent/DevSettings.tsx,src/renderer/components/settings/SettingsModal/contents/SystemModalContent/DevSettings.tsx,packages/desktop/src/renderer/components/settings/SettingsModal/contents/SystemModalContent/DevSettings.tsx,MOVED+EDITED,112,76.8,96.4
DERIVED-HIGH,src/renderer/utils/platform.ts,src/renderer/utils/platform.ts,packages/desktop/src/renderer/utils/platform.ts,MOVED+EDITED,47,76.6,73.8
DERIVED-HIGH,src/process/services/i18n/index.ts,src/process/services/i18n/index.ts,packages/desktop/src/process/services/i18n/index.ts,MOVED+EDITED,34,76.5,100.0
DERIVED-HIGH,tests/unit/ChannelModelSelectionRestore.dom.test.tsx,tests/unit/ChannelModelSelectionRestore.dom.test.tsx,tests/unit/ChannelModelSelectionRestore.dom.test.tsx,DELETED-OR-UNTRACKED-MOVE,81,76.5,95.0
DERIVED-HIGH,tests/unit/extensionsBridge.test.ts,tests/unit/extensionsBridge.test.ts,tests/unit/extensionsBridge.test.ts,DELETED-OR-UNTRACKED-MOVE,76,76.3,100.0
DERIVED-HIGH,tests/unit/weixinLoginHandler.test.ts,tests/unit/weixinLoginHandler.test.ts,tests/unit/weixinLoginHandler.test.ts,DELETED-OR-UNTRACKED-MOVE,59,76.3,98.0
DERIVED-HIGH,tests/unit/acpTypesSkillsDirs.test.ts,tests/unit/acpTypesSkillsDirs.test.ts,tests/unit/acpTypesSkillsDirs.test.ts,DELETED-OR-UNTRACKED-MOVE,59,76.3,93.0
DERIVED-HIGH,src/renderer/utils/file/diffUtils.ts,src/renderer/utils/file/diffUtils.ts,packages/desktop/src/renderer/utils/file/diffUtils.ts,MOVED+EDITED,42,76.2,100.0
DERIVED-HIGH,src/common/platform/IPlatformServices.ts,src/common/platform/IPlatformServices.ts,packages/desktop/src/common/platform/IPlatformServices.ts,MOVED+EDITED,21,76.2,77.4
DERIVED-HIGH,tests/unit/PptViewer.dom.test.tsx,tests/unit/PptViewer.dom.test.tsx,tests/unit/previews/PptViewer.dom.test.tsx,MOVED+REWRITTEN,71,76.1,100.0
DERIVED-HIGH,src/process/channels/plugins/lark/LarkCards.ts,src/process/channels/plugins/lark/LarkCards.ts,src/process/channels/plugins/lark/LarkCards.ts,DELETED-OR-UNTRACKED-MOVE,201,76.1,99.3
DERIVED-HIGH,src/process/agent/acp/AcpAdapter.ts,src/process/agent/acp/AcpAdapter.ts,src/process/agent/acp/AcpAdapter.ts,DELETED-OR-UNTRACKED-MOVE,100,76.0,93.4
DERIVED-HIGH,src/common/update/updateTypes.ts,src/common/update/updateTypes.ts,packages/desktop/src/common/update/updateTypes.ts,MOVED+EDITED,25,76.0,68.9
DERIVED-HIGH,tests/unit/mainWindowCloseHandler.test.ts,tests/unit/mainWindowCloseHandler.test.ts,tests/unit/mainWindowCloseHandler.test.ts,DELETED-OR-UNTRACKED-MOVE,29,75.9,100.0
DERIVED-HIGH,src/common/api/ClientFactory.ts,src/common/api/ClientFactory.ts,packages/desktop/src/common/api/ClientFactory.ts,MOVED+EDITED,58,75.9,97.9
DERIVED-HIGH,src/renderer/pages/conversation/components/ChatLayout/WorkspacePanelHeader.tsx,src/renderer/pages/conversation/components/ChatLayout/WorkspacePanelHeader.tsx,packages/desktop/src/renderer/pages/conversation/components/ChatLayout/WorkspacePanelHeader.tsx,MOVED+EDITED,29,75.9,86.1
DERIVED-HIGH,tests/unit/BaseAgentManagerDecouple.test.ts,tests/unit/BaseAgentManagerDecouple.test.ts,tests/unit/BaseAgentManagerDecouple.test.ts,DELETED-OR-UNTRACKED-MOVE,120,75.8,94.4
DERIVED-HIGH,src/renderer/pages/guid/components/AssistantSelectionArea.tsx,src/renderer/pages/guid/components/AssistantSelectionArea.tsx,packages/desktop/src/renderer/pages/guid/components/AssistantSelectionArea.tsx,MOVED+REWRITTEN,168,75.6,87.9
DERIVED-HIGH,src/renderer/services/SpeechToTextService.ts,src/renderer/services/SpeechToTextService.ts,packages/desktop/src/renderer/services/SpeechToTextService.ts,MOVED+EDITED,53,75.5,76.9
DERIVED-HIGH,tests/unit/sendboxWarmup.dom.test.ts,tests/unit/sendboxWarmup.dom.test.ts,tests/unit/sendboxWarmup.dom.test.ts,DELETED-OR-UNTRACKED-MOVE,122,75.4,100.0
DERIVED-HIGH,src/renderer/components/chat/CommandQueuePanel.tsx,src/renderer/components/chat/CommandQueuePanel.tsx,packages/desktop/src/renderer/components/chat/CommandQueuePanel.tsx,MOVED+REWRITTEN,150,75.3,96.9
DERIVED-HIGH,src/renderer/pages/settings/ExtensionSettingsPage.tsx,src/renderer/pages/settings/ExtensionSettingsPage.tsx,packages/desktop/src/renderer/pages/settings/ExtensionSettingsPage.tsx,MOVED+EDITED,81,75.3,84.8
DERIVED-HIGH,tests/unit/directoryApi.test.ts,tests/unit/directoryApi.test.ts,tests/unit/directoryApi.test.ts,DELETED-OR-UNTRACKED-MOVE,157,75.2,100.0
DERIVED-HIGH,src/renderer/pages/conversation/Preview/components/PreviewPanel/PreviewToolbar.tsx,src/renderer/pages/conversation/Preview/components/PreviewPanel/PreviewToolbar.tsx,packages/desktop/src/renderer/pages/conversation/Preview/components/PreviewPanel/PreviewToolbar.tsx,MOVED+EDITED,117,75.2,96.9
DERIVED-HIGH,src/process/services/mcpServices/agents/ClaudeMcpAgent.ts,src/process/services/mcpServices/agents/ClaudeMcpAgent.ts,src/process/services/mcpServices/agents/ClaudeMcpAgent.ts,DELETED-OR-UNTRACKED-MOVE,101,75.2,92.7
DERIVED-HIGH,tests/unit/slashCommandController.test.tsx,tests/unit/slashCommandController.test.tsx,tests/unit/slashCommandController.test.tsx,DELETED-OR-UNTRACKED-MOVE,24,75.0,100.0
DERIVED-HIGH,tests/integration/i18n-performance.test.ts,tests/integration/i18n-performance.test.ts,tests/integration/i18n-performance.test.ts,DELETED-OR-UNTRACKED-MOVE,88,75.0,100.0
DERIVED-HIGH,src/common/utils/protocolDetector.ts,src/common/utils/protocolDetector.ts,packages/desktop/src/common/utils/protocolDetector.ts,MOVED+EDITED,112,75.0,99.1
DERIVED-HIGH,tests/e2e/specs/acp-agent.e2e.ts,tests/e2e/specs/acp-agent.e2e.ts,tests/e2e/specs/acp-agent.e2e.ts,EDITED-IN-PLACE,44,75.0,97.8
DERIVED-HIGH,src/renderer/hooks/chat/useCompositionInput.ts,src/renderer/hooks/chat/useCompositionInput.ts,packages/desktop/src/renderer/hooks/chat/useCompositionInput.ts,MOVED+EDITED,16,75.0,85.7
DERIVED-HIGH,src/renderer/pages/conversation/Preview/components/editors/index.ts,src/renderer/pages/conversation/Preview/components/editors/index.ts,packages/desktop/src/renderer/pages/conversation/Preview/components/editors/index.ts,MOVED+EDITED,4,75.0,75.0
DERIVED-HIGH,src/renderer/utils/file/workspaceFs.ts,src/renderer/utils/file/workspaceFs.ts,src/renderer/utils/file/workspaceFs.ts,DELETED-OR-UNTRACKED-MOVE,8,75.0,73.3
DERIVED-HIGH,src/renderer/hooks/context/LayoutContext.tsx,src/renderer/hooks/context/LayoutContext.tsx,packages/desktop/src/renderer/hooks/context/LayoutContext.tsx,MOVED-ONLY,8,75.0,61.5
DERIVED-HIGH,tests/unit/AgentCard.dom.test.tsx,tests/unit/AgentCard.dom.test.tsx,tests/unit/renderer/AgentCard.dom.test.tsx,MOVED+REWRITTEN,87,74.7,90.0
DERIVED-HIGH,src/process/channels/plugins/telegram/TelegramAdapter.ts,src/process/channels/plugins/telegram/TelegramAdapter.ts,src/process/channels/plugins/telegram/TelegramAdapter.ts,DELETED-OR-UNTRACKED-MOVE,130,74.6,80.8
DERIVED-HIGH,tests/unit/modelBridge.test.ts,tests/unit/modelBridge.test.ts,tests/unit/modelBridge.test.ts,DELETED-OR-UNTRACKED-MOVE,51,74.5,100.0
DERIVED-HIGH,src/renderer/pages/conversation/Messages/components/MessageToolGroup.tsx,src/renderer/pages/conversation/Messages/components/MessageToolGroup.tsx,packages/desktop/src/renderer/pages/conversation/Messages/components/MessageToolGroup.tsx,MOVED+EDITED,231,74.5,93.0
DERIVED-HIGH,src/renderer/pages/conversation/Messages/components/MessageToolGroupSummary.tsx,src/renderer/pages/conversation/Messages/components/MessageToolGroupSummary.tsx,packages/desktop/src/renderer/pages/conversation/Messages/components/MessageToolGroupSummary.tsx,MOVED+REWRITTEN,110,74.5,92.1
DERIVED-HIGH,vite.renderer.config.ts,vite.renderer.config.ts,vite.renderer.config.ts,DELETED-OR-UNTRACKED-MOVE,51,74.5,80.6
DERIVED-HIGH,tests/unit/InlineAgentEditor.dom.test.tsx,tests/unit/InlineAgentEditor.dom.test.tsx,tests/unit/InlineAgentEditor.dom.test.tsx,DELETED-OR-UNTRACKED-MOVE,117,74.4,100.0
DERIVED-HIGH,src/renderer/pages/conversation/hooks/useTitleRename.ts,src/renderer/pages/conversation/hooks/useTitleRename.ts,packages/desktop/src/renderer/pages/conversation/hooks/useTitleRename.ts,MOVED+EDITED,39,74.4,92.7
DERIVED-HIGH,tests/unit/initAgent.skills.test.ts,tests/unit/initAgent.skills.test.ts,tests/unit/initAgent.skills.test.ts,DELETED-OR-UNTRACKED-MOVE,153,73.9,97.9
DERIVED-HIGH,src/renderer/hooks/context/ThemeContext.tsx,src/renderer/hooks/context/ThemeContext.tsx,packages/desktop/src/renderer/hooks/context/ThemeContext.tsx,MOVED+REWRITTEN,23,73.9,84.6
DERIVED-HIGH,src/renderer/utils/file/download.ts,src/renderer/utils/file/download.ts,packages/desktop/src/renderer/utils/file/download.ts,MOVED+EDITED,19,73.7,84.0
DERIVED-HIGH,tests/unit/chat/sendboxExport.dom.test.tsx,tests/unit/chat/sendboxExport.dom.test.tsx,tests/unit/chat/sendboxExport.dom.test.tsx,DELETED-OR-UNTRACKED-MOVE,129,73.6,100.0
DERIVED-HIGH,src/renderer/pages/settings/components/OneClickImportModal.tsx,src/renderer/pages/settings/components/OneClickImportModal.tsx,packages/desktop/src/renderer/pages/settings/components/OneClickImportModal.tsx,MOVED+REWRITTEN,136,73.5,89.2
DERIVED-HIGH,src/process/utils/deepLink.ts,src/process/utils/deepLink.ts,packages/desktop/src/process/utils/deepLink.ts,MOVED+EDITED,30,73.3,84.8
DERIVED-HIGH,src/process/bridge/dialogBridge.ts,src/process/bridge/dialogBridge.ts,packages/desktop/src/process/bridge/dialogBridge.ts,MOVED-ONLY,15,73.3,70.8
DERIVED-HIGH,tests/unit/extensions/dependencyResolver.test.ts,tests/unit/extensions/dependencyResolver.test.ts,tests/unit/extensions/dependencyResolver.test.ts,DELETED-OR-UNTRACKED-MOVE,41,73.2,80.0
DERIVED-HIGH,src/process/bridge/windowControlsBridge.ts,src/process/bridge/windowControlsBridge.ts,packages/desktop/src/process/bridge/windowControlsBridge.ts,MOVED+EDITED,26,73.1,100.0
DERIVED-HIGH,src/renderer/components/media/HorizontalFileList.tsx,src/renderer/components/media/HorizontalFileList.tsx,packages/desktop/src/renderer/components/media/HorizontalFileList.tsx,MOVED+EDITED,63,73.0,95.5
DERIVED-HIGH,tests/unit/layoutCalc.test.ts,tests/unit/layoutCalc.test.ts,tests/unit/layoutCalc.test.ts,DELETED-OR-UNTRACKED-MOVE,166,72.9,100.0
DERIVED-HIGH,src/process/webserver/middleware/rateLimiter.ts,src/process/webserver/middleware/rateLimiter.ts,src/process/webserver/middleware/rateLimiter.ts,DELETED-OR-UNTRACKED-MOVE,66,72.7,100.0
DERIVED-HIGH,tests/e2e/specs/ext-mcp.e2e.ts,tests/e2e/specs/ext-mcp.e2e.ts,tests/e2e/specs/ext-mcp.e2e.ts,EDITED-IN-PLACE,22,72.7,96.6
DERIVED-HIGH,tests/unit/webuiStaticRoutes.test.ts,tests/unit/webuiStaticRoutes.test.ts,tests/unit/webuiStaticRoutes.test.ts,DELETED-OR-UNTRACKED-MOVE,33,72.7,83.3
DERIVED-HIGH,src/process/webserver/routes/apiRoutes.ts,src/process/webserver/routes/apiRoutes.ts,src/process/webserver/routes/apiRoutes.ts,DELETED-OR-UNTRACKED-MOVE,300,72.7,79.6
DERIVED-HIGH,src/renderer/pages/conversation/GroupedHistory/hooks/useConversationListSync.ts,src/renderer/pages/conversation/GroupedHistory/hooks/useConversationListSync.ts,packages/desktop/src/renderer/pages/conversation/GroupedHistory/hooks/useConversationListSync.ts,MOVED+EDITED,138,72.5,85.4
DERIVED-HIGH,src/process/task/RemoteAgentManager.ts,src/process/task/RemoteAgentManager.ts,src/process/task/RemoteAgentManager.ts,DELETED-OR-UNTRACKED-MOVE,127,72.4,82.9
DERIVED-HIGH,tests/unit/ThinkTagDetector.test.ts,tests/unit/ThinkTagDetector.test.ts,tests/unit/ThinkTagDetector.test.ts,DELETED-OR-UNTRACKED-MOVE,231,72.3,88.4
DERIVED-HIGH,src/process/services/cron/CronStore.ts,src/process/services/cron/CronStore.ts,src/process/services/cron/CronStore.ts,DELETED-OR-UNTRACKED-MOVE,126,72.2,82.2
DERIVED-HIGH,src/renderer/utils/model/agentLogo.ts,src/renderer/utils/model/agentLogo.ts,packages/desktop/src/renderer/utils/model/agentLogo.ts,MOVED+REWRITTEN,61,72.1,78.6
DERIVED-HIGH,src/process/channels/plugins/BasePlugin.ts,src/process/channels/plugins/BasePlugin.ts,src/process/channels/plugins/BasePlugin.ts,DELETED-OR-UNTRACKED-MOVE,68,72.1,70.4
DERIVED-HIGH,tests/integration/autoUpdate.integration.test.ts,tests/integration/autoUpdate.integration.test.ts,tests/integration/autoUpdate.integration.test.ts,DELETED-OR-UNTRACKED-MOVE,103,71.8,93.8
DERIVED-HIGH,tests/unit/assistantHooks.dom.test.ts,tests/unit/assistantHooks.dom.test.ts,tests/unit/assistantHooks.dom.test.ts,DELETED-OR-UNTRACKED-MOVE,206,71.8,91.9
DERIVED-HIGH,src/renderer/pages/conversation/platforms/gemini/GeminiModelSelector.tsx,src/renderer/pages/conversation/platforms/gemini/GeminiModelSelector.tsx,src/renderer/pages/conversation/platforms/gemini/GeminiModelSelector.tsx,DELETED-OR-UNTRACKED-MOVE,110,71.8,83.1
DERIVED-HIGH,tests/unit/workerTaskManagerSingleton.test.ts,tests/unit/workerTaskManagerSingleton.test.ts,tests/unit/workerTaskManagerSingleton.test.ts,DELETED-OR-UNTRACKED-MOVE,46,71.7,90.0
DERIVED-HIGH,src/renderer/pages/guid/components/PresetAgentTag.tsx,src/renderer/pages/guid/components/PresetAgentTag.tsx,src/renderer/pages/guid/components/PresetAgentTag.tsx,DELETED-OR-UNTRACKED-MOVE,53,71.7,85.7
DERIVED-HIGH,src/process/bridge/authBridge.ts,src/process/bridge/authBridge.ts,src/process/bridge/authBridge.ts,DELETED-OR-UNTRACKED-MOVE,46,71.7,70.3
DERIVED-HIGH,src/process/extensions/resolvers/utils/engineValidator.ts,src/process/extensions/resolvers/utils/engineValidator.ts,src/process/extensions/resolvers/utils/engineValidator.ts,DELETED-OR-UNTRACKED-MOVE,46,71.7,68.1
DERIVED-HIGH,tests/unit/renderer/useGeminiInitialMessage.dom.test.tsx,tests/unit/renderer/useGeminiInitialMessage.dom.test.tsx,tests/unit/renderer/useGeminiInitialMessage.dom.test.tsx,DELETED-OR-UNTRACKED-MOVE,88,71.6,94.4
DERIVED-HIGH,src/renderer/services/PasteService.ts,src/renderer/services/PasteService.ts,packages/desktop/src/renderer/services/PasteService.ts,MOVED+EDITED,116,71.6,87.3
DERIVED-HIGH,src/process/agent/acp/AcpConnection.ts,src/process/agent/acp/AcpConnection.ts,src/process/agent/acp/AcpConnection.ts,DELETED-OR-UNTRACKED-MOVE,431,71.5,88.0
DERIVED-HIGH,src/renderer/pages/conversation/Messages/components/MessageThinking.tsx,src/renderer/pages/conversation/Messages/components/MessageThinking.tsx,packages/desktop/src/renderer/pages/conversation/Messages/components/MessageThinking.tsx,MOVED+REWRITTEN,49,71.4,93.0
DERIVED-HIGH,src/renderer/pages/conversation/Messages/components/MessageTips.tsx,src/renderer/pages/conversation/Messages/components/MessageTips.tsx,packages/desktop/src/renderer/pages/conversation/Messages/components/MessageTips.tsx,MOVED+REWRITTEN,28,71.4,84.8
DERIVED-HIGH,tests/unit/acpApplySessionMode.test.ts,tests/unit/acpApplySessionMode.test.ts,tests/unit/acpApplySessionMode.test.ts,DELETED-OR-UNTRACKED-MOVE,98,71.4,83.0
DERIVED-HIGH,src/process/services/mcpServices/agents/GeminiMcpAgent.ts,src/process/services/mcpServices/agents/GeminiMcpAgent.ts,src/process/services/mcpServices/agents/GeminiMcpAgent.ts,DELETED-OR-UNTRACKED-MOVE,108,71.3,89.1
DERIVED-HIGH,tests/unit/platform/NodePlatformServices.test.ts,tests/unit/platform/NodePlatformServices.test.ts,tests/unit/platform/NodePlatformServices.test.ts,DELETED-OR-UNTRACKED-MOVE,66,71.2,97.7
DERIVED-HIGH,src/process/extensions/index.ts,src/process/extensions/index.ts,packages/desktop/src/renderer/api/index.ts,MOVED+REWRITTEN,38,71.1,84.3
DERIVED-HIGH,tests/unit/guidAgentHooks.dom.test.ts,tests/unit/guidAgentHooks.dom.test.ts,tests/unit/guidAgentHooks.dom.test.ts,DELETED-OR-UNTRACKED-MOVE,123,70.7,100.0
DERIVED-HIGH,src/renderer/pages/conversation/platforms/gemini/useGeminiMessage.ts,src/renderer/pages/conversation/platforms/gemini/useGeminiMessage.ts,packages/desktop/src/renderer/pages/conversation/platforms/aionrs/useAionrsMessage.ts,MOVED+EDITED,157,70.7,95.3
DERIVED-HIGH,tests/unit/SqliteConversationRepository.test.ts,tests/unit/SqliteConversationRepository.test.ts,tests/unit/SqliteConversationRepository.test.ts,DELETED-OR-UNTRACKED-MOVE,75,70.7,71.2
DERIVED-HIGH,tests/unit/webserver/csrfClient.dom.test.ts,tests/unit/webserver/csrfClient.dom.test.ts,tests/unit/webserver/csrfClient.dom.test.ts,DELETED-OR-UNTRACKED-MOVE,85,70.6,100.0
DERIVED-HIGH,tests/unit/channels/weixinConfigForm.dom.test.tsx,tests/unit/channels/weixinConfigForm.dom.test.tsx,tests/unit/channels/weixinConfigForm.dom.test.tsx,DELETED-OR-UNTRACKED-MOVE,180,70.6,100.0
DERIVED-HIGH,src/renderer/hooks/ui/useTextSelection.ts,src/renderer/hooks/ui/useTextSelection.ts,packages/desktop/src/renderer/hooks/ui/useTextSelection.ts,MOVED-ONLY,34,70.6,100.0
DERIVED-HIGH,src/common/config/i18n.ts,src/common/config/i18n.ts,packages/desktop/src/common/config/i18n.ts,MOVED+EDITED,44,70.5,83.8
DERIVED-HIGH,src/process/channels/gateway/PluginManager.ts,src/process/channels/gateway/PluginManager.ts,src/process/channels/gateway/PluginManager.ts,DELETED-OR-UNTRACKED-MOVE,139,70.5,82.0
DERIVED-HIGH,tests/unit/configureChromium.test.ts,tests/unit/configureChromium.test.ts,tests/unit/configureChromium.test.ts,DELETED-OR-UNTRACKED-MOVE,135,70.4,97.0
DERIVED-HIGH,src/process/channels/pairing/PairingService.ts,src/process/channels/pairing/PairingService.ts,src/process/channels/pairing/PairingService.ts,DELETED-OR-UNTRACKED-MOVE,142,70.4,96.3
DERIVED-HIGH,src/renderer/pages/conversation/platforms/acp/AcpSendBox.tsx,src/renderer/pages/conversation/platforms/acp/AcpSendBox.tsx,packages/desktop/src/renderer/pages/conversation/platforms/acp/AcpSendBox.tsx,MOVED+REWRITTEN,196,70.4,78.7
DERIVED-HIGH,tests/unit/channels/weixinLogin.test.ts,tests/unit/channels/weixinLogin.test.ts,tests/unit/channels/weixinLogin.test.ts,DELETED-OR-UNTRACKED-MOVE,64,70.3,81.7
DERIVED-HIGH,vitest.config.ts,vitest.config.ts,vitest.config.ts,EDITED-IN-PLACE,30,70.0,82.9
DERIVED-HIGH,tests/unit/usePresetAssistantInfo.dom.test.ts,tests/unit/usePresetAssistantInfo.dom.test.ts,tests/unit/renderer/usePresetAssistantInfo.dom.test.ts,MOVED+REWRITTEN,73,69.9,100.0
DERIVED-HIGH,src/renderer/pages/conversation/GroupedHistory/index.tsx,src/renderer/pages/conversation/GroupedHistory/index.tsx,packages/desktop/src/renderer/pages/conversation/GroupedHistory/index.tsx,MOVED+REWRITTEN,216,69.9,82.5
DERIVED-HIGH,src/process/task/OpenClawAgentManager.ts,src/process/task/OpenClawAgentManager.ts,src/process/task/OpenClawAgentManager.ts,DELETED-OR-UNTRACKED-MOVE,146,69.9,79.5
DERIVED-HIGH,tests/unit/channelBridge.test.ts,tests/unit/channelBridge.test.ts,tests/unit/channelBridge.test.ts,DELETED-OR-UNTRACKED-MOVE,152,69.7,78.7
DERIVED-HIGH,src/renderer/pages/settings/AgentSettings/RemoteAgentManagement.tsx,src/renderer/pages/settings/AgentSettings/RemoteAgentManagement.tsx,src/renderer/pages/settings/AgentSettings/RemoteAgentManagement.tsx,DELETED-OR-UNTRACKED-MOVE,224,69.6,88.7
DERIVED-HIGH,tests/unit/chat/useAutoTitle.dom.test.tsx,tests/unit/chat/useAutoTitle.dom.test.tsx,tests/unit/chat/useAutoTitle.dom.test.tsx,DELETED-OR-UNTRACKED-MOVE,46,69.6,82.4
DERIVED-HIGH,src/renderer/utils/model/errorDetection.ts,src/renderer/utils/model/errorDetection.ts,packages/desktop/src/renderer/utils/model/errorDetection.ts,MOVED-ONLY,46,69.6,75.6
DERIVED-HIGH,src/process/services/mcpServices/agents/QwenMcpAgent.ts,src/process/services/mcpServices/agents/QwenMcpAgent.ts,src/process/services/mcpServices/agents/QwenMcpAgent.ts,DELETED-OR-UNTRACKED-MOVE,95,69.5,89.7
DERIVED-HIGH,tests/unit/RemoteSendBox.dom.test.tsx,tests/unit/RemoteSendBox.dom.test.tsx,tests/unit/RemoteSendBox.dom.test.tsx,DELETED-OR-UNTRACKED-MOVE,167,69.5,89.1
DERIVED-HIGH,src/process/task/workerTaskManagerSingleton.ts,src/process/task/workerTaskManagerSingleton.ts,src/process/task/workerTaskManagerSingleton.ts,DELETED-OR-UNTRACKED-MOVE,36,69.4,89.3
DERIVED-HIGH,src/renderer/components/settings/SettingsModal/contents/WebuiModalContent.tsx,src/renderer/components/settings/SettingsModal/contents/WebuiModalContent.tsx,packages/desktop/src/renderer/components/settings/SettingsModal/contents/WebuiModalContent.tsx,MOVED+EDITED,503,69.4,82.7
DERIVED-HIGH,src/renderer/pages/conversation/Preview/components/renderers/HTMLRenderer.tsx,src/renderer/pages/conversation/Preview/components/renderers/HTMLRenderer.tsx,packages/desktop/src/renderer/pages/conversation/Preview/components/renderers/HTMLRenderer.tsx,MOVED+EDITED,277,69.3,87.6
DERIVED-HIGH,src/renderer/hooks/chat/useTypingAnimation.ts,src/renderer/hooks/chat/useTypingAnimation.ts,packages/desktop/src/renderer/hooks/chat/useTypingAnimation.ts,MOVED-ONLY,39,69.2,100.0
DERIVED-HIGH,src/process/agent/remote/types.ts,src/process/agent/remote/types.ts,packages/desktop/src/common/types/agent/remoteAgentTypes.ts,MOVED+EDITED,13,69.2,91.3
DERIVED-HIGH,src/process/utils/message.ts,src/process/utils/message.ts,src/process/utils/message.ts,DELETED-OR-UNTRACKED-MOVE,65,69.2,85.7
DERIVED-HIGH,src/process/services/cron/CronBusyGuard.ts,src/process/services/cron/CronBusyGuard.ts,src/process/services/cron/CronBusyGuard.ts,DELETED-OR-UNTRACKED-MOVE,52,69.2,78.8
DERIVED-HIGH,src/process/task/IAgentManager.ts,src/process/task/IAgentManager.ts,src/process/task/IAgentManager.ts,DELETED-OR-UNTRACKED-MOVE,13,69.2,66.7
DERIVED-HIGH,src/renderer/pages/guid/hooks/usePresetAssistantResolver.ts,src/renderer/pages/guid/hooks/usePresetAssistantResolver.ts,src/renderer/pages/guid/hooks/usePresetAssistantResolver.ts,DELETED-OR-UNTRACKED-MOVE,68,69.1,89.4
DERIVED-HIGH,uno.config.ts,uno.config.ts,uno.config.ts,EDITED-IN-PLACE,68,69.1,86.5
DERIVED-HIGH,tests/unit/useConversations.dom.test.ts,tests/unit/useConversations.dom.test.ts,tests/unit/useConversations.dom.test.ts,DELETED-OR-UNTRACKED-MOVE,84,69.0,98.6
DERIVED-HIGH,src/renderer/pages/conversation/Preview/components/editors/TextEditor.tsx,src/renderer/pages/conversation/Preview/components/editors/TextEditor.tsx,src/renderer/pages/conversation/Preview/components/editors/TextEditor.tsx,DELETED-OR-UNTRACKED-MOVE,32,68.8,100.0
DERIVED-HIGH,src/common/types/speech.ts,src/common/types/speech.ts,packages/desktop/src/common/types/provider/speech.ts,MOVED+EDITED,16,68.8,85.7
DERIVED-HIGH,src/renderer/components/agent/AgentModeSelector.tsx,src/renderer/components/agent/AgentModeSelector.tsx,packages/desktop/src/renderer/components/agent/AgentModeSelector.tsx,MOVED+REWRITTEN,128,68.8,78.8
DERIVED-HIGH,src/process/channels/plugins/dingtalk/DingTalkAdapter.ts,src/process/channels/plugins/dingtalk/DingTalkAdapter.ts,src/process/channels/plugins/dingtalk/DingTalkAdapter.ts,DELETED-OR-UNTRACKED-MOVE,147,68.7,81.0
DERIVED-HIGH,src/common/platform/NodePlatformServices.ts,src/common/platform/NodePlatformServices.ts,packages/desktop/src/common/platform/NodePlatformServices.ts,MOVED+EDITED,35,68.6,76.0
DERIVED-HIGH,src/process/webserver/auth/repository/UserRepository.ts,src/process/webserver/auth/repository/UserRepository.ts,src/process/webserver/auth/repository/UserRepository.ts,DELETED-OR-UNTRACKED-MOVE,73,68.5,83.6
DERIVED-HIGH,src/renderer/components/settings/SettingsModal/contents/channels/ChannelModalContent.tsx,src/renderer/components/settings/SettingsModal/contents/channels/ChannelModalContent.tsx,packages/desktop/src/renderer/components/settings/SettingsModal/contents/channels/ChannelModalContent.tsx,MOVED+EDITED,454,68.5,72.3
DERIVED-HIGH,src/renderer/pages/conversation/platforms/remote/RemoteSendBox.tsx,src/renderer/pages/conversation/platforms/remote/RemoteSendBox.tsx,src/renderer/pages/conversation/platforms/remote/RemoteSendBox.tsx,DELETED-OR-UNTRACKED-MOVE,209,68.4,76.9
DERIVED-HIGH,src/renderer/hooks/context/ConversationContext.tsx,src/renderer/hooks/context/ConversationContext.tsx,packages/desktop/src/renderer/hooks/context/ConversationContext.tsx,MOVED+EDITED,19,68.4,62.1
DERIVED-HIGH,src/renderer/pages/settings/AgentSettings/InlineAgentEditor.tsx,src/renderer/pages/settings/AgentSettings/InlineAgentEditor.tsx,packages/desktop/src/renderer/pages/settings/AgentSettings/InlineAgentEditor.tsx,MOVED+REWRITTEN,186,68.3,86.7
DERIVED-HIGH,src/process/channels/actions/PlatformActions.ts,src/process/channels/actions/PlatformActions.ts,src/process/channels/actions/PlatformActions.ts,DELETED-OR-UNTRACKED-MOVE,116,68.1,97.9
DERIVED-HIGH,src/process/channels/core/SessionManager.ts,src/process/channels/core/SessionManager.ts,src/process/channels/core/SessionManager.ts,DELETED-OR-UNTRACKED-MOVE,94,68.1,91.4
DERIVED-HIGH,tests/unit/WebSocketManager.test.ts,tests/unit/WebSocketManager.test.ts,tests/unit/WebSocketManager.test.ts,DELETED-OR-UNTRACKED-MOVE,50,68.0,94.9
DERIVED-HIGH,tests/unit/errorDetection.test.ts,tests/unit/errorDetection.test.ts,tests/unit/errorDetection.test.ts,DELETED-OR-UNTRACKED-MOVE,154,67.5,63.9
DERIVED-HIGH,tests/unit/useScrollSync.dom.test.ts,tests/unit/useScrollSync.dom.test.ts,tests/unit/useScrollSync.dom.test.ts,DELETED-OR-UNTRACKED-MOVE,86,67.4,100.0
DERIVED-HIGH,tests/unit/deepLink.test.ts,tests/unit/deepLink.test.ts,tests/unit/deepLink.test.ts,DELETED-OR-UNTRACKED-MOVE,58,67.2,97.8
DERIVED-HIGH,tests/unit/openClawAgentDuplicate.test.ts,tests/unit/openClawAgentDuplicate.test.ts,tests/unit/openClawAgentDuplicate.test.ts,DELETED-OR-UNTRACKED-MOVE,94,67.0,100.0
DERIVED-HIGH,src/process/channels/actions/SystemActions.ts,src/process/channels/actions/SystemActions.ts,src/process/channels/actions/SystemActions.ts,DELETED-OR-UNTRACKED-MOVE,354,66.9,94.5
DERIVED-HIGH,tests/unit/safeExec.test.ts,tests/unit/safeExec.test.ts,tests/unit/safeExec.test.ts,DELETED-OR-UNTRACKED-MOVE,60,66.7,100.0
DERIVED-HIGH,tests/e2e/specs/ext-skills.e2e.ts,tests/e2e/specs/ext-skills.e2e.ts,tests/e2e/specs/ext-skills.e2e.ts,UNTOUCHED,18,66.7,100.0
DERIVED-HIGH,src/renderer/hooks/chat/useAutoScroll.ts,src/renderer/hooks/chat/useAutoScroll.ts,packages/desktop/src/renderer/hooks/chat/useAutoScroll.ts,MOVED-ONLY,15,66.7,100.0
DERIVED-HIGH,src/renderer/pages/conversation/Preview/components/renderers/SelectionToolbar.tsx,src/renderer/pages/conversation/Preview/components/renderers/SelectionToolbar.tsx,packages/desktop/src/renderer/pages/conversation/Preview/components/renderers/SelectionToolbar.tsx,MOVED+EDITED,30,66.7,100.0
DERIVED-HIGH,src/process/task/NanoBotAgentManager.ts,src/process/task/NanoBotAgentManager.ts,src/process/task/NanoBotAgentManager.ts,DELETED-OR-UNTRACKED-MOVE,84,66.7,84.5
DERIVED-HIGH,tests/unit/extensions/entryPointResolver.test.ts,tests/unit/extensions/entryPointResolver.test.ts,tests/unit/extensions/entryPointResolver.test.ts,DELETED-OR-UNTRACKED-MOVE,21,66.7,83.3
DERIVED-HIGH,src/process/bridge/testCustomAgentConnection.ts,src/process/bridge/testCustomAgentConnection.ts,src/process/bridge/testCustomAgentConnection.ts,DELETED-OR-UNTRACKED-MOVE,24,66.7,80.0
DERIVED-HIGH,src/process/services/mcpServices/agents/CodexMcpAgent.ts,src/process/services/mcpServices/agents/CodexMcpAgent.ts,src/process/services/mcpServices/agents/CodexMcpAgent.ts,DELETED-OR-UNTRACKED-MOVE,141,66.7,78.8
DERIVED-HIGH,src/process/channels/types.ts,src/process/channels/types.ts,packages/desktop/src/renderer/api/types.ts,MOVED+REWRITTEN,186,66.7,71.4
DERIVED-HIGH,tests/unit/AcpAgentManagerSkillInjection.test.ts,tests/unit/AcpAgentManagerSkillInjection.test.ts,tests/unit/AcpAgentManagerSkillInjection.test.ts,DELETED-OR-UNTRACKED-MOVE,119,66.4,77.0
DERIVED-HIGH,tests/unit/chat/useExport.dom.test.tsx,tests/unit/chat/useExport.dom.test.tsx,tests/unit/chat/useExport.dom.test.tsx,DELETED-OR-UNTRACKED-MOVE,136,66.2,99.1
DERIVED-HIGH,tests/unit/channels/weixinTyping.test.ts,tests/unit/channels/weixinTyping.test.ts,tests/unit/channels/weixinTyping.test.ts,DELETED-OR-UNTRACKED-MOVE,127,66.1,100.0
DERIVED-HIGH,src/renderer/utils/emitter.ts,src/renderer/utils/emitter.ts,packages/desktop/src/renderer/utils/emitter.ts,MOVED+EDITED,62,66.1,59.0
DERIVED-HIGH,src/process/bridge/pptPreviewBridge.ts,src/process/bridge/pptPreviewBridge.ts,src/process/bridge/pptPreviewBridge.ts,DELETED-OR-UNTRACKED-MOVE,97,66.0,75.0
DERIVED-HIGH,src/renderer/pages/guid/hooks/useCustomAgentsLoader.ts,src/renderer/pages/guid/hooks/useCustomAgentsLoader.ts,packages/desktop/src/renderer/pages/guid/hooks/useCustomAgentsLoader.ts,MOVED+REWRITTEN,53,66.0,72.9
DERIVED-HIGH,tests/unit/updateBridgeAssetSelection.test.ts,tests/unit/updateBridgeAssetSelection.test.ts,tests/unit/updateBridgeAssetSelection.test.ts,DELETED-OR-UNTRACKED-MOVE,32,65.6,88.9
DERIVED-HIGH,src/renderer/pages/conversation/hooks/ConversationTabsContext.tsx,src/renderer/pages/conversation/hooks/ConversationTabsContext.tsx,src/renderer/pages/conversation/hooks/ConversationTabsContext.tsx,DELETED-OR-UNTRACKED-MOVE,96,65.6,77.5
DERIVED-HIGH,tests/unit/geminiWorkspaceRecovery.test.ts,tests/unit/geminiWorkspaceRecovery.test.ts,tests/unit/geminiWorkspaceRecovery.test.ts,DELETED-OR-UNTRACKED-MOVE,29,65.5,100.0
DERIVED-HIGH,tests/e2e/specs/ext-themes-stability.e2e.ts,tests/e2e/specs/ext-themes-stability.e2e.ts,tests/e2e/specs/ext-themes-stability.e2e.ts,UNTOUCHED,58,65.5,100.0
DERIVED-HIGH,tests/unit/presetAssistantResources.test.ts,tests/unit/presetAssistantResources.test.ts,tests/unit/presetAssistantResources.test.ts,DELETED-OR-UNTRACKED-MOVE,58,65.5,77.5
DERIVED-HIGH,tests/unit/previewFileWatch.dom.test.ts,tests/unit/previewFileWatch.dom.test.ts,tests/unit/previewFileWatch.dom.test.ts,DELETED-OR-UNTRACKED-MOVE,95,65.3,100.0
DERIVED-HIGH,src/renderer/components/media/FileAttachButton.tsx,src/renderer/components/media/FileAttachButton.tsx,packages/desktop/src/renderer/components/media/FileAttachButton.tsx,MOVED+REWRITTEN,49,65.3,84.1
DERIVED-HIGH,src/process/utils/utils.ts,src/process/utils/utils.ts,packages/desktop/src/process/utils/utils.ts,MOVED+EDITED,213,65.3,72.0
DERIVED-HIGH,tests/unit/common/useConversationShortcuts.dom.test.tsx,tests/unit/common/useConversationShortcuts.dom.test.tsx,tests/unit/common/useConversationShortcuts.dom.test.tsx,DELETED-OR-UNTRACKED-MOVE,86,65.1,100.0
DERIVED-HIGH,tests/unit/process/initStorage.writeFile.test.ts,tests/unit/process/initStorage.writeFile.test.ts,tests/unit/process/initStorage.writeFile.test.ts,DELETED-OR-UNTRACKED-MOVE,20,65.0,96.9
DERIVED-HIGH,tests/unit/fsBridge.skills.test.ts,tests/unit/fsBridge.skills.test.ts,tests/unit/fsBridge.skills.test.ts,DELETED-OR-UNTRACKED-MOVE,473,64.9,80.8
DERIVED-HIGH,src/common/adapter/main.ts,src/common/adapter/main.ts,packages/desktop/src/common/adapter/main.ts,MOVED+EDITED,37,64.9,65.9
DERIVED-HIGH,src/renderer/pages/conversation/Preview/components/PreviewPanel/PreviewPanel.tsx,src/renderer/pages/conversation/Preview/components/PreviewPanel/PreviewPanel.tsx,packages/desktop/src/renderer/pages/conversation/Preview/components/PreviewPanel/PreviewPanel.tsx,MOVED+EDITED,372,64.8,86.2
DERIVED-HIGH,src/process/channels/plugins/lark/LarkAdapter.ts,src/process/channels/plugins/lark/LarkAdapter.ts,src/process/channels/plugins/lark/LarkAdapter.ts,DELETED-OR-UNTRACKED-MOVE,152,64.5,72.9
DERIVED-HIGH,src/renderer/pages/conversation/Preview/components/editors/MarkdownEditor.tsx,src/renderer/pages/conversation/Preview/components/editors/MarkdownEditor.tsx,packages/desktop/src/renderer/pages/conversation/Preview/components/editors/MarkdownEditor.tsx,MOVED+EDITED,28,64.3,100.0
DERIVED-HIGH,tests/unit/common/appEnv.test.ts,tests/unit/common/appEnv.test.ts,tests/unit/common/appEnv.test.ts,DELETED-OR-UNTRACKED-MOVE,14,64.3,95.0
DERIVED-HIGH,src/renderer/utils/workspace/workspaceEvents.ts,src/renderer/utils/workspace/workspaceEvents.ts,packages/desktop/src/renderer/utils/workspace/workspaceEvents.ts,MOVED+REWRITTEN,14,64.3,94.4
DERIVED-HIGH,src/renderer/pages/login/index.tsx,src/renderer/pages/login/index.tsx,packages/desktop/src/renderer/pages/login/index.tsx,MOVED+EDITED,128,64.1,88.6
DERIVED-HIGH,src/renderer/components/layout/Titlebar/index.tsx,src/renderer/components/layout/Titlebar/index.tsx,packages/desktop/src/renderer/components/layout/Titlebar/index.tsx,MOVED+REWRITTEN,180,63.9,73.1
DERIVED-HIGH,tests/unit/process/utils/zoom.test.ts,tests/unit/process/utils/zoom.test.ts,tests/unit/process/utils/zoom.test.ts,DELETED-OR-UNTRACKED-MOVE,36,63.9,52.8
DERIVED-HIGH,src/renderer/pages/conversation/components/ChatSider.tsx,src/renderer/pages/conversation/components/ChatSider.tsx,src/renderer/pages/conversation/components/ChatSider.tsx,DELETED-OR-UNTRACKED-MOVE,22,63.6,95.0
DERIVED-HIGH,src/renderer/pages/conversation/Preview/fileUtils.ts,src/renderer/pages/conversation/Preview/fileUtils.ts,packages/desktop/src/renderer/pages/conversation/Preview/fileUtils.ts,MOVED+EDITED,33,63.6,72.0
DERIVED-HIGH,tests/unit/chat/useConversationExport.dom.test.tsx,tests/unit/chat/useConversationExport.dom.test.tsx,tests/unit/chat/useConversationExport.dom.test.tsx,DELETED-OR-UNTRACKED-MOVE,142,63.4,100.0
DERIVED-HIGH,src/process/channels/agent/ChannelMessageService.ts,src/process/channels/agent/ChannelMessageService.ts,src/process/channels/agent/ChannelMessageService.ts,DELETED-OR-UNTRACKED-MOVE,134,63.4,82.3
DERIVED-HIGH,tests/unit/process/bridge/fsBridge.readFile.test.ts,tests/unit/process/bridge/fsBridge.readFile.test.ts,tests/unit/process/bridge/fsBridge.readFile.test.ts,DELETED-OR-UNTRACKED-MOVE,123,63.4,76.9
DERIVED-HIGH,src/renderer/pages/cron/useCronJobs.ts,src/renderer/pages/cron/useCronJobs.ts,packages/desktop/src/renderer/pages/cron/useCronJobs.ts,MOVED+EDITED,191,63.4,73.5
DERIVED-HIGH,src/renderer/pages/settings/components/JsonImportModal.tsx,src/renderer/pages/settings/components/JsonImportModal.tsx,packages/desktop/src/renderer/pages/settings/components/JsonImportModal.tsx,MOVED+REWRITTEN,147,63.3,86.7
DERIVED-HIGH,tests/unit/minimapPanel.dom.test.ts,tests/unit/minimapPanel.dom.test.ts,tests/unit/minimapPanel.dom.test.ts,DELETED-OR-UNTRACKED-MOVE,106,63.2,100.0
DERIVED-HIGH,src/renderer/pages/conversation/Messages/components/MessagePlan.tsx,src/renderer/pages/conversation/Messages/components/MessagePlan.tsx,packages/desktop/src/renderer/pages/conversation/Messages/components/MessagePlan.tsx,MOVED-ONLY,19,63.2,75.0
DERIVED-HIGH,src/renderer/services/FileService.ts,src/renderer/services/FileService.ts,packages/desktop/src/renderer/services/FileService.ts,MOVED+EDITED,122,63.1,82.0
DERIVED-HIGH,src/process/services/database/drivers/BunSqliteDriver.ts,src/process/services/database/drivers/BunSqliteDriver.ts,src/process/services/database/drivers/BunSqliteDriver.ts,DELETED-OR-UNTRACKED-MOVE,35,62.9,48.6
DERIVED-HIGH,tests/unit/extensions/extensionLoader.test.ts,tests/unit/extensions/extensionLoader.test.ts,tests/unit/extensions/extensionLoader.test.ts,DELETED-OR-UNTRACKED-MOVE,67,62.7,74.4
DERIVED-HIGH,src/renderer/pages/settings/WebuiSettings.tsx,src/renderer/pages/settings/WebuiSettings.tsx,packages/desktop/src/renderer/pages/settings/WebuiSettings.tsx,MOVED-ONLY,8,62.5,80.0
DERIVED-HIGH,src/process/services/cron/ICronJobExecutor.ts,src/process/services/cron/ICronJobExecutor.ts,src/process/services/cron/ICronJobExecutor.ts,DELETED-OR-UNTRACKED-MOVE,8,62.5,75.0
DERIVED-HIGH,src/common/platform/ElectronPlatformServices.ts,src/common/platform/ElectronPlatformServices.ts,packages/desktop/src/common/platform/ElectronPlatformServices.ts,MOVED+EDITED,40,62.5,64.3
DERIVED-HIGH,tests/unit/extensions/fileResolver.test.ts,tests/unit/extensions/fileResolver.test.ts,tests/unit/extensions/fileResolver.test.ts,DELETED-OR-UNTRACKED-MOVE,48,62.5,56.2
DERIVED-HIGH,src/process/channels/plugins/telegram/TelegramPlugin.ts,src/process/channels/plugins/telegram/TelegramPlugin.ts,src/process/channels/plugins/telegram/TelegramPlugin.ts,DELETED-OR-UNTRACKED-MOVE,281,62.3,77.3
DERIVED-HIGH,tests/unit/applicationBridge.test.ts,tests/unit/applicationBridge.test.ts,tests/unit/applicationBridge.test.ts,DELETED-OR-UNTRACKED-MOVE,143,62.2,84.2
DERIVED-HIGH,src/renderer/main.tsx,src/renderer/main.tsx,packages/desktop/src/renderer/main.tsx,MOVED+REWRITTEN,66,62.1,65.1
DERIVED-HIGH,tests/unit/RemoteAgentCore.test.ts,tests/unit/RemoteAgentCore.test.ts,tests/unit/RemoteAgentCore.test.ts,DELETED-OR-UNTRACKED-MOVE,608,62.0,99.6
DERIVED-HIGH,src/renderer/components/settings/SettingsModal/contents/ExtensionSettingsTabContent.tsx,src/renderer/components/settings/SettingsModal/contents/ExtensionSettingsTabContent.tsx,packages/desktop/src/renderer/components/settings/SettingsModal/contents/ExtensionSettingsTabContent.tsx,MOVED+EDITED,71,62.0,73.6
DERIVED-HIGH,tests/unit/channels/weixinMonitor.test.ts,tests/unit/channels/weixinMonitor.test.ts,tests/unit/channels/weixinMonitor.test.ts,DELETED-OR-UNTRACKED-MOVE,279,61.6,94.7
DERIVED-HIGH,src/process/utils/configMigration.ts,src/process/utils/configMigration.ts,packages/desktop/src/common/config/configMigration.ts,MOVED+REWRITTEN,65,61.5,95.1
DERIVED-HIGH,src/process/agent/acp/index.ts,src/process/agent/acp/index.ts,packages/desktop/src/renderer/api/index.ts,MOVED+REWRITTEN,720,61.4,74.1
DERIVED-HIGH,src/renderer/hooks/chat/useAutoTitle.ts,src/renderer/hooks/chat/useAutoTitle.ts,packages/desktop/src/renderer/hooks/chat/useAutoTitle.ts,MOVED+EDITED,36,61.1,85.0
DERIVED-HIGH,src/common/platform/index.ts,src/common/platform/index.ts,packages/desktop/src/common/platform/index.ts,MOVED+EDITED,41,61.0,67.2
DERIVED-HIGH,tests/unit/normalizeWsUrl.test.ts,tests/unit/normalizeWsUrl.test.ts,tests/unit/normalizeWsUrl.test.ts,DELETED-OR-UNTRACKED-MOVE,23,60.9,85.7
DERIVED-HIGH,src/renderer/pages/guid/components/GuidActionRow.tsx,src/renderer/pages/guid/components/GuidActionRow.tsx,packages/desktop/src/renderer/pages/guid/components/GuidActionRow.tsx,MOVED+REWRITTEN,125,60.8,78.3
DERIVED-HIGH,src/process/services/database/SqliteConversationRepository.ts,src/process/services/database/SqliteConversationRepository.ts,src/process/services/database/SqliteConversationRepository.ts,DELETED-OR-UNTRACKED-MOVE,51,60.8,73.8
DERIVED-HIGH,src/process/webserver/config/constants.ts,src/process/webserver/config/constants.ts,packages/desktop/src/common/theme/constants.ts,MOVED+REWRITTEN,66,60.6,88.4
DERIVED-HIGH,src/process/bridge/modelBridge.ts,src/process/bridge/modelBridge.ts,src/process/bridge/modelBridge.ts,DELETED-OR-UNTRACKED-MOVE,589,60.3,81.0
DERIVED-HIGH,src/renderer/pages/guid/types.ts,src/renderer/pages/guid/types.ts,packages/desktop/src/renderer/pages/guid/types.ts,MOVED+REWRITTEN,10,60.0,100.0
DERIVED-HIGH,tests/unit/getNpxCacheDir.test.ts,tests/unit/getNpxCacheDir.test.ts,tests/unit/getNpxCacheDir.test.ts,DELETED-OR-UNTRACKED-MOVE,75,60.0,97.7
DERIVED-HIGH,src/renderer/components/base/ModalWrapper.tsx,src/renderer/components/base/ModalWrapper.tsx,packages/desktop/src/renderer/components/base/ModalWrapper.tsx,MOVED-ONLY,15,60.0,83.3
DERIVED-HIGH,tests/unit/shellBridgeStandalone.test.ts,tests/unit/shellBridgeStandalone.test.ts,tests/unit/shellBridgeStandalone.test.ts,DELETED-OR-UNTRACKED-MOVE,85,60.0,83.1
DERIVED-HIGH,tests/unit/FilePreview.dom.test.tsx,tests/unit/FilePreview.dom.test.tsx,tests/unit/FilePreview.dom.test.tsx,DELETED-OR-UNTRACKED-MOVE,75,60.0,79.5
DERIVED-HIGH,tests/unit/workspaceUtils.test.ts,tests/unit/workspaceUtils.test.ts,tests/unit/workspaceUtils.test.ts,DELETED-OR-UNTRACKED-MOVE,15,60.0,73.9
DERIVED-HIGH,src/process/task/CronCommandDetector.ts,src/process/task/CronCommandDetector.ts,src/process/task/CronCommandDetector.ts,DELETED-OR-UNTRACKED-MOVE,65,60.0,71.8
DERIVED-HIGH,src/renderer/services/i18n/locales/tr-TR/index.ts,src/renderer/services/i18n/locales/tr-TR/index.ts,packages/desktop/src/renderer/services/i18n/locales/tr-TR/index.ts,MOVED+EDITED,30,60.0,52.6
DERIVED-HIGH,src/renderer/services/i18n/locales/ja-JP/index.ts,src/renderer/services/i18n/locales/ja-JP/index.ts,packages/desktop/src/renderer/services/i18n/locales/ja-JP/index.ts,MOVED+EDITED,30,60.0,52.6
DERIVED-HIGH,src/renderer/services/i18n/locales/zh-CN/index.ts,src/renderer/services/i18n/locales/zh-CN/index.ts,packages/desktop/src/renderer/services/i18n/locales/zh-CN/index.ts,MOVED+EDITED,30,60.0,52.6
DERIVED-HIGH,src/renderer/services/i18n/locales/zh-TW/index.ts,src/renderer/services/i18n/locales/zh-TW/index.ts,packages/desktop/src/renderer/services/i18n/locales/ko-KR/index.ts,MOVED+EDITED,30,60.0,52.6
DERIVED-HIGH,src/renderer/services/i18n/locales/ko-KR/index.ts,src/renderer/services/i18n/locales/ko-KR/index.ts,packages/desktop/src/renderer/services/i18n/locales/zh-TW/index.ts,MOVED+EDITED,30,60.0,52.6
DERIVED-HIGH,src/process/channels/plugins/dingtalk/DingTalkPlugin.ts,src/process/channels/plugins/dingtalk/DingTalkPlugin.ts,src/process/channels/plugins/dingtalk/DingTalkPlugin.ts,DELETED-OR-UNTRACKED-MOVE,392,59.9,79.1
DERIVED-HIGH,tests/unit/renderer/services/registerPwa.dom.test.ts,tests/unit/renderer/services/registerPwa.dom.test.ts,tests/unit/renderer/services/registerPwa.dom.test.ts,DELETED-OR-UNTRACKED-MOVE,52,59.6,100.0
DERIVED-HIGH,tests/unit/acpTimeout.test.ts,tests/unit/acpTimeout.test.ts,tests/unit/acpTimeout.test.ts,DELETED-OR-UNTRACKED-MOVE,200,59.5,73.9
DERIVED-HIGH,src/renderer/pages/conversation/platforms/gemini/GeminiChat.tsx,src/renderer/pages/conversation/platforms/gemini/GeminiChat.tsx,src/renderer/pages/conversation/platforms/gemini/GeminiChat.tsx,DELETED-OR-UNTRACKED-MOVE,37,59.5,58.0
DERIVED-HIGH,src/process/channels/gateway/ActionExecutor.ts,src/process/channels/gateway/ActionExecutor.ts,src/process/channels/gateway/ActionExecutor.ts,DELETED-OR-UNTRACKED-MOVE,384,59.4,78.4
DERIVED-HIGH,src/process/extensions/types.ts,src/process/extensions/types.ts,packages/desktop/src/renderer/api/types.ts,MOVED+REWRITTEN,321,59.2,76.1
DERIVED-HIGH,tests/unit/assistantUtils.test.ts,tests/unit/assistantUtils.test.ts,tests/unit/assistants/assistantUtils.test.ts,MOVED+REWRITTEN,195,59.0,71.8
DERIVED-HIGH,src/renderer/components/layout/Layout.tsx,src/renderer/components/layout/Layout.tsx,packages/desktop/src/renderer/components/layout/Layout.tsx,MOVED+REWRITTEN,332,59.0,69.7
DERIVED-HIGH,src/renderer/components/settings/UpdateModal.tsx,src/renderer/components/settings/UpdateModal.tsx,packages/desktop/src/renderer/components/settings/UpdateModal.tsx,MOVED+REWRITTEN,267,58.8,76.2
DERIVED-HIGH,src/process/channels/plugins/lark/LarkPlugin.ts,src/process/channels/plugins/lark/LarkPlugin.ts,src/process/channels/plugins/lark/LarkPlugin.ts,DELETED-OR-UNTRACKED-MOVE,289,58.8,68.7
DERIVED-HIGH,src/renderer/pages/settings/SkillsHubSettings.tsx,src/renderer/pages/settings/SkillsHubSettings.tsx,packages/desktop/src/renderer/pages/settings/SkillsSettings/SkillsHubSettings.tsx,MOVED+REWRITTEN,344,58.7,81.0
DERIVED-HIGH,src/process/bridge/officeWatchBridge.ts,src/process/bridge/officeWatchBridge.ts,src/process/bridge/officeWatchBridge.ts,DELETED-OR-UNTRACKED-MOVE,128,58.6,76.5
DERIVED-HIGH,src/renderer/hooks/mcp/useMcpOperations.ts,src/renderer/hooks/mcp/useMcpOperations.ts,src/renderer/hooks/mcp/useMcpOperations.ts,DELETED-OR-UNTRACKED-MOVE,89,58.4,78.8
DERIVED-HIGH,tests/unit/latexDelimiters.test.ts,tests/unit/latexDelimiters.test.ts,tests/unit/renderer/utils/latexDelimiters.test.ts,MOVED+REWRITTEN,72,58.3,53.6
DERIVED-HIGH,tests/unit/acpConnectionStartupExit.test.ts,tests/unit/acpConnectionStartupExit.test.ts,tests/unit/acpConnectionStartupExit.test.ts,DELETED-OR-UNTRACKED-MOVE,74,58.1,82.6
DERIVED-HIGH,src/process/bridge/services/ConversationSideQuestionService.ts,src/process/bridge/services/ConversationSideQuestionService.ts,src/process/bridge/services/ConversationSideQuestionService.ts,DELETED-OR-UNTRACKED-MOVE,105,58.1,78.4
DERIVED-HIGH,src/renderer/services/i18n/locales/en-US/index.ts,src/renderer/services/i18n/locales/en-US/index.ts,packages/desktop/src/renderer/services/i18n/locales/en-US/index.ts,MOVED+EDITED,31,58.1,50.0
DERIVED-HIGH,src/process/bridge/applicationBridgeCore.ts,src/process/bridge/applicationBridgeCore.ts,packages/desktop/src/process/bridge/applicationBridgeCore.ts,MOVED+REWRITTEN,26,57.7,71.0
DERIVED-HIGH,tests/unit/download.dom.test.ts,tests/unit/download.dom.test.ts,tests/unit/download.dom.test.ts,DELETED-OR-UNTRACKED-MOVE,59,57.6,81.4
DERIVED-HIGH,src/renderer/pages/conversation/GroupedHistory/utils/groupingHelpers.ts,src/renderer/pages/conversation/GroupedHistory/utils/groupingHelpers.ts,packages/desktop/src/renderer/pages/conversation/GroupedHistory/utils/groupingHelpers.ts,MOVED+REWRITTEN,66,57.6,75.5
DERIVED-HIGH,tests/unit/claudeMcpAgent.test.ts,tests/unit/claudeMcpAgent.test.ts,tests/unit/claudeMcpAgent.test.ts,DELETED-OR-UNTRACKED-MOVE,14,57.1,88.9
DERIVED-HIGH,tests/unit/WorkerTaskManager.test.ts,tests/unit/WorkerTaskManager.test.ts,tests/unit/WorkerTaskManager.test.ts,DELETED-OR-UNTRACKED-MOVE,123,56.9,78.7
DERIVED-HIGH,src/process/utils/safeExec.ts,src/process/utils/safeExec.ts,src/process/utils/safeExec.ts,DELETED-OR-UNTRACKED-MOVE,53,56.6,97.0
DERIVED-HIGH,src/process/services/database/types.ts,src/process/services/database/types.ts,packages/desktop/src/renderer/api/types.ts,MOVED+REWRITTEN,92,56.5,73.9
DERIVED-HIGH,tests/unit/process/bridge/fsBridge.downloadRemoteBuffer.test.ts,tests/unit/process/bridge/fsBridge.downloadRemoteBuffer.test.ts,tests/unit/process/bridge/fsBridge.downloadRemoteBuffer.test.ts,DELETED-OR-UNTRACKED-MOVE,110,56.4,79.0
DERIVED-HIGH,tests/unit/autoUpdaterService.test.ts,tests/unit/autoUpdaterService.test.ts,tests/unit/process/services/autoUpdaterService.test.ts,MOVED+REWRITTEN,269,56.1,86.4
DERIVED-HIGH,src/process/bridge/acpConversationBridge.ts,src/process/bridge/acpConversationBridge.ts,src/process/bridge/acpConversationBridge.ts,DELETED-OR-UNTRACKED-MOVE,114,56.1,74.0
DERIVED-HIGH,src/renderer/pages/conversation/platforms/acp/useAcpMessage.ts,src/renderer/pages/conversation/platforms/acp/useAcpMessage.ts,packages/desktop/src/renderer/pages/conversation/platforms/acp/useAcpMessage.ts,MOVED+REWRITTEN,190,55.8,80.3
DERIVED-HIGH,tests/e2e/helpers/index.ts,tests/e2e/helpers/index.ts,tests/e2e/helpers/index.ts,EDITED-IN-PLACE,9,55.6,45.1
DERIVED-HIGH,src/process/webserver/auth/service/AuthService.ts,src/process/webserver/auth/service/AuthService.ts,src/process/webserver/auth/service/AuthService.ts,DELETED-OR-UNTRACKED-MOVE,229,55.5,67.5
DERIVED-HIGH,src/process/bridge/updateBridge.ts,src/process/bridge/updateBridge.ts,packages/desktop/src/process/bridge/updateBridge.ts,MOVED+EDITED,363,55.4,65.1
DERIVED-HIGH,tests/unit/chatLayoutHooks.dom.test.ts,tests/unit/chatLayoutHooks.dom.test.ts,tests/unit/chatLayoutHooks.dom.test.ts,DELETED-OR-UNTRACKED-MOVE,212,55.2,86.0
DERIVED-HIGH,src/renderer/pages/conversation/components/ConversationChatConfirm.tsx,src/renderer/pages/conversation/components/ConversationChatConfirm.tsx,src/renderer/pages/conversation/components/ConversationChatConfirm.tsx,DELETED-OR-UNTRACKED-MOVE,145,55.2,84.3
DERIVED-HIGH,tests/unit/SettingsPageWrapper.test.ts,tests/unit/SettingsPageWrapper.test.ts,tests/unit/SettingsPageWrapper.test.ts,DELETED-OR-UNTRACKED-MOVE,29,55.2,43.6
DERIVED-HIGH,src/common/api/GeminiRotatingClient.ts,src/common/api/GeminiRotatingClient.ts,packages/desktop/src/common/api/GeminiRotatingClient.ts,MOVED+EDITED,69,55.1,67.6
DERIVED-HIGH,tests/unit/acpSessionOwnership.test.ts,tests/unit/acpSessionOwnership.test.ts,tests/unit/acpSessionOwnership.test.ts,DELETED-OR-UNTRACKED-MOVE,82,54.9,73.3
DERIVED-HIGH,tests/e2e/helpers/navigation.ts,tests/e2e/helpers/navigation.ts,tests/e2e/helpers/navigation.ts,EDITED-IN-PLACE,51,54.9,69.2
DERIVED-HIGH,src/renderer/components/chat/SpeechInputButton.tsx,src/renderer/components/chat/SpeechInputButton.tsx,packages/desktop/src/renderer/components/chat/SpeechInputButton.tsx,MOVED+REWRITTEN,104,54.8,67.4
DERIVED-HIGH,tests/unit/webuiQR.test.ts,tests/unit/webuiQR.test.ts,tests/unit/webuiQR.test.ts,DELETED-OR-UNTRACKED-MOVE,53,54.7,82.6
DERIVED-HIGH,tests/e2e/specs/ext-settings-tabs.e2e.ts,tests/e2e/specs/ext-settings-tabs.e2e.ts,tests/e2e/specs/ext-settings-tabs.e2e.ts,EDITED-IN-PLACE,77,54.5,93.9
DERIVED-HIGH,src/process/extensions/ExtensionRegistry.ts,src/process/extensions/ExtensionRegistry.ts,src/process/extensions/ExtensionRegistry.ts,DELETED-OR-UNTRACKED-MOVE,307,54.4,70.9
DERIVED-HIGH,src/renderer/hooks/assistant/useAssistantEditor.ts,src/renderer/hooks/assistant/useAssistantEditor.ts,packages/desktop/src/renderer/hooks/assistant/useAssistantEditor.ts,MOVED+REWRITTEN,210,54.3,81.9
DERIVED-HIGH,src/renderer/utils/model/modelContextLimits.ts,src/renderer/utils/model/modelContextLimits.ts,src/renderer/utils/model/modelContextLimits.ts,DELETED-OR-UNTRACKED-MOVE,48,54.2,80.0
DERIVED-HIGH,src/process/services/database/index.ts,src/process/services/database/index.ts,packages/desktop/src/renderer/api/index.ts,MOVED+REWRITTEN,589,54.2,73.6
DERIVED-HIGH,src/process/task/AcpSkillManager.ts,src/process/task/AcpSkillManager.ts,src/process/task/AcpSkillManager.ts,DELETED-OR-UNTRACKED-MOVE,203,54.2,63.9
DERIVED-HIGH,src/process/services/ConversationServiceImpl.ts,src/process/services/ConversationServiceImpl.ts,src/process/services/ConversationServiceImpl.ts,DELETED-OR-UNTRACKED-MOVE,120,54.2,63.2
DERIVED-HIGH,src/renderer/pages/conversation/Messages/MessageList.tsx,src/renderer/pages/conversation/Messages/MessageList.tsx,packages/desktop/src/renderer/pages/conversation/Messages/MessageList.tsx,MOVED+REWRITTEN,308,53.9,66.2
DERIVED-HIGH,src/renderer/pages/conversation/Messages/hooks.ts,src/renderer/pages/conversation/Messages/hooks.ts,packages/desktop/src/renderer/pages/conversation/Messages/hooks.ts,MOVED+REWRITTEN,225,53.8,77.2
DERIVED-HIGH,tests/unit/AgentPillBar.dom.test.tsx,tests/unit/AgentPillBar.dom.test.tsx,tests/unit/AgentPillBar.dom.test.tsx,DELETED-OR-UNTRACKED-MOVE,119,53.8,76.2
DERIVED-HIGH,tests/unit/messageFiles.test.ts,tests/unit/messageFiles.test.ts,tests/unit/messageFiles.test.ts,EDITED-IN-PLACE,28,53.6,77.4
DERIVED-HIGH,src/renderer/pages/conversation/Preview/components/editors/HTMLEditor.tsx,src/renderer/pages/conversation/Preview/components/editors/HTMLEditor.tsx,packages/desktop/src/renderer/pages/conversation/Preview/components/editors/HTMLEditor.tsx,MOVED+EDITED,56,53.6,58.1
DERIVED-HIGH,tests/unit/conversationBridge.test.ts,tests/unit/conversationBridge.test.ts,tests/unit/conversationBridge.test.ts,DELETED-OR-UNTRACKED-MOVE,271,53.5,65.8
DERIVED-HIGH,src/process/services/WorkspaceSnapshotService.ts,src/process/services/WorkspaceSnapshotService.ts,src/process/services/WorkspaceSnapshotService.ts,DELETED-OR-UNTRACKED-MOVE,223,53.4,59.6
DERIVED-HIGH,src/process/webserver/auth/middleware/AuthMiddleware.ts,src/process/webserver/auth/middleware/AuthMiddleware.ts,src/process/webserver/auth/middleware/AuthMiddleware.ts,DELETED-OR-UNTRACKED-MOVE,60,53.3,79.2
DERIVED-HIGH,tests/unit/acpAgentManagerCronGuard.test.ts,tests/unit/acpAgentManagerCronGuard.test.ts,tests/unit/acpAgentManagerCronGuard.test.ts,DELETED-OR-UNTRACKED-MOVE,156,53.2,69.1
DERIVED-HIGH,tests/unit/renderer/platformSendBoxes.dom.test.tsx,tests/unit/renderer/platformSendBoxes.dom.test.tsx,tests/unit/renderer/platformSendBoxes.dom.test.tsx,DELETED-OR-UNTRACKED-MOVE,367,53.1,75.6
DERIVED-HIGH,tests/unit/builtinSkillsSync.test.ts,tests/unit/builtinSkillsSync.test.ts,tests/unit/builtinSkillsSync.test.ts,DELETED-OR-UNTRACKED-MOVE,98,53.1,73.8
DERIVED-HIGH,src/common/types/acpTypes.ts,src/common/types/acpTypes.ts,packages/desktop/src/common/types/platform/acpTypes.ts,MOVED+REWRITTEN,350,53.1,70.5
DERIVED-HIGH,src/renderer/pages/conversation/GroupedHistory/ConversationRow.tsx,src/renderer/pages/conversation/GroupedHistory/ConversationRow.tsx,packages/desktop/src/renderer/pages/conversation/GroupedHistory/ConversationRow.tsx,MOVED+EDITED,136,52.9,76.7
DERIVED-HIGH,tests/unit/acpConversationBridge.test.ts,tests/unit/acpConversationBridge.test.ts,tests/unit/acpConversationBridge.test.ts,DELETED-OR-UNTRACKED-MOVE,112,52.7,72.5
DERIVED-HIGH,src/renderer/components/agent/AcpConfigSelector.tsx,src/renderer/components/agent/AcpConfigSelector.tsx,src/renderer/components/agent/AcpConfigSelector.tsx,DELETED-OR-UNTRACKED-MOVE,76,52.6,79.0
DERIVED-HIGH,src/process/utils/initBridgeStandalone.ts,src/process/utils/initBridgeStandalone.ts,src/process/utils/initBridgeStandalone.ts,DELETED-OR-UNTRACKED-MOVE,94,52.1,51.9
DERIVED-HIGH,tests/unit/agentSelectionUtils.test.ts,tests/unit/agentSelectionUtils.test.ts,tests/unit/agentSelectionUtils.test.ts,DELETED-OR-UNTRACKED-MOVE,89,51.7,72.4
DERIVED-HIGH,src/renderer/utils/model/agentModes.ts,src/renderer/utils/model/agentModes.ts,mobile/src/constants/agentModes.ts,MOVED+REWRITTEN,43,51.2,72.0
DERIVED-HIGH,src/process/services/mcpServices/McpProtocol.ts,src/process/services/mcpServices/McpProtocol.ts,src/process/services/mcpServices/McpProtocol.ts,DELETED-OR-UNTRACKED-MOVE,174,51.1,71.0
DERIVED-HIGH,src/renderer/pages/conversation/components/ConversationTabs.tsx,src/renderer/pages/conversation/components/ConversationTabs.tsx,src/renderer/pages/conversation/components/ConversationTabs.tsx,DELETED-OR-UNTRACKED-MOVE,253,51.0,67.1
DERIVED-HIGH,tests/unit/LocalAgents.dom.test.tsx,tests/unit/LocalAgents.dom.test.tsx,tests/unit/renderer/LocalAgents.dom.test.tsx,MOVED+REWRITTEN,81,50.6,61.7
DERIVED-HIGH,src/renderer/pages/guid/hooks/useGuidAgentSelection.ts,src/renderer/pages/guid/hooks/useGuidAgentSelection.ts,src/renderer/pages/guid/hooks/useGuidAgentSelection.ts,DELETED-OR-UNTRACKED-MOVE,242,50.4,69.5
DERIVED-HIGH,src/process/services/database/drivers/createDriver.ts,src/process/services/database/drivers/createDriver.ts,src/process/services/database/drivers/createDriver.ts,DELETED-OR-UNTRACKED-MOVE,8,50.0,75.0
DERIVED-HIGH,tests/unit/geminiWorkspaceEacces.test.ts,tests/unit/geminiWorkspaceEacces.test.ts,tests/unit/geminiWorkspaceEacces.test.ts,DELETED-OR-UNTRACKED-MOVE,42,50.0,70.2
DERIVED-HIGH,src/process/channels/utils/channelSendProtocol.ts,src/process/channels/utils/channelSendProtocol.ts,src/process/channels/utils/channelSendProtocol.ts,DELETED-OR-UNTRACKED-MOVE,86,50.0,59.7
DERIVED-HIGH,src/process/task/IWorkerTaskManager.ts,src/process/task/IWorkerTaskManager.ts,src/process/task/IWorkerTaskManager.ts,DELETED-OR-UNTRACKED-MOVE,12,50.0,47.4
DERIVED-HIGH,src/renderer/pages/guid/hooks/useGuidSend.ts,src/renderer/pages/guid/hooks/useGuidSend.ts,packages/desktop/src/renderer/pages/guid/hooks/useGuidSend.ts,MOVED+REWRITTEN,225,49.8,77.6
DERIVED-LIKELY,src/process/bridge/conversationBridge.ts,src/process/bridge/conversationBridge.ts,src/process/bridge/conversationBridge.ts,DELETED-OR-UNTRACKED-MOVE,339,49.6,59.4
DERIVED-LIKELY,src/renderer/pages/TestShowcase.tsx,src/renderer/pages/TestShowcase.tsx,packages/desktop/src/renderer/pages/TestShowcase.tsx,MOVED-ONLY,67,49.3,55.4
DERIVED-HIGH,tests/unit/acpModelInfo.test.ts,tests/unit/acpModelInfo.test.ts,tests/unit/acpModelInfo.test.ts,DELETED-OR-UNTRACKED-MOVE,55,49.1,72.3
DERIVED-LIKELY,src/process/utils/zoom.ts,src/process/utils/zoom.ts,packages/desktop/src/process/utils/zoom.ts,MOVED+REWRITTEN,47,48.9,35.8
DERIVED-HIGH,src/renderer/components/settings/ThemeSwitcher.tsx,src/renderer/components/settings/ThemeSwitcher.tsx,src/renderer/components/settings/ThemeSwitcher.tsx,DELETED-OR-UNTRACKED-MOVE,43,48.8,70.5
DERIVED-HIGH,src/renderer/hooks/system/useSpeechInput.ts,src/renderer/hooks/system/useSpeechInput.ts,packages/desktop/src/renderer/hooks/system/useSpeechInput.ts,MOVED+REWRITTEN,203,48.8,60.0
DERIVED-LIKELY,src/process/bridge/channelBridge.ts,src/process/bridge/channelBridge.ts,src/process/bridge/channelBridge.ts,DELETED-OR-UNTRACKED-MOVE,211,48.8,55.4
DERIVED-HIGH,tests/unit/extensions/sandboxHost.test.ts,tests/unit/extensions/sandboxHost.test.ts,tests/unit/extensions/sandboxHost.test.ts,DELETED-OR-UNTRACKED-MOVE,158,48.7,91.5
DERIVED-HIGH,src/process/agent/acp/utils.ts,src/process/agent/acp/utils.ts,packages/desktop/src/common/utils/utils.ts,MOVED+REWRITTEN,115,48.7,63.9
DERIVED-HIGH,src/common/types/codex/types/toolTypes.ts,src/common/types/codex/types/toolTypes.ts,src/common/types/codex/types/toolTypes.ts,DELETED-OR-UNTRACKED-MOVE,37,48.6,100.0
DERIVED-HIGH,src/process/services/mcpServices/McpService.ts,src/process/services/mcpServices/McpService.ts,src/process/services/mcpServices/McpService.ts,DELETED-OR-UNTRACKED-MOVE,144,48.6,66.7
DERIVED-HIGH,tests/unit/standaloneAdapter.test.ts,tests/unit/standaloneAdapter.test.ts,tests/unit/standaloneAdapter.test.ts,DELETED-OR-UNTRACKED-MOVE,33,48.5,61.9
DERIVED-HIGH,tests/unit/SystemModalContent.dom.test.tsx,tests/unit/SystemModalContent.dom.test.tsx,tests/unit/settings/SystemModalContent.dom.test.tsx,MOVED+REWRITTEN,285,48.4,71.6
DERIVED-HIGH,tests/unit/guidAgentSelection.dom.test.ts,tests/unit/guidAgentSelection.dom.test.ts,tests/unit/guidAgentSelection.dom.test.ts,DELETED-OR-UNTRACKED-MOVE,191,47.6,78.7
DERIVED-HIGH,src/process/bridge/services/SpeechToTextService.ts,src/process/bridge/services/SpeechToTextService.ts,packages/desktop/src/renderer/services/SpeechToTextService.ts,MOVED+REWRITTEN,229,47.6,63.9
DERIVED-HIGH,src/renderer/pages/conversation/components/WorkspaceCollapse.tsx,src/renderer/pages/conversation/components/WorkspaceCollapse.tsx,packages/desktop/src/renderer/pages/conversation/components/WorkspaceCollapse.tsx,MOVED+REWRITTEN,19,47.4,84.6
DERIVED-HIGH,src/renderer/utils/file/messageFiles.ts,src/renderer/utils/file/messageFiles.ts,packages/desktop/src/renderer/utils/file/messageFiles.ts,MOVED+REWRITTEN,19,47.4,84.0
DERIVED-HIGH,tests/unit/renderer/conversationCommandQueue.dom.test.tsx,tests/unit/renderer/conversationCommandQueue.dom.test.tsx,tests/unit/renderer/conversationCommandQueue.dom.test.tsx,DELETED-OR-UNTRACKED-MOVE,431,47.3,93.0
DERIVED-LIKELY,src/process/utils/initStorage.ts,src/process/utils/initStorage.ts,packages/desktop/src/process/utils/initStorage.ts,MOVED+REWRITTEN,695,46.9,53.4
DERIVED-LIKELY,src/common/chat/imageGenCore.ts,src/common/chat/imageGenCore.ts,packages/desktop/src/common/chat/imageGenCore.ts,MOVED+EDITED,289,46.7,54.8
DERIVED-HIGH,tests/unit/useWorkspaceEvents.dom.test.ts,tests/unit/useWorkspaceEvents.dom.test.ts,tests/unit/useWorkspaceEvents.dom.test.ts,DELETED-OR-UNTRACKED-MOVE,118,46.6,100.0
DERIVED-HIGH,src/common/api/AnthropicRotatingClient.ts,src/common/api/AnthropicRotatingClient.ts,packages/desktop/src/common/api/AnthropicRotatingClient.ts,MOVED+EDITED,73,46.6,61.3
DERIVED-LIKELY,tests/e2e/specs/navigation.e2e.ts,tests/e2e/specs/navigation.e2e.ts,tests/e2e/specs/navigation.e2e.ts,UNTOUCHED,71,46.5,41.6
DERIVED-HIGH,src/common/chat/chatLib.ts,src/common/chat/chatLib.ts,packages/desktop/src/common/chat/chatLib.ts,MOVED+REWRITTEN,351,46.4,62.2
DERIVED-LIKELY,src/process/task/MessageMiddleware.ts,src/process/task/MessageMiddleware.ts,src/process/task/MessageMiddleware.ts,DELETED-OR-UNTRACKED-MOVE,125,46.4,48.7
DERIVED-HIGH,src/process/channels/core/ChannelManager.ts,src/process/channels/core/ChannelManager.ts,src/process/channels/core/ChannelManager.ts,DELETED-OR-UNTRACKED-MOVE,436,46.3,64.3
DERIVED-HIGH,electron.vite.config.ts,electron.vite.config.ts,packages/desktop/electron.vite.config.ts,MOVED+EDITED,104,46.2,75.8
DERIVED-HIGH,tests/unit/acpAgentSetModel.test.ts,tests/unit/acpAgentSetModel.test.ts,tests/unit/acpAgentSetModel.test.ts,DELETED-OR-UNTRACKED-MOVE,117,46.2,64.3
DERIVED-HIGH,tests/unit/useGuidSend.dom.test.ts,tests/unit/useGuidSend.dom.test.ts,tests/unit/renderer/useGuidSend.dom.test.ts,MOVED+REWRITTEN,170,45.9,77.4
DERIVED-LIKELY,src/process/webserver/middleware/errorHandler.ts,src/process/webserver/middleware/errorHandler.ts,src/process/webserver/middleware/errorHandler.ts,DELETED-OR-UNTRACKED-MOVE,35,45.7,48.6
DERIVED-HIGH,src/renderer/pages/settings/components/AddMcpServerModal.tsx,src/renderer/pages/settings/components/AddMcpServerModal.tsx,packages/desktop/src/renderer/pages/settings/components/AddMcpServerModal.tsx,MOVED+REWRITTEN,22,45.5,81.0
DERIVED-HIGH,src/process/webserver/index.ts,src/process/webserver/index.ts,packages/desktop/src/renderer/api/index.ts,MOVED+REWRITTEN,146,45.2,60.7
DERIVED-HIGH,src/process/bridge/fsBridge.ts,src/process/bridge/fsBridge.ts,src/process/bridge/fsBridge.ts,DELETED-OR-UNTRACKED-MOVE,797,45.0,67.8
DERIVED-HIGH,tests/unit/process/utils/configMigration.test.ts,tests/unit/process/utils/configMigration.test.ts,tests/unit/common-config/configMigration.test.ts,MOVED+REWRITTEN,174,44.8,97.6
DERIVED-HIGH,tests/unit/process/bridge/conversationSideQuestionService.test.ts,tests/unit/process/bridge/conversationSideQuestionService.test.ts,tests/unit/process/bridge/conversationSideQuestionService.test.ts,DELETED-OR-UNTRACKED-MOVE,114,44.7,79.8
DERIVED-HIGH,src/renderer/hooks/chat/useInputFocusRing.ts,src/renderer/hooks/chat/useInputFocusRing.ts,packages/desktop/src/renderer/hooks/chat/useInputFocusRing.ts,MOVED+EDITED,9,44.4,100.0
DERIVED-HIGH,src/renderer/hooks/system/useDeepLink.ts,src/renderer/hooks/system/useDeepLink.ts,packages/desktop/src/renderer/hooks/system/useDeepLink.ts,MOVED+EDITED,36,44.4,61.8
DERIVED-LIKELY,src/renderer/pages/guid/GuidPage.tsx,src/renderer/pages/guid/GuidPage.tsx,packages/desktop/src/renderer/pages/guid/GuidPage.tsx,MOVED+REWRITTEN,647,44.4,57.5
DERIVED-LIKELY,src/process/services/database/schema.ts,src/process/services/database/schema.ts,packages/desktop/src/process/services/database/schema.ts,MOVED+EDITED,79,44.3,59.0
DERIVED-LIKELY,src/renderer/components/settings/SettingsModal/contents/SystemModalContent/index.tsx,src/renderer/components/settings/SettingsModal/contents/SystemModalContent/index.tsx,packages/desktop/src/renderer/components/settings/SettingsModal/contents/SystemModalContent/index.tsx,MOVED+REWRITTEN,254,44.1,55.8
DERIVED-HIGH,src/process/bridge/webuiBridge.ts,src/process/bridge/webuiBridge.ts,packages/desktop/src/process/bridge/webuiBridge.ts,MOVED+REWRITTEN,168,44.0,62.5
DERIVED-LIKELY,src/process/webserver/setup.ts,src/process/webserver/setup.ts,src/process/webserver/setup.ts,DELETED-OR-UNTRACKED-MOVE,84,44.0,50.6
DERIVED-LIKELY,src/process/services/cron/CronService.ts,src/process/services/cron/CronService.ts,src/process/services/cron/CronService.ts,DELETED-OR-UNTRACKED-MOVE,394,43.9,59.3
DERIVED-LIKELY,src/process/webserver/adapter.ts,src/process/webserver/adapter.ts,src/process/webserver/adapter.ts,DELETED-OR-UNTRACKED-MOVE,39,43.6,50.0
DERIVED-HIGH,tests/unit/pptPreviewBridge.test.ts,tests/unit/pptPreviewBridge.test.ts,tests/unit/pptPreviewBridge.test.ts,DELETED-OR-UNTRACKED-MOVE,207,43.5,65.5
DERIVED-LIKELY,src/process/services/database/drivers/BetterSqlite3Driver.ts,src/process/services/database/drivers/BetterSqlite3Driver.ts,packages/desktop/src/process/services/database/drivers/BetterSqlite3Driver.ts,MOVED-ONLY,46,43.5,38.3
DERIVED-HIGH,tests/unit/treeUtils.test.ts,tests/unit/treeUtils.test.ts,tests/unit/treeUtils.test.ts,DELETED-OR-UNTRACKED-MOVE,122,43.4,69.4
DERIVED-HIGH,tests/unit/WorkspaceSnapshotService.test.ts,tests/unit/WorkspaceSnapshotService.test.ts,tests/unit/WorkspaceSnapshotService.test.ts,DELETED-OR-UNTRACKED-MOVE,314,43.3,65.0
DERIVED-HIGH,tests/unit/acpSessionCapabilities.test.ts,tests/unit/acpSessionCapabilities.test.ts,tests/unit/acpSessionCapabilities.test.ts,DELETED-OR-UNTRACKED-MOVE,163,42.9,70.3
DERIVED-HIGH,tests/unit/previewPanelMessageApi.test.ts,tests/unit/previewPanelMessageApi.test.ts,tests/unit/previewPanelMessageApi.test.ts,DELETED-OR-UNTRACKED-MOVE,28,42.9,65.0
DERIVED-HIGH,src/renderer/pages/guid/hooks/agentSelectionUtils.ts,src/renderer/pages/guid/hooks/agentSelectionUtils.ts,src/renderer/pages/guid/hooks/agentSelectionUtils.ts,DELETED-OR-UNTRACKED-MOVE,28,42.9,63.0
DERIVED-LIKELY,src/renderer/hooks/assistant/index.ts,src/renderer/hooks/assistant/index.ts,packages/desktop/src/renderer/hooks/assistant/index.ts,MOVED+REWRITTEN,7,42.9,42.9
DERIVED-HIGH,tests/unit/webuiChangeUsername.test.ts,tests/unit/webuiChangeUsername.test.ts,tests/unit/webuiChangeUsername.test.ts,DELETED-OR-UNTRACKED-MOVE,166,42.8,77.7
DERIVED-HIGH,tests/unit/conversationBridge.tray.test.ts,tests/unit/conversationBridge.tray.test.ts,tests/unit/conversationBridge.tray.test.ts,DELETED-OR-UNTRACKED-MOVE,136,42.6,69.9
DERIVED-HIGH,src/renderer/pages/conversation/Workspace/components/FileChangeList.tsx,src/renderer/pages/conversation/Workspace/components/FileChangeList.tsx,src/renderer/pages/conversation/Workspace/components/FileChangeList.tsx,DELETED-OR-UNTRACKED-MOVE,167,42.5,69.9
DERIVED-LIKELY,src/renderer/components/settings/SettingsModal/contents/AboutModalContent.tsx,src/renderer/components/settings/SettingsModal/contents/AboutModalContent.tsx,packages/desktop/src/renderer/components/settings/SettingsModal/contents/AboutModalContent.tsx,MOVED+EDITED,120,42.5,57.9
DERIVED-HIGH,src/renderer/components/chat/sendbox.tsx,src/renderer/components/chat/sendbox.tsx,src/renderer/components/chat/sendbox.tsx,DELETED-OR-UNTRACKED-MOVE,764,42.4,63.3
DERIVED-LIKELY,src/process/bridge/systemSettingsBridge.ts,src/process/bridge/systemSettingsBridge.ts,packages/desktop/src/process/bridge/systemSettingsBridge.ts,MOVED+REWRITTEN,71,42.3,50.8
DERIVED-HIGH,src/process/webserver/routes/authRoutes.ts,src/process/webserver/routes/authRoutes.ts,src/process/webserver/routes/authRoutes.ts,DELETED-OR-UNTRACKED-MOVE,194,41.8,65.4
DERIVED-HIGH,src/common/config/constants.ts,src/common/config/constants.ts,packages/desktop/src/common/config/constants.ts,MOVED+EDITED,12,41.7,64.7
DERIVED-LIKELY,tests/e2e/helpers/selectors.ts,tests/e2e/helpers/selectors.ts,tests/e2e/helpers/selectors.ts,EDITED-IN-PLACE,65,41.5,40.9
DERIVED-HIGH,src/process/utils/appMenu.ts,src/process/utils/appMenu.ts,packages/desktop/src/process/utils/appMenu.ts,MOVED-ONLY,29,41.4,60.9
DERIVED-LIKELY,src/process/task/GeminiAgentManager.ts,src/process/task/GeminiAgentManager.ts,src/process/task/GeminiAgentManager.ts,DELETED-OR-UNTRACKED-MOVE,641,41.3,56.4
DERIVED-HIGH,tests/unit/customAcpAgentBridge.test.ts,tests/unit/customAcpAgentBridge.test.ts,tests/unit/customAcpAgentBridge.test.ts,DELETED-OR-UNTRACKED-MOVE,51,41.2,71.1
DERIVED-HIGH,src/process/extensions/lifecycle/statePersistence.ts,src/process/extensions/lifecycle/statePersistence.ts,src/process/extensions/lifecycle/statePersistence.ts,DELETED-OR-UNTRACKED-MOVE,95,41.1,60.3
DERIVED-HIGH,tests/unit/channels/telegramPlugin.test.ts,tests/unit/channels/telegramPlugin.test.ts,tests/unit/channels/telegramPlugin.test.ts,DELETED-OR-UNTRACKED-MOVE,130,40.8,60.8
DERIVED-HIGH,src/renderer/hooks/agent/usePresetAssistantInfo.ts,src/renderer/hooks/agent/usePresetAssistantInfo.ts,packages/desktop/src/renderer/hooks/agent/usePresetAssistantInfo.ts,MOVED+REWRITTEN,184,40.8,60.7
DERIVED-HIGH,tests/unit/JsonImportModal.dom.test.tsx,tests/unit/JsonImportModal.dom.test.tsx,tests/unit/JsonImportModal.dom.test.tsx,DELETED-OR-UNTRACKED-MOVE,108,40.7,69.2
DERIVED-HIGH,src/renderer/pages/settings/AgentSettings/AgentCard.tsx,src/renderer/pages/settings/AgentSettings/AgentCard.tsx,packages/desktop/src/renderer/pages/settings/AgentSettings/AgentCard.tsx,MOVED+REWRITTEN,59,40.7,66.7
DERIVED-HIGH,tests/unit/channels/weixinSystemActions.test.ts,tests/unit/channels/weixinSystemActions.test.ts,tests/unit/channels/weixinSystemActions.test.ts,DELETED-OR-UNTRACKED-MOVE,121,40.5,65.1
DERIVED-HIGH,tests/unit/PasteService.dom.test.ts,tests/unit/PasteService.dom.test.ts,tests/unit/PasteService.dom.test.ts,DELETED-OR-UNTRACKED-MOVE,116,40.5,60.2
DERIVED-HIGH,src/process/agent/acp/acpConnectors.ts,src/process/agent/acp/acpConnectors.ts,src/process/agent/acp/acpConnectors.ts,DELETED-OR-UNTRACKED-MOVE,240,40.4,66.1
DERIVED-HIGH,src/common/types/conversion.ts,src/common/types/conversion.ts,packages/desktop/src/common/types/office/conversion.ts,MOVED+EDITED,30,40.0,100.0
DERIVED-HIGH,src/process/task/agentTypes.ts,src/process/task/agentTypes.ts,packages/desktop/src/renderer/utils/model/agentTypes.ts,MOVED+REWRITTEN,5,40.0,81.2
DERIVED-HIGH,src/common/config/appEnv.ts,src/common/config/appEnv.ts,packages/desktop/src/common/config/appEnv.ts,MOVED+EDITED,5,40.0,75.0
DERIVED-LIKELY,src/process/channels/plugins/weixin/WeixinPlugin.ts,src/process/channels/plugins/weixin/WeixinPlugin.ts,src/process/channels/plugins/weixin/WeixinPlugin.ts,DELETED-OR-UNTRACKED-MOVE,178,39.9,52.3
DERIVED-HIGH,tests/unit/process/bridge/conversationBridge.sendMessage.test.ts,tests/unit/process/bridge/conversationBridge.sendMessage.test.ts,tests/unit/process/bridge/conversationBridge.sendMessage.test.ts,DELETED-OR-UNTRACKED-MOVE,162,39.5,60.5
DERIVED-HIGH,tests/unit/agentModes.test.ts,tests/unit/agentModes.test.ts,tests/unit/agentModes.test.ts,DELETED-OR-UNTRACKED-MOVE,56,39.3,71.8
DERIVED-HIGH,src/common/api/OpenAIRotatingClient.ts,src/common/api/OpenAIRotatingClient.ts,packages/desktop/src/common/api/OpenAIRotatingClient.ts,MOVED+EDITED,59,39.0,78.9
DERIVED-HIGH,src/process/extensions/lifecycle/lifecycle.ts,src/process/extensions/lifecycle/lifecycle.ts,src/process/extensions/lifecycle/lifecycle.ts,DELETED-OR-UNTRACKED-MOVE,91,38.5,64.7
DERIVED-LIKELY,src/renderer/components/settings/SettingsModal/contents/SystemModalContent/PreferenceRow.tsx,src/renderer/components/settings/SettingsModal/contents/SystemModalContent/PreferenceRow.tsx,packages/desktop/src/renderer/components/settings/SettingsModal/contents/SystemModalContent/PreferenceRow.tsx,MOVED-ONLY,13,38.5,57.1
DERIVED-LIKELY,tests/vitest.dom.setup.ts,tests/vitest.dom.setup.ts,tests/vitest.dom.setup.ts,EDITED-IN-PLACE,47,38.3,50.0
DERIVED-HIGH,tests/unit/renderer/GuidActionRow.dom.test.tsx,tests/unit/renderer/GuidActionRow.dom.test.tsx,tests/unit/renderer/GuidActionRow.dom.test.tsx,EDITED-IN-PLACE,84,38.1,62.2
DERIVED-LIKELY,src/process/services/autoUpdaterService.ts,src/process/services/autoUpdaterService.ts,packages/desktop/src/process/services/autoUpdaterService.ts,MOVED+REWRITTEN,252,38.1,34.8
DERIVED-HIGH,tests/unit/officeWatchBridge.test.ts,tests/unit/officeWatchBridge.test.ts,tests/unit/officeWatchBridge.test.ts,DELETED-OR-UNTRACKED-MOVE,307,37.1,60.7
DERIVED-HIGH,src/common/config/presets/assistantPresets.ts,src/common/config/presets/assistantPresets.ts,src/common/config/presets/assistantPresets.ts,DELETED-OR-UNTRACKED-MOVE,557,36.6,60.6
DERIVED-LIKELY,src/renderer/pages/guid/hooks/useGuidModelSelection.ts,src/renderer/pages/guid/hooks/useGuidModelSelection.ts,packages/desktop/src/renderer/pages/guid/hooks/useGuidModelSelection.ts,MOVED+REWRITTEN,153,36.6,50.4
DERIVED-LIKELY,tests/unit/renderer/messageHooks.dom.test.tsx,tests/unit/renderer/messageHooks.dom.test.tsx,tests/unit/chat/messageHooks.dom.test.tsx,MOVED+REWRITTEN,115,36.5,53.7
DERIVED-LIKELY,src/process/utils/initAgent.ts,src/process/utils/initAgent.ts,src/process/utils/initAgent.ts,DELETED-OR-UNTRACKED-MOVE,214,36.4,50.0
DERIVED-LIKELY,src/process/bridge/index.ts,src/process/bridge/index.ts,packages/desktop/src/process/bridge/index.ts,MOVED+REWRITTEN,176,36.4,33.7
DERIVED-LIKELY,src/process/services/database/drivers/BunSqliteDriver.bun.test.ts,src/process/services/database/drivers/BunSqliteDriver.bun.test.ts,src/process/services/database/drivers/BunSqliteDriver.bun.test.ts,DELETED-OR-UNTRACKED-MOVE,94,36.2,41.8
DERIVED-LIKELY,tests/unit/cronService.test.ts,tests/unit/cronService.test.ts,tests/unit/cronService.test.ts,DELETED-OR-UNTRACKED-MOVE,368,35.6,55.9
DERIVED-LIKELY,src/renderer/components/settings/SettingsModal/contents/ToolsModalContent.tsx,src/renderer/components/settings/SettingsModal/contents/ToolsModalContent.tsx,packages/desktop/src/renderer/components/settings/SettingsModal/contents/ToolsModalContent.tsx,MOVED+REWRITTEN,488,35.5,46.1
DERIVED-LIKELY,src/common/config/storage.ts,src/common/config/storage.ts,packages/desktop/src/common/config/storage.ts,MOVED+REWRITTEN,236,35.2,56.0
DERIVED-LIKELY,tests/unit/channels/telegramAdapter.test.ts,tests/unit/channels/telegramAdapter.test.ts,tests/unit/channels/telegramAdapter.test.ts,DELETED-OR-UNTRACKED-MOVE,80,35.0,39.4
DERIVED-LIKELY,src/renderer/hooks/mcp/useMcpServers.ts,src/renderer/hooks/mcp/useMcpServers.ts,packages/desktop/src/renderer/hooks/mcp/useMcpServers.ts,MOVED+REWRITTEN,63,34.9,45.9
DERIVED-LIKELY,src/renderer/pages/conversation/components/ChatLayout/index.tsx,src/renderer/pages/conversation/components/ChatLayout/index.tsx,packages/desktop/src/renderer/pages/conversation/components/ChatLayout/index.tsx,MOVED+REWRITTEN,161,34.8,53.7
DERIVED-LIKELY,src/process/bridge/fileWatchBridge.ts,src/process/bridge/fileWatchBridge.ts,src/process/bridge/fileWatchBridge.ts,DELETED-OR-UNTRACKED-MOVE,58,34.5,40.6
DERIVED-LIKELY,src/process/bridge/mcpBridge.ts,src/process/bridge/mcpBridge.ts,src/process/bridge/mcpBridge.ts,DELETED-OR-UNTRACKED-MOVE,89,33.7,41.6
DERIVED-LIKELY,src/process/bridge/shellBridgeStandalone.ts,src/process/bridge/shellBridgeStandalone.ts,src/process/bridge/shellBridgeStandalone.ts,DELETED-OR-UNTRACKED-MOVE,36,33.3,50.0
DERIVED-HIGH,tests/unit/bridge/modelBridge.test.ts,tests/unit/bridge/modelBridge.test.ts,tests/unit/bridge/modelBridge.test.ts,DELETED-OR-UNTRACKED-MOVE,170,32.9,72.1
DERIVED-LIKELY,src/process/utils/shellEnv.ts,src/process/utils/shellEnv.ts,src/process/utils/shellEnv.ts,DELETED-OR-UNTRACKED-MOVE,404,32.9,47.1
DERIVED-HIGH,tests/unit/acpConnectors.test.ts,tests/unit/acpConnectors.test.ts,tests/unit/acpConnectors.test.ts,DELETED-OR-UNTRACKED-MOVE,254,32.7,61.4
DERIVED-LIKELY,src/process/task/AcpAgentManager.ts,src/process/task/AcpAgentManager.ts,src/process/task/AcpAgentManager.ts,DELETED-OR-UNTRACKED-MOVE,1068,32.5,45.4
DERIVED-HIGH,src/renderer/pages/conversation/components/ChatConversation.tsx,src/renderer/pages/conversation/components/ChatConversation.tsx,packages/desktop/src/renderer/pages/conversation/components/ChatConversation.tsx,MOVED+REWRITTEN,341,32.0,66.8
DERIVED-LIKELY,tests/e2e/fixtures.ts,tests/e2e/fixtures.ts,tests/e2e/fixtures.ts,EDITED-IN-PLACE,222,32.0,43.2
DERIVED-HIGH,tests/unit/acpBuiltinMcp.test.ts,tests/unit/acpBuiltinMcp.test.ts,tests/unit/acpBuiltinMcp.test.ts,DELETED-OR-UNTRACKED-MOVE,148,31.8,67.0
DERIVED-LIKELY,src/common/types/electron.ts,src/common/types/electron.ts,packages/desktop/src/common/types/platform/electron.ts,MOVED+REWRITTEN,63,31.7,49.3
DERIVED-LIKELY,tests/unit/channels/weixinPlugin.test.ts,tests/unit/channels/weixinPlugin.test.ts,tests/unit/channels/weixinPlugin.test.ts,DELETED-OR-UNTRACKED-MOVE,266,31.2,57.8
DERIVED-LIKELY,src/index.ts,src/index.ts,packages/desktop/src/index.ts,MOVED+REWRITTEN,598,30.8,44.6
DERIVED-LIKELY,tests/unit/extensions/pathSafety.test.ts,tests/unit/extensions/pathSafety.test.ts,tests/unit/extensions/pathSafety.test.ts,DELETED-OR-UNTRACKED-MOVE,30,30.0,30.0
DERIVED-LIKELY,tests/unit/SpeechToTextService.test.ts,tests/unit/SpeechToTextService.test.ts,tests/unit/SpeechToTextService.test.ts,DELETED-OR-UNTRACKED-MOVE,119,29.4,63.1
DERIVED-LIKELY,src/renderer/hooks/mcp/useMcpOAuth.ts,src/renderer/hooks/mcp/useMcpOAuth.ts,packages/desktop/src/renderer/hooks/mcp/useMcpOAuth.ts,MOVED+REWRITTEN,97,28.9,45.8
DERIVED-LIKELY,src/renderer/pages/conversation/Messages/useAutoScroll.ts,src/renderer/pages/conversation/Messages/useAutoScroll.ts,packages/desktop/src/renderer/pages/conversation/Messages/useAutoScroll.ts,MOVED+REWRITTEN,168,28.0,43.4
DERIVED-LIKELY,src/renderer/hooks/chat/useSendBoxDraft.ts,src/renderer/hooks/chat/useSendBoxDraft.ts,packages/desktop/src/renderer/hooks/chat/useSendBoxDraft.ts,MOVED+REWRITTEN,143,28.0,38.8
DERIVED-LIKELY,src/renderer/hooks/agent/useConfigModelListWithImage.ts,src/renderer/hooks/agent/useConfigModelListWithImage.ts,packages/desktop/src/renderer/hooks/agent/useConfigModelListWithImage.ts,MOVED+REWRITTEN,29,27.6,35.7
DERIVED-LIKELY,src/process/agent/acp/mcpSessionConfig.ts,src/process/agent/acp/mcpSessionConfig.ts,src/process/agent/acp/mcpSessionConfig.ts,DELETED-OR-UNTRACKED-MOVE,73,27.4,51.1
DERIVED-LIKELY,tests/unit/channels/channelMessageService.test.ts,tests/unit/channels/channelMessageService.test.ts,tests/unit/channels/channelMessageService.test.ts,DELETED-OR-UNTRACKED-MOVE,172,27.3,73.9
DERIVED-LIKELY,src/process/services/mcpServices/McpOAuthService.ts,src/process/services/mcpServices/McpOAuthService.ts,src/process/services/mcpServices/McpOAuthService.ts,DELETED-OR-UNTRACKED-MOVE,165,27.3,38.6
DERIVED-LIKELY,src/renderer/components/agent/AcpModelSelector.tsx,src/renderer/components/agent/AcpModelSelector.tsx,packages/desktop/src/renderer/components/agent/AcpModelSelector.tsx,MOVED+REWRITTEN,260,26.9,45.1
DERIVED-LIKELY,tests/unit/acpAdapter.test.ts,tests/unit/acpAdapter.test.ts,tests/unit/acpAdapter.test.ts,DELETED-OR-UNTRACKED-MOVE,131,26.7,58.1
DERIVED-LIKELY,src/renderer/services/i18n/i18n-keys.d.ts,src/renderer/services/i18n/i18n-keys.d.ts,packages/desktop/src/renderer/services/i18n/i18n-keys.d.ts,MOVED+EDITED,4746,26.7,36.3
DERIVED-LIKELY,tests/unit/process/bridge/speechToTextService.test.ts,tests/unit/process/bridge/speechToTextService.test.ts,tests/unit/renderer/speechToTextService.test.ts,MOVED+REWRITTEN,170,26.5,56.5
DERIVED-LIKELY,src/process/bridge/applicationBridge.ts,src/process/bridge/applicationBridge.ts,packages/desktop/src/process/bridge/applicationBridge.ts,MOVED+REWRITTEN,132,26.5,37.8
DERIVED-LIKELY,tests/unit/platform/ElectronPlatformServices.test.ts,tests/unit/platform/ElectronPlatformServices.test.ts,tests/unit/platform/ElectronPlatformServices.test.ts,DELETED-OR-UNTRACKED-MOVE,61,26.2,47.7
DERIVED-LIKELY,src/renderer/pages/guid/components/AgentPillBar.tsx,src/renderer/pages/guid/components/AgentPillBar.tsx,src/renderer/pages/guid/components/AgentPillBar.tsx,DELETED-OR-UNTRACKED-MOVE,138,26.1,54.0
DERIVED-LIKELY,tests/unit/createConversationParams.test.ts,tests/unit/createConversationParams.test.ts,tests/unit/createConversationParams.test.ts,DELETED-OR-UNTRACKED-MOVE,134,26.1,53.5
DERIVED-LIKELY,tests/unit/shellBridge.test.ts,tests/unit/shellBridge.test.ts,tests/unit/shellBridge.test.ts,DELETED-OR-UNTRACKED-MOVE,142,26.1,42.7
DERIVED-LIKELY,src/renderer/pages/settings/components/SettingsPageWrapper.tsx,src/renderer/pages/settings/components/SettingsPageWrapper.tsx,packages/desktop/src/renderer/pages/settings/components/SettingsPageWrapper.tsx,MOVED+EDITED,116,25.9,35.3
DERIVED-LIKELY,src/renderer/hooks/mcp/useMcpServerCRUD.ts,src/renderer/hooks/mcp/useMcpServerCRUD.ts,packages/desktop/src/renderer/hooks/mcp/useMcpServerCRUD.ts,MOVED+REWRITTEN,209,25.8,41.6
DERIVED-LIKELY,src/process/services/database/migrations.ts,src/process/services/database/migrations.ts,packages/desktop/src/process/services/database/migrations.ts,MOVED+EDITED,1053,25.6,47.6
DERIVED-LIKELY,src/renderer/pages/conversation/utils/createConversationParams.ts,src/renderer/pages/conversation/utils/createConversationParams.ts,src/renderer/pages/conversation/utils/createConversationParams.ts,DELETED-OR-UNTRACKED-MOVE,118,25.4,51.1
DERIVED-LIKELY,tests/unit/channels/channelSendProtocol.test.ts,tests/unit/channels/channelSendProtocol.test.ts,tests/unit/channels/channelSendProtocol.test.ts,DELETED-OR-UNTRACKED-MOVE,87,25.3,51.4
DERIVED-LIKELY,src/common/config/storageKeys.ts,src/common/config/storageKeys.ts,packages/desktop/src/common/config/storageKeys.ts,MOVED+EDITED,8,25.0,46.7
DERIVED-LIKELY,tests/unit/imageGenCore.test.ts,tests/unit/imageGenCore.test.ts,tests/unit/imageGenCore.test.ts,DELETED-OR-UNTRACKED-MOVE,331,24.8,35.6
DERIVED-LIKELY,src/renderer/pages/settings/components/SettingsSider.tsx,src/renderer/pages/settings/components/SettingsSider.tsx,packages/desktop/src/renderer/pages/settings/components/SettingsSider.tsx,MOVED+REWRITTEN,95,24.2,42.6
DERIVED-LIKELY,src/renderer/components/settings/SettingsModal/contents/DisplayModalContent.tsx,src/renderer/components/settings/SettingsModal/contents/DisplayModalContent.tsx,src/renderer/components/settings/SettingsModal/contents/DisplayModalContent.tsx,DELETED-OR-UNTRACKED-MOVE,91,24.2,23.0
DERIVED-LIKELY,src/common/utils/urlValidation.ts,src/common/utils/urlValidation.ts,packages/desktop/src/common/utils/urlValidation.ts,MOVED-ONLY,50,24.0,47.2
DERIVED-LIKELY,tests/unit/renderer/SpeechInputButton.dom.test.tsx,tests/unit/renderer/SpeechInputButton.dom.test.tsx,tests/unit/renderer/SpeechInputButton.dom.test.tsx,DELETED-OR-UNTRACKED-MOVE,148,23.6,46.0
DERIVED-LIKELY,tests/e2e/specs/channels.e2e.ts,tests/e2e/specs/channels.e2e.ts,tests/e2e/specs/channels.e2e.ts,UNTOUCHED,31,22.6,47.4
DERIVED-LIKELY,tests/unit/ConversationServiceImpl.test.ts,tests/unit/ConversationServiceImpl.test.ts,tests/unit/ConversationServiceImpl.test.ts,DELETED-OR-UNTRACKED-MOVE,319,22.6,38.0
DERIVED-LIKELY,tests/unit/useAutoPreviewOfficeFiles.dom.test.ts,tests/unit/useAutoPreviewOfficeFiles.dom.test.ts,tests/unit/renderer/useAutoPreviewOfficeFiles.dom.test.ts,MOVED+REWRITTEN,102,22.5,49.5
DERIVED-LIKELY,src/renderer/utils/model/agentTypes.ts,src/renderer/utils/model/agentTypes.ts,packages/desktop/src/renderer/utils/model/agentTypes.ts,MOVED+REWRITTEN,9,22.2,57.1
DERIVED-LIKELY,tests/unit/WorkerTaskManagerJobExecutor.test.ts,tests/unit/WorkerTaskManagerJobExecutor.test.ts,tests/unit/WorkerTaskManagerJobExecutor.test.ts,DELETED-OR-UNTRACKED-MOVE,162,21.6,48.8
DERIVED-LIKELY,src/process/bridge/extensionsBridge.ts,src/process/bridge/extensionsBridge.ts,src/process/bridge/extensionsBridge.ts,DELETED-OR-UNTRACKED-MOVE,392,21.4,23.8
DERIVED-LIKELY,src/renderer/pages/conversation/platforms/acp/AcpChat.tsx,src/renderer/pages/conversation/platforms/acp/AcpChat.tsx,packages/desktop/src/renderer/pages/conversation/platforms/acp/AcpChat.tsx,MOVED+REWRITTEN,75,21.3,24.0
DERIVED-LIKELY,tests/unit/shellEnv.test.ts,tests/unit/shellEnv.test.ts,tests/unit/shellEnv.test.ts,DELETED-OR-UNTRACKED-MOVE,577,20.5,44.2
DERIVED-LIKELY,src/renderer/components/layout/Router.tsx,src/renderer/components/layout/Router.tsx,packages/desktop/src/renderer/components/layout/Router.tsx,MOVED+REWRITTEN,157,20.4,33.3
DERIVED-LIKELY,src/renderer/utils/file/fileTypes.ts,src/renderer/utils/file/fileTypes.ts,packages/desktop/src/renderer/utils/file/fileTypes.ts,MOVED+REWRITTEN,5,20.0,100.0
DERIVED-LIKELY,src/process/extensions/sandbox/pathSafety.ts,src/process/extensions/sandbox/pathSafety.ts,src/process/extensions/sandbox/pathSafety.ts,DELETED-OR-UNTRACKED-MOVE,25,20.0,34.8
DERIVED-LIKELY,src/process/extensions/constants.ts,src/process/extensions/constants.ts,packages/desktop/src/common/theme/constants.ts,MOVED+REWRITTEN,60,20.0,30.8
REVIEW,src/renderer/pages/cron/components/CronJobManager.tsx,src/renderer/pages/cron/components/CronJobManager.tsx,src/renderer/pages/cron/components/CronJobManager.tsx,DELETED-OR-UNTRACKED-MOVE,93,19.4,42.1
REVIEW,src/process/channels/plugins/index.ts,src/process/channels/plugins/index.ts,src/process/channels/plugins/index.ts,DELETED-OR-UNTRACKED-MOVE,37,18.9,15.9
REVIEW,src/renderer/pages/settings/AgentSettings/LocalAgents.tsx,src/renderer/pages/settings/AgentSettings/LocalAgents.tsx,src/renderer/pages/settings/AgentSettings/LocalAgents.tsx,DELETED-OR-UNTRACKED-MOVE,113,18.6,33.9
REVIEW,src/renderer/pages/conversation/hooks/useConversationAgents.ts,src/renderer/pages/conversation/hooks/useConversationAgents.ts,src/renderer/pages/conversation/hooks/useConversationAgents.ts,DELETED-OR-UNTRACKED-MOVE,55,18.2,25.5
DERIVED-LIKELY,src/process/agent/acp/AcpDetector.ts,src/process/agent/acp/AcpDetector.ts,src/process/agent/acp/AcpDetector.ts,DELETED-OR-UNTRACKED-MOVE,106,17.9,62.2
REVIEW,src/common/adapter/ipcBridge.ts,src/common/adapter/ipcBridge.ts,src/common/adapter/ipcBridge.ts,DELETED-OR-UNTRACKED-MOVE,1150,17.9,43.2
REVIEW,tests/unit/prepareBundledBun.test.ts,tests/unit/prepareBundledBun.test.ts,tests/unit/prepareBundledBun.test.ts,DELETED-OR-UNTRACKED-MOVE,47,17.0,36.4
REVIEW,src/renderer/pages/guid/components/GuidModelSelector.tsx,src/renderer/pages/guid/components/GuidModelSelector.tsx,src/renderer/pages/guid/components/GuidModelSelector.tsx,DELETED-OR-UNTRACKED-MOVE,240,16.7,35.4
REVIEW,tests/unit/extensions/statePersistence.test.ts,tests/unit/extensions/statePersistence.test.ts,tests/unit/extensions/statePersistence.test.ts,DELETED-OR-UNTRACKED-MOVE,91,16.5,46.6
REVIEW,src/process/task/WorkerTaskManager.ts,src/process/task/WorkerTaskManager.ts,src/process/task/WorkerTaskManager.ts,DELETED-OR-UNTRACKED-MOVE,126,15.9,30.8
REVIEW,src/renderer/pages/cron/cronUtils.ts,src/renderer/pages/cron/cronUtils.ts,src/renderer/pages/cron/cronUtils.ts,DELETED-OR-UNTRACKED-MOVE,54,14.8,26.0
REVIEW,tests/unit/renderer/useSpeechInput.test.ts,tests/unit/renderer/useSpeechInput.test.ts,tests/unit/renderer/useSpeechInput.test.ts,DELETED-OR-UNTRACKED-MOVE,145,14.5,25.5
DERIVED-LIKELY,src/process/channels/utils/credentialCrypto.ts,src/process/channels/utils/credentialCrypto.ts,src/process/channels/utils/credentialCrypto.ts,DELETED-OR-UNTRACKED-MOVE,38,13.2,56.7
REVIEW,src/process/resources/builtinMcp/constants.ts,src/process/resources/builtinMcp/constants.ts,packages/desktop/src/process/resources/builtinMcp/constants.ts,MOVED-ONLY,58,12.1,22.0
REVIEW,tests/unit/useAutoScroll.dom.test.ts,tests/unit/useAutoScroll.dom.test.ts,tests/unit/useAutoScroll.dom.test.ts,DELETED-OR-UNTRACKED-MOVE,453,11.3,42.7
REVIEW,src/renderer/hooks/file/useAutoPreviewOfficeFiles.ts,src/renderer/hooks/file/useAutoPreviewOfficeFiles.ts,src/renderer/hooks/file/useAutoPreviewOfficeFiles.ts,DELETED-OR-UNTRACKED-MOVE,71,11.3,34.0
DERIVED-LIKELY,src/process/services/database/export.ts,src/process/services/database/export.ts,src/process/services/database/export.ts,DELETED-OR-UNTRACKED-MOVE,9,11.1,64.5
REVIEW,src/process/bridge/cronBridge.ts,src/process/bridge/cronBridge.ts,src/process/bridge/cronBridge.ts,DELETED-OR-UNTRACKED-MOVE,109,11.0,15.3
REVIEW,src/renderer/hooks/system/useTheme.ts,src/renderer/hooks/system/useTheme.ts,src/renderer/hooks/system/useTheme.ts,DELETED-OR-UNTRACKED-MOVE,68,10.3,31.4
REVIEW,src/renderer/hooks/mcp/useMcpConnection.ts,src/renderer/hooks/mcp/useMcpConnection.ts,src/renderer/hooks/mcp/useMcpConnection.ts,DELETED-OR-UNTRACKED-MOVE,263,10.3,29.3
REVIEW,src/process/task/agentUtils.ts,src/process/task/agentUtils.ts,src/process/task/agentUtils.ts,DELETED-OR-UNTRACKED-MOVE,291,9.6,16.0
DIVERGED,src/process/services/cron/WorkerTaskManagerJobExecutor.ts,src/process/services/cron/WorkerTaskManagerJobExecutor.ts,src/process/services/cron/WorkerTaskManagerJobExecutor.ts,DELETED-OR-UNTRACKED-MOVE,361,6.9,13.7
DIVERGED,src/process/utils/initBridge.ts,src/process/utils/initBridge.ts,src/process/utils/initBridge.ts,DELETED-OR-UNTRACKED-MOVE,206,6.3,9.4
DIVERGED,tests/unit/useMcpServerCRUD.dom.test.tsx,tests/unit/useMcpServerCRUD.dom.test.tsx,tests/unit/useMcpServerCRUD.dom.test.tsx,DELETED-OR-UNTRACKED-MOVE,890,3.9,16.5
DIVERGED,src/process/bridge/shellBridge.ts,src/process/bridge/shellBridge.ts,src/process/bridge/shellBridge.ts,DELETED-OR-UNTRACKED-MOVE,141,2.1,11.7
DIVERGED,src/renderer/pages/settings/AgentSettings/index.tsx,src/renderer/pages/settings/AgentSettings/index.tsx,packages/desktop/src/renderer/pages/settings/AgentSettings/index.tsx,MOVED-ONLY,140,0.7,2.2
DERIVED-LIKELY,src/renderer/utils/model/presetAssistantResources.ts,src/renderer/utils/model/presetAssistantResources.ts,src/renderer/utils/model/presetAssistantResources.ts,DELETED-OR-UNTRACKED-MOVE,5,0.0,100.0
DIVERGED,src/renderer/components/base/index.ts,src/renderer/components/base/index.ts,packages/desktop/src/renderer/components/base/index.ts,MOVED+EDITED,11,0.0,29.4
