tier,file,upstream,our_lines,line_overlap,id_overlap,aionui_notice
DERIVED-HIGH,playwright.config.ts,playwright.config.ts,11,100.0,100.0,False
DERIVED-HIGH,tests/vitest.setup.ts,tests/vitest.setup.ts,11,100.0,100.0,False
DERIVED-HIGH,tests/unit/slashMatcher.test.ts,tests/unit/slashMatcher.test.ts,20,100.0,100.0,False
DERIVED-HIGH,tests/unit/slashCommandAvailability.test.ts,tests/unit/slashCommandAvailability.test.ts,17,100.0,100.0,False
DERIVED-HIGH,tests/unit/healthCheckClassify.test.ts,tests/unit/healthCheckClassify.test.ts,15,100.0,100.0,False
DERIVED-HIGH,tests/unit/conversationCache.test.ts,tests/unit/conversationCache.test.ts,17,100.0,100.0,False
DERIVED-HIGH,tests/unit/normalizeWsUrl.test.ts,tests/unit/normalizeWsUrl.test.ts,23,100.0,100.0,False
DERIVED-HIGH,tests/unit/modelSourceLabel.test.ts,tests/unit/modelSourceLabel.test.ts,17,100.0,100.0,False
DERIVED-HIGH,tests/unit/acpUtilsDecodeWindows.test.ts,tests/unit/acpUtilsDecodeWindows.test.ts,22,100.0,100.0,False
DERIVED-HIGH,tests/unit/atFileQuery.test.ts,tests/unit/atFileQuery.test.ts,22,100.0,100.0,False
DERIVED-HIGH,tests/unit/modelFallback.test.ts,tests/unit/modelFallback.test.ts,27,100.0,100.0,False
DERIVED-HIGH,tests/unit/geminiAbortRecovery.test.ts,tests/unit/geminiAbortRecovery.test.ts,44,100.0,100.0,False
DERIVED-HIGH,tests/unit/workspaceMentions.test.ts,tests/unit/workspaceMentions.test.ts,20,100.0,100.0,False
DERIVED-HIGH,tests/unit/assistantPresets.i18n.test.ts,tests/unit/assistantPresets.i18n.test.ts,8,100.0,100.0,False
DERIVED-HIGH,tests/unit/useIndexedItemRefs.dom.test.tsx,tests/unit/useIndexedItemRefs.dom.test.tsx,18,100.0,100.0,False
DERIVED-HIGH,tests/unit/registry.test.ts,tests/unit/registry.test.ts,19,100.0,100.0,False
DERIVED-HIGH,tests/unit/useConversationActions.dom.test.ts,tests/unit/useConversationActions.dom.test.ts,45,100.0,100.0,False
DERIVED-HIGH,tests/unit/weixinLoginRoutes.test.ts,tests/unit/weixinLoginRoutes.test.ts,37,100.0,100.0,False
DERIVED-HIGH,tests/unit/webui-favicon.test.ts,tests/unit/webui-favicon.test.ts,12,100.0,100.0,False
DERIVED-HIGH,tests/unit/renderer/AcpConfigSelector.dom.test.tsx,tests/unit/renderer/AcpConfigSelector.dom.test.tsx,31,100.0,100.0,False
DERIVED-HIGH,tests/unit/renderer/assertBridgeSuccess.test.ts,tests/unit/renderer/assertBridgeSuccess.test.ts,9,100.0,100.0,False
DERIVED-HIGH,tests/unit/renderer/markdownShadowViewSpacing.dom.test.tsx,tests/unit/renderer/markdownShadowViewSpacing.dom.test.tsx,23,100.0,100.0,False
DERIVED-HIGH,tests/unit/renderer/guidInputCard.dom.test.tsx,tests/unit/renderer/guidInputCard.dom.test.tsx,33,100.0,100.0,False
DERIVED-HIGH,tests/unit/renderer/components/markdown/CodeBlock.dom.test.tsx,tests/unit/renderer/components/markdown/CodeBlock.dom.test.tsx,12,100.0,100.0,False
DERIVED-HIGH,tests/unit/renderer/components/layout/siderOrder.test.ts,tests/unit/renderer/components/layout/siderOrder.test.ts,27,100.0,100.0,False
DERIVED-HIGH,tests/unit/renderer/conversation/MessageCronTrigger.dom.test.tsx,tests/unit/renderer/conversation/MessageCronTrigger.dom.test.tsx,31,100.0,100.0,False
DERIVED-HIGH,tests/unit/renderer/conversation/WorkspacePanelHeader.dom.test.tsx,tests/unit/renderer/conversation/WorkspacePanelHeader.dom.test.tsx,26,100.0,100.0,False
DERIVED-HIGH,tests/unit/chat/autoTitle.test.ts,tests/unit/chat/autoTitle.test.ts,15,100.0,100.0,False
DERIVED-HIGH,tests/unit/chat/sendboxSpellcheck.dom.test.tsx,tests/unit/chat/sendboxSpellcheck.dom.test.tsx,78,100.0,100.0,False
DERIVED-HIGH,tests/unit/chat/getLastAssistantText.test.ts,tests/unit/chat/getLastAssistantText.test.ts,27,100.0,100.0,False
DERIVED-HIGH,tests/unit/extensions/sandboxPermission.test.ts,tests/unit/extensions/sandboxPermission.test.ts,18,100.0,100.0,False
DERIVED-HIGH,tests/unit/common/i18n.index.test.ts,tests/unit/common/i18n.index.test.ts,11,100.0,100.0,False
DERIVED-HIGH,tests/unit/common/conversationHistoryContext.dom.test.tsx,tests/unit/common/conversationHistoryContext.dom.test.tsx,46,100.0,100.0,False
DERIVED-HIGH,tests/unit/process/bridge/applicationBridgeCore.test.ts,tests/unit/process/bridge/applicationBridgeCore.test.ts,28,100.0,100.0,False
DERIVED-HIGH,tests/unit/process/team/teammatePrompt.test.ts,tests/unit/process/team/teammatePrompt.test.ts,14,100.0,100.0,False
DERIVED-HIGH,tests/unit/process/acp/infra/processUtils.test.ts,tests/unit/process/acp/infra/processUtils.test.ts,29,100.0,100.0,False
DERIVED-HIGH,tests/unit/process/acp/session/emitCrashSignal.test.ts,tests/unit/process/acp/session/emitCrashSignal.test.ts,18,100.0,100.0,False
DERIVED-HIGH,tests/integration/webui-favicon-build.test.ts,tests/integration/webui-favicon-build.test.ts,74,100.0,100.0,False
DERIVED-HIGH,tests/e2e/specs/app-launch.e2e.ts,tests/e2e/specs/app-launch.e2e.ts,14,100.0,100.0,False
DERIVED-HIGH,tests/e2e/helpers/teamConfig.ts,tests/e2e/helpers/teamConfig.ts,4,100.0,100.0,False
DERIVED-HIGH,tests/e2e/helpers/extensions.ts,tests/e2e/helpers/extensions.ts,46,100.0,100.0,False
DERIVED-HIGH,tests/e2e/helpers/assertions.ts,tests/e2e/helpers/assertions.ts,13,100.0,100.0,False
DERIVED-HIGH,tests/e2e/helpers/bridge.ts,tests/e2e/helpers/bridge.ts,22,100.0,100.0,False
DERIVED-HIGH,tests/e2e/helpers/screenshots.ts,tests/e2e/helpers/screenshots.ts,6,100.0,100.0,False
DERIVED-HIGH,tests/e2e/helpers/index.ts,tests/e2e/helpers/index.ts,9,100.0,100.0,False
DERIVED-HIGH,src/types.d.ts,src/types.d.ts,5,100.0,100.0,False
DERIVED-HIGH,src/renderer/types.d.ts,src/renderer/types.d.ts,2,100.0,100.0,False
DERIVED-HIGH,src/renderer/utils/common.ts,src/renderer/utils/common.ts,9,100.0,100.0,False
DERIVED-HIGH,src/renderer/utils/ui/focus.ts,src/renderer/utils/ui/focus.ts,8,100.0,100.0,False
DERIVED-HIGH,src/renderer/utils/ui/clipboard.ts,src/renderer/utils/ui/clipboard.ts,17,100.0,100.0,False
DERIVED-HIGH,src/renderer/utils/ui/createContext.tsx,src/renderer/utils/ui/createContext.tsx,19,100.0,100.0,False
DERIVED-HIGH,src/renderer/utils/ui/siderTooltip.ts,src/renderer/utils/ui/siderTooltip.ts,18,100.0,100.0,False
DERIVED-HIGH,src/renderer/utils/chat/getLastAssistantText.ts,src/renderer/utils/chat/getLastAssistantText.ts,14,100.0,100.0,False
DERIVED-HIGH,src/renderer/utils/chat/skillSuggestParser.ts,src/renderer/utils/chat/skillSuggestParser.ts,38,100.0,100.0,False
DERIVED-HIGH,src/renderer/utils/chat/messageHistory.ts,src/renderer/utils/chat/messageHistory.ts,17,100.0,100.0,False
DERIVED-HIGH,src/renderer/utils/file/fileType.ts,src/renderer/utils/file/fileType.ts,34,100.0,100.0,False
DERIVED-HIGH,src/renderer/utils/file/fileSelection.ts,src/renderer/utils/file/fileSelection.ts,22,100.0,100.0,False
DERIVED-HIGH,src/renderer/utils/file/base64.ts,src/renderer/utils/file/base64.ts,20,100.0,100.0,False
DERIVED-HIGH,src/renderer/utils/model/modelPlatforms.ts,src/renderer/utils/model/modelPlatforms.ts,84,100.0,100.0,False
DERIVED-HIGH,src/renderer/utils/model/presetAssistantResources.ts,src/renderer/utils/model/presetAssistantResources.ts,5,100.0,100.0,False
DERIVED-HIGH,src/renderer/utils/model/agentTypes.ts,src/renderer/utils/model/agentTypes.ts,9,100.0,100.0,False
DERIVED-HIGH,src/renderer/utils/model/modelFallback.ts,src/renderer/utils/model/modelFallback.ts,31,100.0,100.0,False
DERIVED-HIGH,src/renderer/utils/model/modelSource.ts,src/renderer/utils/model/modelSource.ts,8,100.0,100.0,False
DERIVED-HIGH,src/renderer/styles/colors.ts,src/renderer/styles/colors.ts,50,100.0,100.0,False
DERIVED-HIGH,src/renderer/components/ShimmerText.tsx,src/renderer/components/ShimmerText.tsx,22,100.0,100.0,False
DERIVED-HIGH,src/renderer/components/settings/SettingsModal/useSettingsModal.tsx,src/renderer/components/settings/SettingsModal/useSettingsModal.tsx,13,100.0,100.0,False
DERIVED-HIGH,src/renderer/components/settings/SettingsModal/settingsViewContext.tsx,src/renderer/components/settings/SettingsModal/settingsViewContext.tsx,6,100.0,100.0,False
DERIVED-HIGH,src/renderer/components/settings/SettingsModal/contents/healthCheckUtils.ts,src/renderer/components/settings/SettingsModal/contents/healthCheckUtils.ts,3,100.0,100.0,False
DERIVED-HIGH,src/renderer/components/settings/SettingsModal/contents/feedbackModules.ts,src/renderer/components/settings/SettingsModal/contents/feedbackModules.ts,36,100.0,100.0,False
DERIVED-HIGH,src/renderer/components/settings/SettingsModal/contents/channels/ChannelItem.tsx,src/renderer/components/settings/SettingsModal/contents/channels/ChannelItem.tsx,17,100.0,100.0,False
DERIVED-HIGH,src/renderer/components/settings/SettingsModal/contents/channels/ChannelHeader.tsx,src/renderer/components/settings/SettingsModal/contents/channels/ChannelHeader.tsx,42,100.0,100.0,False
DERIVED-HIGH,src/renderer/components/settings/SettingsModal/contents/channels/types.ts,src/renderer/components/settings/SettingsModal/contents/channels/types.ts,3,100.0,100.0,False
DERIVED-HIGH,src/renderer/components/chat/SlashCommandMenu.tsx,src/renderer/components/chat/SlashCommandMenu.tsx,46,100.0,100.0,False
DERIVED-HIGH,src/renderer/components/chat/ThoughtDisplay.tsx,src/renderer/components/chat/ThoughtDisplay.tsx,45,100.0,100.0,False
DERIVED-HIGH,src/renderer/components/chat/AtFileMenu/index.tsx,src/renderer/components/chat/AtFileMenu/index.tsx,20,100.0,100.0,False
DERIVED-HIGH,src/renderer/components/chat/BtwOverlay/index.tsx,src/renderer/components/chat/BtwOverlay/index.tsx,75,100.0,100.0,False
DERIVED-HIGH,src/renderer/components/Markdown/markdownUtils.ts,src/renderer/components/Markdown/markdownUtils.ts,13,100.0,100.0,False
DERIVED-HIGH,src/renderer/components/layout/AppLoader.tsx,src/renderer/components/layout/AppLoader.tsx,5,100.0,100.0,False
DERIVED-HIGH,src/renderer/components/layout/PwaPullToRefresh.tsx,src/renderer/components/layout/PwaPullToRefresh.tsx,49,100.0,100.0,False
DERIVED-HIGH,src/renderer/components/layout/FlexFullContainer.tsx,src/renderer/components/layout/FlexFullContainer.tsx,8,100.0,100.0,False
DERIVED-HIGH,src/renderer/components/layout/Sider/siderOrder.ts,src/renderer/components/layout/Sider/siderOrder.ts,43,100.0,100.0,False
DERIVED-HIGH,src/renderer/components/layout/Sider/useStoredSiderOrder.ts,src/renderer/components/layout/Sider/useStoredSiderOrder.ts,43,100.0,100.0,False
DERIVED-HIGH,src/renderer/components/layout/Sider/SortableSiderEntry.tsx,src/renderer/components/layout/Sider/SortableSiderEntry.tsx,13,100.0,100.0,False
DERIVED-HIGH,src/renderer/components/layout/Sider/CronJobSiderSection/index.ts,src/renderer/components/layout/Sider/CronJobSiderSection/index.ts,1,100.0,100.0,False
DERIVED-HIGH,src/renderer/components/workspace/index.ts,src/renderer/components/workspace/index.ts,1,100.0,100.0,False
DERIVED-HIGH,src/renderer/components/agent/MarqueePillLabel.tsx,src/renderer/components/agent/MarqueePillLabel.tsx,38,100.0,100.0,False
DERIVED-HIGH,src/renderer/components/media/UploadProgressBar.tsx,src/renderer/components/media/UploadProgressBar.tsx,16,100.0,100.0,False
DERIVED-HIGH,src/renderer/hooks/assistant/useDetectedAgents.ts,src/renderer/hooks/assistant/useDetectedAgents.ts,14,100.0,100.0,False
DERIVED-HIGH,src/renderer/hooks/ui/useFontScale.ts,src/renderer/hooks/ui/useFontScale.ts,32,100.0,100.0,False
DERIVED-HIGH,src/renderer/hooks/ui/useIndexedItemRefs.ts,src/renderer/hooks/ui/useIndexedItemRefs.ts,7,100.0,100.0,False
DERIVED-HIGH,src/renderer/hooks/ui/useThrottle.ts,src/renderer/hooks/ui/useThrottle.ts,17,100.0,100.0,False
DERIVED-HIGH,src/renderer/hooks/ui/useDebounce.ts,src/renderer/hooks/ui/useDebounce.ts,14,100.0,100.0,False
DERIVED-HIGH,src/renderer/hooks/ui/useConversationShortcuts.ts,src/renderer/hooks/ui/useConversationShortcuts.ts,34,100.0,100.0,False
DERIVED-HIGH,src/renderer/hooks/chat/useSendBoxFiles.ts,src/renderer/hooks/chat/useSendBoxFiles.ts,35,100.0,100.0,False
DERIVED-HIGH,src/renderer/hooks/chat/useCompositionInput.ts,src/renderer/hooks/chat/useCompositionInput.ts,16,100.0,100.0,False
DERIVED-HIGH,src/renderer/hooks/file/useUploadState.ts,src/renderer/hooks/file/useUploadState.ts,36,100.0,100.0,False
DERIVED-HIGH,src/renderer/hooks/file/usePreviewLauncher.ts,src/renderer/hooks/file/usePreviewLauncher.ts,53,100.0,100.0,False
DERIVED-HIGH,src/renderer/hooks/file/usePasteService.ts,src/renderer/hooks/file/usePasteService.ts,28,100.0,100.0,False
DERIVED-HIGH,src/renderer/hooks/file/useOpenFileSelector.ts,src/renderer/hooks/file/useOpenFileSelector.ts,15,100.0,100.0,False
DERIVED-HIGH,src/renderer/hooks/agent/useHubAgents.ts,src/renderer/hooks/agent/useHubAgents.ts,33,100.0,100.0,False
DERIVED-HIGH,src/renderer/hooks/agent/useModeModeList.ts,src/renderer/hooks/agent/useModeModeList.ts,39,100.0,100.0,False
DERIVED-HIGH,src/renderer/hooks/agent/useGeminiGoogleAuthModels.ts,src/renderer/hooks/agent/useGeminiGoogleAuthModels.ts,27,100.0,100.0,False
DERIVED-HIGH,src/renderer/hooks/system/useAutoPreviewOfficeFilesEnabled.ts,src/renderer/hooks/system/useAutoPreviewOfficeFilesEnabled.ts,12,100.0,100.0,False
DERIVED-HIGH,src/renderer/hooks/system/useExtI18n.ts,src/renderer/hooks/system/useExtI18n.ts,30,100.0,100.0,False
DERIVED-HIGH,src/renderer/hooks/system/usePwaMode.ts,src/renderer/hooks/system/usePwaMode.ts,8,100.0,100.0,False
DERIVED-HIGH,src/renderer/hooks/system/useNotificationClick.ts,src/renderer/hooks/system/useNotificationClick.ts,14,100.0,100.0,False
DERIVED-HIGH,src/renderer/pages/settings/SystemSettings.tsx,src/renderer/pages/settings/SystemSettings.tsx,11,100.0,100.0,False
DERIVED-HIGH,src/renderer/pages/settings/AgentSettings/RemoteAgents.tsx,src/renderer/pages/settings/AgentSettings/RemoteAgents.tsx,1,100.0,100.0,False
DERIVED-HIGH,src/renderer/pages/settings/DisplaySettings/index.tsx,src/renderer/pages/settings/DisplaySettings/index.tsx,5,100.0,100.0,False
DERIVED-HIGH,src/renderer/pages/team/components/AgentStatusBadge.tsx,src/renderer/pages/team/components/AgentStatusBadge.tsx,13,100.0,100.0,False
DERIVED-HIGH,src/renderer/pages/guid/index.tsx,src/renderer/pages/guid/index.tsx,1,100.0,100.0,False
DERIVED-HIGH,src/renderer/pages/guid/types.ts,src/renderer/pages/guid/types.ts,10,100.0,100.0,False
DERIVED-HIGH,src/renderer/pages/guid/constants.ts,src/renderer/pages/guid/constants.ts,3,100.0,100.0,False
DERIVED-HIGH,src/renderer/pages/guid/utils/modelUtils.ts,src/renderer/pages/guid/utils/modelUtils.ts,18,100.0,100.0,False
DERIVED-HIGH,src/renderer/pages/guid/components/GuidSkeleton.tsx,src/renderer/pages/guid/components/GuidSkeleton.tsx,14,100.0,100.0,False
DERIVED-HIGH,src/renderer/pages/guid/hooks/useAgentAvailability.ts,src/renderer/pages/guid/hooks/useAgentAvailability.ts,23,100.0,100.0,False
DERIVED-HIGH,src/renderer/pages/cron/index.ts,src/renderer/pages/cron/index.ts,3,100.0,100.0,False
DERIVED-HIGH,src/renderer/pages/cron/ScheduledTasksPage/CronStatusTag.tsx,src/renderer/pages/cron/ScheduledTasksPage/CronStatusTag.tsx,19,100.0,100.0,False
DERIVED-HIGH,src/renderer/pages/conversation/index.tsx,src/renderer/pages/conversation/index.tsx,30,100.0,100.0,False
DERIVED-HIGH,src/renderer/pages/conversation/platforms/assertBridgeSuccess.ts,src/renderer/pages/conversation/platforms/assertBridgeSuccess.ts,4,100.0,100.0,False
DERIVED-HIGH,src/renderer/pages/conversation/platforms/gemini/useGeminiQuotaFallback.ts,src/renderer/pages/conversation/platforms/gemini/useGeminiQuotaFallback.ts,39,100.0,100.0,False
DERIVED-HIGH,src/renderer/pages/conversation/platforms/gemini/useGeminiModelSelection.ts,src/renderer/pages/conversation/platforms/gemini/useGeminiModelSelection.ts,31,100.0,100.0,False
DERIVED-HIGH,src/renderer/pages/conversation/platforms/openclaw/OpenClawChat.tsx,src/renderer/pages/conversation/platforms/openclaw/OpenClawChat.tsx,22,100.0,100.0,False
DERIVED-HIGH,src/renderer/pages/conversation/platforms/nanobot/NanobotChat.tsx,src/renderer/pages/conversation/platforms/nanobot/NanobotChat.tsx,23,100.0,100.0,False
DERIVED-HIGH,src/renderer/pages/conversation/platforms/remote/RemoteChat.tsx,src/renderer/pages/conversation/platforms/remote/RemoteChat.tsx,22,100.0,100.0,False
DERIVED-HIGH,src/renderer/pages/conversation/Messages/types.ts,src/renderer/pages/conversation/Messages/types.ts,2,100.0,100.0,False
DERIVED-HIGH,src/renderer/pages/conversation/Messages/constants.ts,src/renderer/pages/conversation/Messages/constants.ts,5,100.0,100.0,False
DERIVED-HIGH,src/renderer/pages/conversation/Messages/codex/MessageCodexToolCall.tsx,src/renderer/pages/conversation/Messages/codex/MessageCodexToolCall.tsx,30,100.0,100.0,False
DERIVED-HIGH,src/renderer/pages/conversation/Messages/codex/ToolCallComponent/TurnDiffDisplay.tsx,src/renderer/pages/conversation/Messages/codex/ToolCallComponent/TurnDiffDisplay.tsx,19,100.0,100.0,False
DERIVED-HIGH,src/renderer/pages/conversation/Messages/codex/ToolCallComponent/PatchDisplay.tsx,src/renderer/pages/conversation/Messages/codex/ToolCallComponent/PatchDisplay.tsx,41,100.0,100.0,False
DERIVED-HIGH,src/renderer/pages/conversation/Messages/components/MessageSkillSuggest.tsx,src/renderer/pages/conversation/Messages/components/MessageSkillSuggest.tsx,8,100.0,100.0,False
DERIVED-HIGH,src/renderer/pages/conversation/Workspace/utils/filePreview.ts,src/renderer/pages/conversation/Workspace/utils/filePreview.ts,5,100.0,100.0,False
DERIVED-HIGH,src/renderer/pages/conversation/Workspace/hooks/useWorkspaceCollapse.ts,src/renderer/pages/conversation/Workspace/hooks/useWorkspaceCollapse.ts,10,100.0,100.0,False
DERIVED-HIGH,src/renderer/pages/conversation/Workspace/hooks/useWorkspaceModals.ts,src/renderer/pages/conversation/Workspace/hooks/useWorkspaceModals.ts,17,100.0,100.0,False
DERIVED-HIGH,src/renderer/pages/conversation/GroupedHistory/SortableConversationRow.tsx,src/renderer/pages/conversation/GroupedHistory/SortableConversationRow.tsx,18,100.0,100.0,False
DERIVED-HIGH,src/renderer/pages/conversation/GroupedHistory/utils/exportHelpers.ts,src/renderer/pages/conversation/GroupedHistory/utils/exportHelpers.ts,46,100.0,100.0,False
DERIVED-HIGH,src/renderer/pages/conversation/GroupedHistory/hooks/useVisibleConversationIds.ts,src/renderer/pages/conversation/GroupedHistory/hooks/useVisibleConversationIds.ts,12,100.0,100.0,False
DERIVED-HIGH,src/renderer/pages/conversation/utils/newConversationName.ts,src/renderer/pages/conversation/utils/newConversationName.ts,2,100.0,100.0,False
DERIVED-HIGH,src/renderer/pages/conversation/utils/conversationCache.ts,src/renderer/pages/conversation/utils/conversationCache.ts,7,100.0,100.0,False
DERIVED-HIGH,src/renderer/pages/conversation/utils/layoutCalc.ts,src/renderer/pages/conversation/utils/layoutCalc.ts,57,100.0,100.0,False
DERIVED-HIGH,src/renderer/pages/conversation/components/ConversationTitleMinimap/minimapTypes.ts,src/renderer/pages/conversation/components/ConversationTitleMinimap/minimapTypes.ts,19,100.0,100.0,False
DERIVED-HIGH,src/renderer/pages/conversation/hooks/useContainerWidth.ts,src/renderer/pages/conversation/hooks/useContainerWidth.ts,15,100.0,100.0,False
DERIVED-HIGH,src/renderer/pages/conversation/hooks/useLayoutConstraints.ts,src/renderer/pages/conversation/hooks/useLayoutConstraints.ts,26,100.0,100.0,False
DERIVED-HIGH,src/renderer/pages/conversation/hooks/usePreviewAutoCollapse.ts,src/renderer/pages/conversation/hooks/usePreviewAutoCollapse.ts,29,100.0,100.0,False
DERIVED-HIGH,src/renderer/pages/conversation/Preview/types.ts,src/renderer/pages/conversation/Preview/types.ts,3,100.0,100.0,False
DERIVED-HIGH,src/renderer/pages/conversation/Preview/constants.ts,src/renderer/pages/conversation/Preview/constants.ts,14,100.0,100.0,False
DERIVED-HIGH,src/renderer/pages/conversation/Preview/index.ts,src/renderer/pages/conversation/Preview/index.ts,5,100.0,100.0,False
DERIVED-HIGH,src/renderer/pages/conversation/Preview/context/index.ts,src/renderer/pages/conversation/Preview/context/index.ts,4,100.0,100.0,False
DERIVED-HIGH,src/renderer/pages/conversation/Preview/context/PreviewToolbarExtrasContext.tsx,src/renderer/pages/conversation/Preview/context/PreviewToolbarExtrasContext.tsx,8,100.0,100.0,False
DERIVED-HIGH,src/renderer/pages/conversation/Preview/components/index.ts,src/renderer/pages/conversation/Preview/components/index.ts,5,100.0,100.0,False
DERIVED-HIGH,src/renderer/pages/conversation/Preview/components/renderers/index.ts,src/renderer/pages/conversation/Preview/components/renderers/index.ts,2,100.0,100.0,False
DERIVED-HIGH,src/renderer/pages/conversation/Preview/components/PreviewPanel/index.ts,src/renderer/pages/conversation/Preview/components/PreviewPanel/index.ts,8,100.0,100.0,False
DERIVED-HIGH,src/renderer/pages/conversation/Preview/components/viewers/ImageViewer.tsx,src/renderer/pages/conversation/Preview/components/viewers/ImageViewer.tsx,23,100.0,100.0,False
DERIVED-HIGH,src/renderer/pages/conversation/Preview/components/viewers/OfficeDocViewer.tsx,src/renderer/pages/conversation/Preview/components/viewers/OfficeDocViewer.tsx,5,100.0,100.0,False
DERIVED-HIGH,src/renderer/pages/conversation/Preview/components/viewers/PptViewer.tsx,src/renderer/pages/conversation/Preview/components/viewers/PptViewer.tsx,5,100.0,100.0,False
DERIVED-HIGH,src/renderer/pages/conversation/Preview/components/viewers/URLViewer.tsx,src/renderer/pages/conversation/Preview/components/viewers/URLViewer.tsx,6,100.0,100.0,False
DERIVED-HIGH,src/renderer/pages/conversation/Preview/components/viewers/index.ts,src/renderer/pages/conversation/Preview/components/viewers/index.ts,9,100.0,100.0,False
DERIVED-HIGH,src/renderer/pages/conversation/Preview/components/viewers/ExcelViewer.tsx,src/renderer/pages/conversation/Preview/components/viewers/ExcelViewer.tsx,5,100.0,100.0,False
DERIVED-HIGH,src/renderer/pages/conversation/Preview/hooks/useThemeDetection.ts,src/renderer/pages/conversation/Preview/hooks/useThemeDetection.ts,10,100.0,100.0,False
DERIVED-HIGH,src/renderer/pages/conversation/Preview/hooks/index.ts,src/renderer/pages/conversation/Preview/hooks/index.ts,6,100.0,100.0,False
DERIVED-HIGH,src/renderer/services/registerPwa.ts,src/renderer/services/registerPwa.ts,14,100.0,100.0,False
DERIVED-HIGH,src/common/index.ts,src/common/index.ts,2,100.0,100.0,False
DERIVED-HIGH,src/common/electronSafe.ts,src/common/electronSafe.ts,28,100.0,100.0,False
DERIVED-HIGH,src/common/types/fileSnapshot.ts,src/common/types/fileSnapshot.ts,8,100.0,100.0,False
DERIVED-HIGH,src/common/types/turndown-plugin-gfm.d.ts,src/common/types/turndown-plugin-gfm.d.ts,6,100.0,100.0,False
DERIVED-HIGH,src/common/types/database.ts,src/common/types/database.ts,8,100.0,100.0,False
DERIVED-HIGH,src/common/types/codex/codexModes.ts,src/common/types/codex/codexModes.ts,7,100.0,100.0,False
DERIVED-HIGH,src/common/types/codex/types/index.ts,src/common/types/codex/types/index.ts,24,100.0,100.0,False
DERIVED-HIGH,src/common/types/codex/types/errorTypes.ts,src/common/types/codex/types/errorTypes.ts,15,100.0,100.0,False
DERIVED-HIGH,src/common/types/codex/types/permissionTypes.ts,src/common/types/codex/types/permissionTypes.ts,20,100.0,100.0,False
DERIVED-HIGH,src/common/types/codex/utils/index.ts,src/common/types/codex/utils/index.ts,2,100.0,100.0,False
DERIVED-HIGH,src/common/chat/sideQuestion.ts,src/common/chat/sideQuestion.ts,7,100.0,100.0,False
DERIVED-HIGH,src/common/chat/atCommandParser.ts,src/common/chat/atCommandParser.ts,37,100.0,100.0,False
DERIVED-HIGH,src/common/chat/navigation/index.ts,src/common/chat/navigation/index.ts,2,100.0,100.0,False
DERIVED-HIGH,src/common/chat/slash/availability.ts,src/common/chat/slash/availability.ts,6,100.0,100.0,False
DERIVED-HIGH,src/common/chat/approval/ApprovalStore.ts,src/common/chat/approval/ApprovalStore.ts,14,100.0,100.0,False
DERIVED-HIGH,src/common/chat/approval/index.ts,src/common/chat/approval/index.ts,1,100.0,100.0,False
DERIVED-HIGH,src/common/platform/register-electron.ts,src/common/platform/register-electron.ts,3,100.0,100.0,False
DERIVED-HIGH,src/common/platform/register-node.ts,src/common/platform/register-node.ts,3,100.0,100.0,False
DERIVED-HIGH,src/common/utils/utils.ts,src/common/utils/utils.ts,25,100.0,100.0,False
DERIVED-HIGH,src/common/utils/platformAuthType.ts,src/common/utils/platformAuthType.ts,22,100.0,100.0,False
DERIVED-HIGH,src/common/utils/platformConstants.ts,src/common/utils/platformConstants.ts,3,100.0,100.0,False
DERIVED-HIGH,src/common/utils/geminiModes.ts,src/common/utils/geminiModes.ts,32,100.0,100.0,False
DERIVED-HIGH,src/common/utils/index.ts,src/common/utils/index.ts,1,100.0,100.0,False
DERIVED-HIGH,src/common/utils/shims/xterm-headless.ts,src/common/utils/shims/xterm-headless.ts,3,100.0,100.0,False
DERIVED-HIGH,src/common/adapter/constant.ts,src/common/adapter/constant.ts,2,100.0,100.0,False
DERIVED-HIGH,src/common/adapter/registry.ts,src/common/adapter/registry.ts,12,100.0,100.0,False
DERIVED-HIGH,src/common/api/ProtocolConverter.ts,src/common/api/ProtocolConverter.ts,6,100.0,100.0,False
DERIVED-HIGH,src/common/api/index.ts,src/common/api/index.ts,5,100.0,100.0,False
DERIVED-HIGH,src/process/bridge/databaseBridge.ts,src/process/bridge/databaseBridge.ts,28,100.0,100.0,False
DERIVED-HIGH,src/process/bridge/workspaceSnapshotBridge.ts,src/process/bridge/workspaceSnapshotBridge.ts,31,100.0,100.0,False
DERIVED-HIGH,src/process/bridge/migrationUtils.ts,src/process/bridge/migrationUtils.ts,18,100.0,100.0,False
DERIVED-HIGH,src/process/bridge/speechToTextBridge.ts,src/process/bridge/speechToTextBridge.ts,5,100.0,100.0,False
DERIVED-HIGH,src/process/bridge/geminiBridge.ts,src/process/bridge/geminiBridge.ts,7,100.0,100.0,False
DERIVED-HIGH,src/process/bridge/starOfficeBridge.ts,src/process/bridge/starOfficeBridge.ts,75,100.0,100.0,False
DERIVED-HIGH,src/process/bridge/testCustomAgentConnection.ts,src/process/bridge/testCustomAgentConnection.ts,24,100.0,100.0,False
DERIVED-HIGH,src/process/bridge/previewHistoryBridge.ts,src/process/bridge/previewHistoryBridge.ts,10,100.0,100.0,False
DERIVED-HIGH,src/process/bridge/geminiConversationBridge.ts,src/process/bridge/geminiConversationBridge.ts,11,100.0,100.0,False
DERIVED-HIGH,src/process/resources/skills/mermaid/scripts/render.ts,src/process/resources/skills/mermaid/scripts/render.ts,59,100.0,100.0,False
DERIVED-HIGH,src/process/utils/configureConsole.ts,src/process/utils/configureConsole.ts,3,100.0,100.0,False
DERIVED-HIGH,src/process/utils/previewUtils.ts,src/process/utils/previewUtils.ts,16,100.0,100.0,False
DERIVED-HIGH,src/process/utils/openclawUtils.ts,src/process/utils/openclawUtils.ts,12,100.0,100.0,False
DERIVED-HIGH,src/process/utils/mainWindowLifecycle.ts,src/process/utils/mainWindowLifecycle.ts,15,100.0,100.0,False
DERIVED-HIGH,src/process/utils/mainLogger.ts,src/process/utils/mainLogger.ts,14,100.0,100.0,False
DERIVED-HIGH,src/process/utils/index.ts,src/process/utils/index.ts,2,100.0,100.0,False
DERIVED-HIGH,src/process/utils/configureConsoleLog.ts,src/process/utils/configureConsoleLog.ts,7,100.0,100.0,False
DERIVED-HIGH,src/process/agent/gemini/GeminiApprovalStore.ts,src/process/agent/gemini/GeminiApprovalStore.ts,17,100.0,100.0,False
DERIVED-HIGH,src/process/agent/gemini/cli/tools/tool-error.ts,src/process/agent/gemini/cli/tools/tool-error.ts,17,100.0,100.0,False
DERIVED-HIGH,src/process/agent/gemini/cli/tools/utils.ts,src/process/agent/gemini/cli/tools/utils.ts,9,100.0,100.0,False
DERIVED-HIGH,src/process/agent/gemini/cli/tools/index.ts,src/process/agent/gemini/cli/tools/index.ts,3,100.0,100.0,False
DERIVED-HIGH,src/process/agent/gemini/cli/utils/schemaValidator.ts,src/process/agent/gemini/cli/utils/schemaValidator.ts,10,100.0,100.0,False
DERIVED-HIGH,src/process/agent/acp/constants.ts,src/process/agent/acp/constants.ts,5,100.0,100.0,False
DERIVED-HIGH,src/process/agent/acp/modelInfo.ts,src/process/agent/acp/modelInfo.ts,38,100.0,100.0,False
DERIVED-HIGH,src/process/agent/remote/index.ts,src/process/agent/remote/index.ts,2,100.0,100.0,False
DERIVED-HIGH,src/process/extensions/lifecycle/lifecycleRunner.ts,src/process/extensions/lifecycle/lifecycleRunner.ts,29,100.0,100.0,False
DERIVED-HIGH,src/process/extensions/protocol/uiProtocol.ts,src/process/extensions/protocol/uiProtocol.ts,43,100.0,100.0,False
DERIVED-HIGH,src/process/extensions/resolvers/AcpAdapterResolver.ts,src/process/extensions/resolvers/AcpAdapterResolver.ts,29,100.0,100.0,False
DERIVED-HIGH,src/process/extensions/resolvers/ModelProviderResolver.ts,src/process/extensions/resolvers/ModelProviderResolver.ts,29,100.0,100.0,False
DERIVED-HIGH,src/process/extensions/resolvers/SkillResolver.ts,src/process/extensions/resolvers/SkillResolver.ts,18,100.0,100.0,False
DERIVED-HIGH,src/process/extensions/resolvers/ThemeResolver.ts,src/process/extensions/resolvers/ThemeResolver.ts,32,100.0,100.0,False
DERIVED-HIGH,src/process/extensions/resolvers/McpServerResolver.ts,src/process/extensions/resolvers/McpServerResolver.ts,14,100.0,100.0,False
DERIVED-HIGH,src/process/extensions/resolvers/utils/fileResolver.ts,src/process/extensions/resolvers/utils/fileResolver.ts,41,100.0,100.0,False
DERIVED-HIGH,src/process/extensions/resolvers/utils/entryPointResolver.ts,src/process/extensions/resolvers/utils/entryPointResolver.ts,25,100.0,100.0,False
DERIVED-HIGH,src/process/extensions/sandbox/pathSafety.ts,src/process/extensions/sandbox/pathSafety.ts,25,100.0,100.0,False
DERIVED-HIGH,src/process/webserver/middleware/security.ts,src/process/webserver/middleware/security.ts,22,100.0,100.0,False
DERIVED-HIGH,src/process/webserver/types/express.d.ts,src/process/webserver/types/express.d.ts,4,100.0,100.0,False
DERIVED-HIGH,src/process/webserver/auth/index.ts,src/process/webserver/auth/index.ts,7,100.0,100.0,False
DERIVED-HIGH,src/process/webserver/routes/weixinLoginRoutes.ts,src/process/webserver/routes/weixinLoginRoutes.ts,14,100.0,100.0,False
DERIVED-HIGH,src/process/team/googleAuthCheck.ts,src/process/team/googleAuthCheck.ts,8,100.0,100.0,False
DERIVED-HIGH,src/process/team/index.ts,src/process/team/index.ts,3,100.0,100.0,False
DERIVED-HIGH,src/process/team/teamEventBus.ts,src/process/team/teamEventBus.ts,5,100.0,100.0,False
DERIVED-HIGH,src/process/team/mcp/modelListHandler.ts,src/process/team/mcp/modelListHandler.ts,25,100.0,100.0,False
DERIVED-HIGH,src/process/team/mcp/guide/teamGuideSingleton.ts,src/process/team/mcp/guide/teamGuideSingleton.ts,11,100.0,100.0,False
DERIVED-HIGH,src/process/team/prompts/teamGuideCapability.ts,src/process/team/prompts/teamGuideCapability.ts,5,100.0,100.0,False
DERIVED-HIGH,src/process/team/prompts/teamGuideAssistant.ts,src/process/team/prompts/teamGuideAssistant.ts,18,100.0,100.0,False
DERIVED-HIGH,src/process/team/prompts/toolDescriptions.ts,src/process/team/prompts/toolDescriptions.ts,14,100.0,100.0,False
DERIVED-HIGH,src/process/task/AgentFactory.ts,src/process/task/AgentFactory.ts,13,100.0,100.0,False
DERIVED-HIGH,src/process/task/IAgentEventEmitter.ts,src/process/task/IAgentEventEmitter.ts,11,100.0,100.0,False
DERIVED-HIGH,src/process/task/IAgentFactory.ts,src/process/task/IAgentFactory.ts,11,100.0,100.0,False
DERIVED-HIGH,src/process/worker/utils.ts,src/process/worker/utils.ts,10,100.0,100.0,False
DERIVED-HIGH,src/process/worker/WorkerProtocol.ts,src/process/worker/WorkerProtocol.ts,8,100.0,100.0,False
DERIVED-HIGH,src/process/acp/index.ts,src/process/acp/index.ts,9,100.0,100.0,False
DERIVED-HIGH,src/process/acp/metrics/AcpMetrics.ts,src/process/acp/metrics/AcpMetrics.ts,11,100.0,100.0,False
DERIVED-HIGH,src/process/acp/infra/processUtils.ts,src/process/acp/infra/processUtils.ts,45,100.0,100.0,False
DERIVED-HIGH,src/process/acp/compat/index.ts,src/process/acp/compat/index.ts,2,100.0,100.0,False
DERIVED-HIGH,src/process/acp/runtime/IdleReclaimer.ts,src/process/acp/runtime/IdleReclaimer.ts,15,100.0,100.0,False
DERIVED-HIGH,src/process/acp/errors/errorExtract.ts,src/process/acp/errors/errorExtract.ts,16,100.0,100.0,False
DERIVED-HIGH,src/process/services/geminiSubscription.ts,src/process/services/geminiSubscription.ts,27,100.0,100.0,False
DERIVED-HIGH,src/process/services/conversationServiceSingleton.ts,src/process/services/conversationServiceSingleton.ts,5,100.0,100.0,False
DERIVED-HIGH,src/process/services/database/IChannelRepository.ts,src/process/services/database/IChannelRepository.ts,7,100.0,100.0,False
DERIVED-HIGH,src/process/services/database/SqliteAcpSessionRepository.ts,src/process/services/database/SqliteAcpSessionRepository.ts,51,100.0,100.0,False
DERIVED-HIGH,src/process/services/database/IAcpSessionRepository.ts,src/process/services/database/IAcpSessionRepository.ts,15,100.0,100.0,False
DERIVED-HIGH,src/process/services/cron/IpcCronEventEmitter.ts,src/process/services/cron/IpcCronEventEmitter.ts,15,100.0,100.0,False
DERIVED-HIGH,src/process/services/cron/cronServiceSingleton.ts,src/process/services/cron/cronServiceSingleton.ts,12,100.0,100.0,False
DERIVED-HIGH,src/process/services/cron/SqliteCronRepository.ts,src/process/services/cron/SqliteCronRepository.ts,19,100.0,100.0,False
DERIVED-HIGH,src/process/services/cron/ICronRepository.ts,src/process/services/cron/ICronRepository.ts,10,100.0,100.0,False
DERIVED-HIGH,src/process/services/cron/ICronEventEmitter.ts,src/process/services/cron/ICronEventEmitter.ts,7,100.0,100.0,False
DERIVED-HIGH,src/process/channels/index.ts,src/process/channels/index.ts,13,100.0,100.0,False
DERIVED-HIGH,src/process/channels/pairing/index.ts,src/process/channels/pairing/index.ts,1,100.0,100.0,False
DERIVED-HIGH,src/process/channels/plugins/dingtalk/index.ts,src/process/channels/plugins/dingtalk/index.ts,3,100.0,100.0,False
DERIVED-HIGH,src/process/channels/plugins/lark/index.ts,src/process/channels/plugins/lark/index.ts,3,100.0,100.0,False
DERIVED-HIGH,src/process/channels/plugins/weixin/index.ts,src/process/channels/plugins/weixin/index.ts,1,100.0,100.0,False
DERIVED-HIGH,src/process/channels/plugins/telegram/index.ts,src/process/channels/plugins/telegram/index.ts,3,100.0,100.0,False
DERIVED-HIGH,src/process/channels/utils/channelConversation.ts,src/process/channels/utils/channelConversation.ts,16,100.0,100.0,False
DERIVED-HIGH,src/process/channels/utils/index.ts,src/process/channels/utils/index.ts,3,100.0,100.0,False
DERIVED-HIGH,src/process/channels/agent/index.ts,src/process/channels/agent/index.ts,1,100.0,100.0,False
DERIVED-HIGH,src/process/channels/actions/types.ts,src/process/channels/actions/types.ts,36,100.0,100.0,False
DERIVED-HIGH,src/process/channels/actions/index.ts,src/process/channels/actions/index.ts,3,100.0,100.0,False
DERIVED-HIGH,src/process/channels/gateway/index.ts,src/process/channels/gateway/index.ts,2,100.0,100.0,False
DERIVED-HIGH,src/process/agent/types.ts,src/process/agent/types.ts,2,100.0,92.3,False
DERIVED-HIGH,src/renderer/pages/conversation/components/ConversationTitleMinimap/minimapUtils.ts,src/renderer/pages/conversation/components/ConversationTitleMinimap/minimapUtils.ts,113,99.1,100.0,False
DERIVED-HIGH,tests/unit/renderer/team/TeamEmptyState.dom.test.tsx,tests/unit/renderer/team/TeamEmptyState.dom.test.tsx,95,98.9,100.0,False
DERIVED-HIGH,tests/integration/webui-pwa-build.test.ts,tests/integration/webui-pwa-build.test.ts,86,98.8,100.0,False
DERIVED-HIGH,src/renderer/hooks/assistant/useAssistantSkills.ts,src/renderer/hooks/assistant/useAssistantSkills.ts,81,98.8,100.0,False
DERIVED-HIGH,src/process/extensions/sandbox/sandboxWorker.ts,src/process/extensions/sandbox/sandboxWorker.ts,82,98.8,100.0,False
DERIVED-HIGH,src/process/acp/session/ConfigTracker.ts,src/process/acp/session/ConfigTracker.ts,76,98.7,100.0,False
DERIVED-HIGH,tests/e2e/specs/team-create-preset-leader.e2e.ts,tests/e2e/specs/team-create-preset-leader.e2e.ts,69,98.6,100.0,False
DERIVED-HIGH,src/renderer/utils/chat/conversationExport.ts,src/renderer/utils/chat/conversationExport.ts,68,98.5,100.0,False
DERIVED-HIGH,src/renderer/pages/conversation/Preview/components/renderers/htmlInspectScript.ts,src/renderer/pages/conversation/Preview/components/renderers/htmlInspectScript.ts,65,98.5,100.0,False
DERIVED-HIGH,src/renderer/pages/conversation/Preview/components/viewers/OfficeWatchViewer.tsx,src/renderer/pages/conversation/Preview/components/viewers/OfficeWatchViewer.tsx,66,98.5,100.0,False
DERIVED-HIGH,src/process/utils/message.ts,src/process/utils/message.ts,65,98.5,100.0,False
DERIVED-HIGH,src/process/agent/gemini/cli/extension.ts,src/process/agent/gemini/cli/extension.ts,65,98.5,100.0,False
DERIVED-HIGH,src/common/api/ApiKeyManager.ts,src/common/api/ApiKeyManager.ts,63,98.4,100.0,False
DERIVED-HIGH,src/common/api/RotatingApiClient.ts,src/common/api/RotatingApiClient.ts,64,98.4,100.0,False
DERIVED-HIGH,src/process/agent/openclaw/types.ts,src/process/agent/openclaw/types.ts,62,98.4,100.0,False
DERIVED-HIGH,tests/unit/inlineAgentEditorUtils.test.ts,tests/unit/inlineAgentEditorUtils.test.ts,60,98.3,100.0,False
DERIVED-HIGH,src/process/services/cron/SkillSuggestWatcher.ts,src/process/services/cron/SkillSuggestWatcher.ts,59,98.3,100.0,False
DERIVED-HIGH,tests/unit/process/bridge/fsBridge.standalone.test.ts,tests/unit/process/bridge/fsBridge.standalone.test.ts,57,98.2,98.8,False
DERIVED-HIGH,tests/unit/test_acp_connection_disconnect.ts,tests/unit/test_acp_connection_disconnect.ts,53,98.1,100.0,False
DERIVED-HIGH,src/process/extensions/sandbox/permissions.ts,src/process/extensions/sandbox/permissions.ts,49,98.0,100.0,False
DERIVED-HIGH,src/process/utils/zoom.ts,src/process/utils/zoom.ts,47,97.9,98.1,False
DERIVED-HIGH,tests/unit/chat/conversationIndex.dom.test.tsx,tests/unit/chat/conversationIndex.dom.test.tsx,46,97.8,100.0,False
DERIVED-HIGH,src/renderer/pages/team/hooks/useSiderTeamBadges.ts,src/renderer/pages/team/hooks/useSiderTeamBadges.ts,44,97.7,100.0,False
DERIVED-HIGH,src/renderer/pages/conversation/platforms/gemini/useGeminiInitialMessage.ts,src/renderer/pages/conversation/platforms/gemini/useGeminiInitialMessage.ts,44,97.7,100.0,False
DERIVED-HIGH,src/renderer/pages/conversation/Messages/codex/ToolCallComponent/GenericDisplay.tsx,src/renderer/pages/conversation/Messages/codex/ToolCallComponent/GenericDisplay.tsx,41,97.6,100.0,False
DERIVED-HIGH,src/renderer/pages/conversation/components/ChatLayout/MobileWorkspaceOverlay.tsx,src/renderer/pages/conversation/components/ChatLayout/MobileWorkspaceOverlay.tsx,42,97.6,100.0,False
DERIVED-HIGH,tests/unit/renderer/useAcpInitialMessage.dom.test.tsx,tests/unit/renderer/useAcpInitialMessage.dom.test.tsx,40,97.5,100.0,False
DERIVED-HIGH,src/renderer/utils/ui/runtimePatches.ts,src/renderer/utils/ui/runtimePatches.ts,80,97.5,100.0,False
DERIVED-HIGH,src/renderer/pages/conversation/platforms/acp/useAcpInitialMessage.ts,src/renderer/pages/conversation/platforms/acp/useAcpInitialMessage.ts,38,97.4,100.0,False
DERIVED-HIGH,src/renderer/pages/conversation/hooks/useTitleRename.ts,src/renderer/pages/conversation/hooks/useTitleRename.ts,39,97.4,100.0,False
DERIVED-HIGH,tests/unit/geminiToolNameCompat.test.ts,tests/unit/geminiToolNameCompat.test.ts,37,97.3,100.0,False
DERIVED-HIGH,tests/unit/sendboxUploadGuard.dom.test.tsx,tests/unit/sendboxUploadGuard.dom.test.tsx,74,97.3,100.0,False
DERIVED-HIGH,tests/unit/process/team/modelListHandler.test.ts,tests/unit/process/team/modelListHandler.test.ts,37,97.3,100.0,False
DERIVED-HIGH,src/renderer/hooks/ui/useColorScheme.ts,src/renderer/hooks/ui/useColorScheme.ts,37,97.3,96.2,False
DERIVED-HIGH,src/renderer/pages/conversation/Workspace/hooks/useWorkspaceEvents.ts,src/renderer/pages/conversation/Workspace/hooks/useWorkspaceEvents.ts,71,97.2,100.0,False
DERIVED-HIGH,src/renderer/utils/model/modelCapabilities.ts,src/renderer/utils/model/modelCapabilities.ts,35,97.1,100.0,False
DERIVED-HIGH,src/renderer/hooks/agent/useAgentReadinessCheck.ts,src/renderer/hooks/agent/useAgentReadinessCheck.ts,69,97.1,100.0,False
DERIVED-HIGH,src/process/team/mcp/guide/teamGuideMcpStdio.ts,src/process/team/mcp/guide/teamGuideMcpStdio.ts,34,97.1,98.6,False
DERIVED-HIGH,tests/unit/bridge/fileWatchBridge.test.ts,tests/unit/bridge/fileWatchBridge.test.ts,34,97.1,97.3,False
DERIVED-HIGH,tests/unit/renderer/components/chat/ThoughtDisplay.dom.test.tsx,tests/unit/renderer/components/chat/ThoughtDisplay.dom.test.tsx,32,96.9,100.0,False
DERIVED-HIGH,tests/e2e/specs/team-describe-assistant.e2e.ts,tests/e2e/specs/team-describe-assistant.e2e.ts,97,96.9,100.0,False
DERIVED-HIGH,tests/e2e/specs/team-whitelist.e2e.ts,tests/e2e/specs/team-whitelist.e2e.ts,32,96.9,100.0,False
DERIVED-HIGH,src/process/acp/infra/NdjsonTransport.ts,src/process/acp/infra/NdjsonTransport.ts,32,96.9,100.0,False
DERIVED-HIGH,scripts/run-benchmarks.ts,scripts/run-benchmarks.ts,295,96.9,99.6,False
DERIVED-HIGH,src/renderer/pages/conversation/Preview/components/viewers/DiffViewer.tsx,src/renderer/pages/conversation/Preview/components/viewers/DiffViewer.tsx,98,96.9,97.4,False
DERIVED-HIGH,tests/e2e/helpers/selectors.ts,tests/e2e/helpers/selectors.ts,65,96.9,96.6,False
DERIVED-HIGH,src/process/worker/fork/pipe.ts,src/process/worker/fork/pipe.ts,64,96.9,83.3,False
DERIVED-HIGH,src/renderer/hooks/chat/useInitialMessage.ts,src/renderer/hooks/chat/useInitialMessage.ts,31,96.8,100.0,False
DERIVED-HIGH,src/process/agent/gemini/cli/tools/tools.ts,src/process/agent/gemini/cli/tools/tools.ts,124,96.8,100.0,False
DERIVED-HIGH,src/process/extensions/resolvers/I18nResolver.ts,src/process/extensions/resolvers/I18nResolver.ts,63,96.8,100.0,False
DERIVED-HIGH,src/process/acp/session/InputPreprocessor.ts,src/process/acp/session/InputPreprocessor.ts,62,96.8,100.0,False
DERIVED-HIGH,src/renderer/pages/conversation/components/ChatLayout/WorkspaceOpenButton.tsx,src/renderer/pages/conversation/components/ChatLayout/WorkspaceOpenButton.tsx,62,96.8,97.6,False
DERIVED-HIGH,src/process/acp/session/AuthNegotiator.ts,src/process/acp/session/AuthNegotiator.ts,30,96.7,100.0,False
DERIVED-HIGH,tests/unit/OpenClawAgentManagerBootstrap.test.ts,tests/unit/OpenClawAgentManagerBootstrap.test.ts,58,96.6,100.0,False
DERIVED-HIGH,src/renderer/pages/settings/CapabilitiesSettings.tsx,src/renderer/pages/settings/CapabilitiesSettings.tsx,29,96.6,100.0,False
DERIVED-HIGH,src/renderer/pages/guid/hooks/useGuidMention.ts,src/renderer/pages/guid/hooks/useGuidMention.ts,89,96.6,98.6,False
DERIVED-HIGH,src/renderer/components/chat/EmojiPicker.tsx,src/renderer/components/chat/EmojiPicker.tsx,57,96.5,98.5,False
DERIVED-HIGH,tests/unit/geminiAgentManagerCrash.test.ts,tests/unit/geminiAgentManagerCrash.test.ts,84,96.4,100.0,False
DERIVED-HIGH,src/renderer/utils/file/workspaceMentions.ts,src/renderer/utils/file/workspaceMentions.ts,28,96.4,100.0,False
DERIVED-HIGH,src/process/agent/acp/ApprovalStore.ts,src/process/agent/acp/ApprovalStore.ts,28,96.4,100.0,False
DERIVED-HIGH,src/process/acp/infra/IAcpClient.ts,src/process/acp/infra/IAcpClient.ts,28,96.4,100.0,False
DERIVED-HIGH,scripts/debug-wecom-verify-url.ts,scripts/debug-wecom-verify-url.ts,28,96.4,95.8,False
DERIVED-HIGH,src/renderer/utils/ui/ModalHOC.tsx,src/renderer/utils/ui/ModalHOC.tsx,27,96.3,100.0,False
DERIVED-HIGH,src/renderer/pages/conversation/Preview/hooks/useTabOverflow.ts,src/renderer/pages/conversation/Preview/hooks/useTabOverflow.ts,27,96.3,100.0,False
DERIVED-HIGH,tests/unit/LocalAgents.dom.test.tsx,tests/unit/LocalAgents.dom.test.tsx,81,96.3,99.2,False
DERIVED-HIGH,tests/bench/serialization.bench.ts,tests/bench/serialization.bench.ts,80,96.2,100.0,False
DERIVED-HIGH,src/process/services/conversionService.ts,src/process/services/conversionService.ts,206,96.1,99.3,False
DERIVED-HIGH,tests/unit/forkTaskExit.test.ts,tests/unit/forkTaskExit.test.ts,25,96.0,100.0,False
DERIVED-HIGH,tests/e2e/specs/team-communication.e2e.ts,tests/e2e/specs/team-communication.e2e.ts,25,96.0,100.0,False
DERIVED-HIGH,src/common/api/OpenAI2GeminiConverter.ts,src/common/api/OpenAI2GeminiConverter.ts,75,96.0,100.0,False
DERIVED-HIGH,tests/unit/schema.test.ts,tests/unit/schema.test.ts,25,96.0,97.5,False
DERIVED-HIGH,src/process/services/IConversationService.ts,src/process/services/IConversationService.ts,25,96.0,95.6,False
DERIVED-HIGH,src/process/task/ConversationTurnCompletionService.ts,src/process/task/ConversationTurnCompletionService.ts,49,95.9,94.9,False
DERIVED-HIGH,src/process/extensions/lifecycle/ExtensionEventBus.ts,src/process/extensions/lifecycle/ExtensionEventBus.ts,24,95.8,100.0,False
DERIVED-HIGH,src/renderer/pages/team/hooks/TeamTabsContext.tsx,src/renderer/pages/team/hooks/TeamTabsContext.tsx,69,95.7,100.0,False
DERIVED-HIGH,src/common/chat/navigation/NavigationInterceptor.ts,src/common/chat/navigation/NavigationInterceptor.ts,69,95.7,100.0,False
DERIVED-HIGH,src/process/team/mcp/guide/TeamGuideMcpServer.ts,src/process/team/mcp/guide/TeamGuideMcpServer.ts,94,95.7,99.1,False
DERIVED-HIGH,src/process/agent/gemini/cli/ide/ideContext.ts,src/process/agent/gemini/cli/ide/ideContext.ts,45,95.6,100.0,False
DERIVED-HIGH,tests/unit/mcpAsarUnpack.test.ts,tests/unit/mcpAsarUnpack.test.ts,22,95.5,100.0,False
DERIVED-HIGH,tests/e2e/specs/team-empty-state.e2e.ts,tests/e2e/specs/team-empty-state.e2e.ts,44,95.5,100.0,False
DERIVED-HIGH,src/renderer/hooks/file/useDragUpload.ts,src/renderer/hooks/file/useDragUpload.ts,44,95.5,100.0,False
DERIVED-HIGH,tests/integration/i18n-packaged.test.ts,tests/integration/i18n-packaged.test.ts,65,95.4,100.0,False
DERIVED-HIGH,src/process/agent/openclaw/deviceIdentity.ts,src/process/agent/openclaw/deviceIdentity.ts,65,95.4,100.0,False
DERIVED-HIGH,src/renderer/components/settings/FontSizeControl.tsx,src/renderer/components/settings/FontSizeControl.tsx,43,95.3,100.0,False
DERIVED-HIGH,src/renderer/pages/team/hooks/useTeamPendingPermissions.ts,src/renderer/pages/team/hooks/useTeamPendingPermissions.ts,43,95.3,100.0,False
DERIVED-HIGH,src/process/extensions/hub/HubStateManager.ts,src/process/extensions/hub/HubStateManager.ts,64,95.3,100.0,False
DERIVED-HIGH,tests/unit/renderer/components/layout/Router.team-route.dom.test.tsx,tests/unit/renderer/components/layout/Router.team-route.dom.test.tsx,21,95.2,100.0,False
DERIVED-HIGH,src/renderer/hooks/mcp/useMcpModal.ts,src/renderer/hooks/mcp/useMcpModal.ts,21,95.2,100.0,False
DERIVED-HIGH,src/renderer/pages/conversation/GroupedHistory/hooks/useDragAndDrop.ts,src/renderer/pages/conversation/GroupedHistory/hooks/useDragAndDrop.ts,62,95.2,100.0,False
DERIVED-HIGH,src/renderer/pages/conversation/Preview/components/PreviewPanel/PreviewContextMenu.tsx,src/renderer/pages/conversation/Preview/components/PreviewPanel/PreviewContextMenu.tsx,42,95.2,100.0,False
DERIVED-HIGH,tests/e2e/specs/team-workspace-migration.e2e.ts,tests/e2e/specs/team-workspace-migration.e2e.ts,126,95.2,99.2,False
DERIVED-HIGH,scripts/benchmark-acp-startup.ts,scripts/benchmark-acp-startup.ts,397,95.2,98.5,False
DERIVED-HIGH,src/common/platform/IPlatformServices.ts,src/common/platform/IPlatformServices.ts,21,95.2,96.8,False
DERIVED-HIGH,src/renderer/hooks/chat/useSlashCommands.ts,src/renderer/hooks/chat/useSlashCommands.ts,41,95.1,100.0,False
DERIVED-HIGH,src/process/services/mcpServices/agents/OpencodeMcpAgent.ts,src/process/services/mcpServices/agents/OpencodeMcpAgent.ts,122,95.1,100.0,False
DERIVED-HIGH,src/process/agent/gemini/utils.ts,src/process/agent/gemini/utils.ts,247,95.1,98.0,False
DERIVED-HIGH,src/process/bridge/services/ActivitySnapshotBuilder.ts,src/process/bridge/services/ActivitySnapshotBuilder.ts,101,95.0,97.8,False
DERIVED-HIGH,src/renderer/components/settings/SettingsModal/contents/FeedbackReportModal.tsx,src/renderer/components/settings/SettingsModal/contents/FeedbackReportModal.tsx,134,94.8,97.9,False
DERIVED-HIGH,src/process/team/mcp/tcpHelpers.ts,src/process/team/mcp/tcpHelpers.ts,58,94.8,94.7,False
DERIVED-HIGH,tests/unit/btwOverlay.dom.test.tsx,tests/unit/btwOverlay.dom.test.tsx,19,94.7,100.0,False
DERIVED-HIGH,tests/unit/chat/messageHistory.test.ts,tests/unit/chat/messageHistory.test.ts,38,94.7,100.0,False
DERIVED-HIGH,src/renderer/utils/chat/thinkTagFilter.ts,src/renderer/utils/chat/thinkTagFilter.ts,19,94.7,100.0,False
DERIVED-HIGH,src/renderer/hooks/agent/useMultiAgentDetection.tsx,src/renderer/hooks/agent/useMultiAgentDetection.tsx,19,94.7,100.0,False
DERIVED-HIGH,src/common/types/hub.ts,src/common/types/hub.ts,19,94.7,97.2,False
DERIVED-HIGH,tests/unit/chat/sendboxHistory.dom.test.tsx,tests/unit/chat/sendboxHistory.dom.test.tsx,111,94.6,100.0,False
DERIVED-HIGH,src/process/agent/openclaw/openclawConfig.ts,src/process/agent/openclaw/openclawConfig.ts,55,94.5,100.0,False
DERIVED-HIGH,src/renderer/components/agent/AgentModeSelector.tsx,src/renderer/components/agent/AgentModeSelector.tsx,128,94.5,98.3,False
DERIVED-HIGH,tests/unit/acpStartupError.test.ts,tests/unit/acpStartupError.test.ts,36,94.4,100.0,False
DERIVED-HIGH,tests/unit/renderer/conversation/MobileWorkspaceOverlay.dom.test.tsx,tests/unit/renderer/conversation/MobileWorkspaceOverlay.dom.test.tsx,36,94.4,100.0,False
DERIVED-HIGH,tests/e2e/specs/acp-conversation.e2e.ts,tests/e2e/specs/acp-conversation.e2e.ts,18,94.4,100.0,False
DERIVED-HIGH,src/renderer/hooks/file/useDiffPreviewHandlers.ts,src/renderer/hooks/file/useDiffPreviewHandlers.ts,18,94.4,100.0,False
DERIVED-HIGH,src/renderer/pages/conversation/GroupedHistory/utils/visibleConversationOrder.ts,src/renderer/pages/conversation/GroupedHistory/utils/visibleConversationOrder.ts,18,94.4,100.0,False
DERIVED-HIGH,src/renderer/pages/conversation/components/ChatTitleEditor.tsx,src/renderer/pages/conversation/components/ChatTitleEditor.tsx,36,94.4,100.0,False
DERIVED-HIGH,tests/unit/platform/inlinePlatformServices.test.ts,tests/unit/platform/inlinePlatformServices.test.ts,18,94.4,96.2,False
DERIVED-HIGH,tests/unit/deviceAuthStore.test.ts,tests/unit/deviceAuthStore.test.ts,35,94.3,100.0,False
DERIVED-HIGH,src/process/agent/gemini/cli/settings.ts,src/process/agent/gemini/cli/settings.ts,193,94.3,100.0,False
DERIVED-HIGH,tests/e2e/specs/ext-capabilities.e2e.ts,tests/e2e/specs/ext-capabilities.e2e.ts,70,94.3,99.0,False
DERIVED-HIGH,src/process/channels/plugins/telegram/TelegramKeyboards.ts,src/process/channels/plugins/telegram/TelegramKeyboards.ts,52,94.2,100.0,False
DERIVED-HIGH,tests/unit/renderer/team/TeamCreateModal.dom.test.tsx,tests/unit/renderer/team/TeamCreateModal.dom.test.tsx,104,94.2,98.8,False
DERIVED-HIGH,src/process/extensions/resolvers/ChannelPluginResolver.ts,src/process/extensions/resolvers/ChannelPluginResolver.ts,103,94.2,92.8,False
DERIVED-HIGH,tests/unit/base64.test.ts,tests/unit/base64.test.ts,34,94.1,100.0,False
DERIVED-HIGH,tests/unit/fileChanges.test.ts,tests/unit/fileChanges.test.ts,34,94.1,100.0,False
DERIVED-HIGH,src/renderer/pages/guid/utils/caretUtils.ts,src/renderer/pages/guid/utils/caretUtils.ts,17,94.1,100.0,False
DERIVED-HIGH,src/renderer/pages/conversation/utils/detectPlatform.ts,src/renderer/pages/conversation/utils/detectPlatform.ts,17,94.1,100.0,False
DERIVED-HIGH,src/process/channels/agent/ChannelEventBus.ts,src/process/channels/agent/ChannelEventBus.ts,17,94.1,100.0,False
DERIVED-HIGH,tests/unit/renderer/i18n.index.dom.test.ts,tests/unit/renderer/i18n.index.dom.test.ts,51,94.1,96.2,False
DERIVED-HIGH,src/process/bridge/notificationBridge.ts,src/process/bridge/notificationBridge.ts,17,94.1,95.5,False
DERIVED-HIGH,src/process/index.ts,src/process/index.ts,17,94.1,95.2,False
DERIVED-HIGH,src/renderer/pages/conversation/platforms/gemini/GeminiSendBox.tsx,src/renderer/pages/conversation/platforms/gemini/GeminiSendBox.tsx,200,94.0,97.9,False
DERIVED-HIGH,tests/unit/apiRoutes-helpers.test.ts,tests/unit/apiRoutes-helpers.test.ts,67,94.0,94.7,False
DERIVED-HIGH,src/renderer/components/layout/Sider/CronJobSiderSection/CronJobSiderSection.tsx,src/renderer/components/layout/Sider/CronJobSiderSection/CronJobSiderSection.tsx,50,94.0,94.3,False
DERIVED-HIGH,tests/unit/feedbackBridge.test.ts,tests/unit/feedbackBridge.test.ts,33,93.9,100.0,False
DERIVED-HIGH,src/common/update/models/VersionInfo.ts,src/common/update/models/VersionInfo.ts,66,93.9,100.0,False
DERIVED-HIGH,src/process/worker/gemini.ts,src/process/worker/gemini.ts,33,93.9,96.0,False
DERIVED-HIGH,tests/unit/EditModeModal.dom.test.tsx,tests/unit/EditModeModal.dom.test.tsx,97,93.8,99.2,False
DERIVED-HIGH,src/renderer/pages/conversation/platforms/nanobot/NanobotSendBox.tsx,src/renderer/pages/conversation/platforms/nanobot/NanobotSendBox.tsx,192,93.8,98.9,False
DERIVED-HIGH,tests/unit/test_version_info.ts,tests/unit/test_version_info.ts,79,93.7,100.0,False
DERIVED-HIGH,src/process/agent/gemini/cli/types.ts,src/process/agent/gemini/cli/types.ts,63,93.7,100.0,False
DERIVED-HIGH,src/process/agent/openclaw/OpenClawGatewayConnection.ts,src/process/agent/openclaw/OpenClawGatewayConnection.ts,207,93.7,99.4,False
DERIVED-HIGH,src/process/bridge/remoteAgentBridge.ts,src/process/bridge/remoteAgentBridge.ts,110,93.6,100.0,False
DERIVED-HIGH,src/renderer/pages/conversation/Preview/components/PreviewPanel/PreviewHistoryDropdown.tsx,src/renderer/pages/conversation/Preview/components/PreviewPanel/PreviewHistoryDropdown.tsx,31,93.5,100.0,False
DERIVED-HIGH,src/renderer/pages/conversation/Preview/hooks/usePreviewHistory.ts,src/renderer/pages/conversation/Preview/hooks/usePreviewHistory.ts,62,93.5,100.0,False
DERIVED-HIGH,src/renderer/pages/conversation/Messages/components/SelectionReplyButton.tsx,src/renderer/pages/conversation/Messages/components/SelectionReplyButton.tsx,62,93.5,97.5,False
DERIVED-HIGH,src/process/team/mcp/team/teamMcpStdio.ts,src/process/team/mcp/team/teamMcpStdio.ts,93,93.5,95.7,False
DERIVED-HIGH,src/server.ts,src/server.ts,46,93.5,94.1,False
DERIVED-HIGH,src/renderer/components/Markdown/ShadowView.tsx,src/renderer/components/Markdown/ShadowView.tsx,91,93.4,100.0,False
DERIVED-HIGH,tests/unit/WorkspaceOpenButton.dom.test.tsx,tests/unit/WorkspaceOpenButton.dom.test.tsx,45,93.3,100.0,False
DERIVED-HIGH,tests/unit/process/team/teamMcpToolDescriptions.test.ts,tests/unit/process/team/teamMcpToolDescriptions.test.ts,15,93.3,100.0,False
DERIVED-HIGH,src/renderer/pages/conversation/Workspace/hooks/useWorkspaceSearch.ts,src/renderer/pages/conversation/Workspace/hooks/useWorkspaceSearch.ts,30,93.3,100.0,False
DERIVED-HIGH,src/process/team/mcpReadiness.ts,src/process/team/mcpReadiness.ts,15,93.3,100.0,False
DERIVED-HIGH,src/process/task/IpcAgentEventEmitter.ts,src/process/task/IpcAgentEventEmitter.ts,15,93.3,100.0,False
DERIVED-HIGH,src/renderer/hooks/ui/useResizableSplit.tsx,src/renderer/hooks/ui/useResizableSplit.tsx,103,93.2,100.0,False
DERIVED-HIGH,src/common/utils/presetAssistantResources.ts,src/common/utils/presetAssistantResources.ts,59,93.2,100.0,False
DERIVED-HIGH,tests/unit/acpTypesSkillsDirs.test.ts,tests/unit/acpTypesSkillsDirs.test.ts,59,93.2,97.7,False
DERIVED-HIGH,src/renderer/pages/conversation/GroupedHistory/hooks/useBatchSelection.ts,src/renderer/pages/conversation/GroupedHistory/hooks/useBatchSelection.ts,29,93.1,100.0,False
DERIVED-HIGH,src/renderer/pages/conversation/components/ConversationSkillsIndicator.tsx,src/renderer/pages/conversation/components/ConversationSkillsIndicator.tsx,29,93.1,97.6,False
DERIVED-HIGH,src/process/extensions/resolvers/SettingsTabResolver.ts,src/process/extensions/resolvers/SettingsTabResolver.ts,72,93.1,95.6,False
DERIVED-HIGH,src/process/bridge/feedbackBridge.ts,src/process/bridge/feedbackBridge.ts,29,93.1,92.6,False
DERIVED-HIGH,src/renderer/pages/conversation/Messages/codex/ToolCallComponent/McpToolDisplay.tsx,src/renderer/pages/conversation/Messages/codex/ToolCallComponent/McpToolDisplay.tsx,43,93.0,100.0,False
DERIVED-HIGH,src/process/agent/gemini/cli/config.ts,src/process/agent/gemini/cli/config.ts,171,93.0,98.3,False
DERIVED-HIGH,src/process/utils/webuiConfig.ts,src/process/utils/webuiConfig.ts,57,93.0,93.5,False
DERIVED-HIGH,tests/unit/process/conversationToolConfig.test.ts,tests/unit/process/conversationToolConfig.test.ts,28,92.9,97.4,False
DERIVED-HIGH,src/renderer/components/media/LocalImageView.tsx,src/renderer/components/media/LocalImageView.tsx,28,92.9,93.1,False
DERIVED-HIGH,src/renderer/pages/settings/AssistantSettings/AddSkillsModal.tsx,src/renderer/pages/settings/AssistantSettings/AddSkillsModal.tsx,69,92.8,97.6,False
DERIVED-HIGH,src/common/api/OpenAI2AnthropicConverter.ts,src/common/api/OpenAI2AnthropicConverter.ts,96,92.7,96.4,False
DERIVED-HIGH,src/renderer/hooks/file/useWorkspaceSelector.ts,src/renderer/hooks/file/useWorkspaceSelector.ts,27,92.6,100.0,False
DERIVED-HIGH,src/renderer/hooks/file/useDirectorySelection.tsx,src/renderer/hooks/file/useDirectorySelection.tsx,27,92.6,100.0,False
DERIVED-HIGH,src/common/types/codex/utils/permissionUtils.ts,src/common/types/codex/utils/permissionUtils.ts,54,92.6,100.0,False
DERIVED-HIGH,tests/integration/bundled-bun-packaged.test.ts,tests/integration/bundled-bun-packaged.test.ts,81,92.6,98.6,False
DERIVED-HIGH,tests/unit/mainWindowLifecycle.test.ts,tests/unit/mainWindowLifecycle.test.ts,40,92.5,100.0,False
DERIVED-HIGH,tests/unit/teamGuideWhitelist.test.ts,tests/unit/teamGuideWhitelist.test.ts,53,92.5,100.0,False
DERIVED-HIGH,tests/unit/webuiServiceWorker.test.ts,tests/unit/webuiServiceWorker.test.ts,53,92.5,100.0,False
DERIVED-HIGH,src/renderer/pages/conversation/components/SkillRuleGenerator.tsx,src/renderer/pages/conversation/components/SkillRuleGenerator.tsx,134,92.5,99.4,False
DERIVED-HIGH,src/renderer/pages/conversation/components/ChatHistory.tsx,src/renderer/pages/conversation/components/ChatHistory.tsx,120,92.5,96.1,False
DERIVED-HIGH,src/renderer/hooks/file/useConversationExport.tsx,src/renderer/hooks/file/useConversationExport.tsx,132,92.4,100.0,False
DERIVED-HIGH,src/process/agent/gemini/cli/oauthTokenManager.ts,src/process/agent/gemini/cli/oauthTokenManager.ts,118,92.4,100.0,False
DERIVED-HIGH,tests/unit/tcpHelpers.test.ts,tests/unit/tcpHelpers.test.ts,52,92.3,100.0,False
DERIVED-HIGH,tests/unit/renderer/conversationCommandQueue.drag.dom.test.tsx,tests/unit/renderer/conversationCommandQueue.drag.dom.test.tsx,65,92.3,100.0,False
DERIVED-HIGH,tests/unit/renderer/hooks/useSendBoxDraft.dom.test.ts,tests/unit/renderer/hooks/useSendBoxDraft.dom.test.ts,13,92.3,100.0,False
DERIVED-HIGH,src/renderer/pages/guid/hooks/useTypewriterPlaceholder.ts,src/renderer/pages/guid/hooks/useTypewriterPlaceholder.ts,13,92.3,100.0,False
DERIVED-HIGH,src/process/bridge/__tests__/webuiQR.test.ts,src/process/bridge/__tests__/webuiQR.test.ts,26,92.3,100.0,False
DERIVED-HIGH,src/process/channels/actions/ChatActions.ts,src/process/channels/actions/ChatActions.ts,52,92.3,100.0,False
DERIVED-HIGH,src/renderer/pages/settings/ToolsSettings/McpAgentStatusDisplay.tsx,src/renderer/pages/settings/ToolsSettings/McpAgentStatusDisplay.tsx,39,92.3,95.0,False
DERIVED-HIGH,src/renderer/hooks/assistant/useAssistantList.ts,src/renderer/hooks/assistant/useAssistantList.ts,39,92.3,93.0,False
DERIVED-HIGH,src/process/worker/fork/ForkTask.ts,src/process/worker/fork/ForkTask.ts,51,92.2,100.0,False
DERIVED-HIGH,tests/unit/geminiConversationBridge.test.ts,tests/unit/geminiConversationBridge.test.ts,38,92.1,100.0,False
DERIVED-HIGH,src/renderer/components/workspace/WorkspaceFolderSelect.tsx,src/renderer/components/workspace/WorkspaceFolderSelect.tsx,101,92.1,97.6,False
DERIVED-HIGH,src/renderer/pages/guid/components/GuidInputCard.tsx,src/renderer/pages/guid/components/GuidInputCard.tsx,63,92.1,95.3,False
DERIVED-HIGH,src/common/utils/buildAgentConversationParams.ts,src/common/utils/buildAgentConversationParams.ts,38,92.1,90.5,False
DERIVED-HIGH,src/renderer/utils/ui/HOC.tsx,src/renderer/utils/ui/HOC.tsx,25,92.0,100.0,False
DERIVED-HIGH,tests/unit/ConversationSearchPopover.dom.test.tsx,tests/unit/ConversationSearchPopover.dom.test.tsx,88,92.0,99.2,False
DERIVED-HIGH,src/renderer/pages/conversation/components/ConversationTitleMinimap/index.tsx,src/renderer/pages/conversation/components/ConversationTitleMinimap/index.tsx,88,92.0,99.2,False
DERIVED-HIGH,tests/unit/process/acp/errors/errorExtract.test.ts,tests/unit/process/acp/errors/errorExtract.test.ts,37,91.9,100.0,False
DERIVED-HIGH,tests/unit/FileChangeList.dom.test.tsx,tests/unit/FileChangeList.dom.test.tsx,37,91.9,98.7,False
DERIVED-HIGH,src/process/channels/utils/channelSendProtocol.ts,src/process/channels/utils/channelSendProtocol.ts,86,91.9,98.6,False
DERIVED-HIGH,tests/e2e/helpers/conversation.ts,tests/e2e/helpers/conversation.ts,85,91.8,100.0,False
DERIVED-HIGH,src/process/team/prompts/teamGuidePrompt.ts,src/process/team/prompts/teamGuidePrompt.ts,49,91.8,100.0,False
DERIVED-HIGH,src/renderer/pages/settings/components/AddModelModal.tsx,src/renderer/pages/settings/components/AddModelModal.tsx,61,91.8,98.6,False
DERIVED-HIGH,src/process/extensions/sandbox/sandbox.ts,src/process/extensions/sandbox/sandbox.ts,110,91.8,96.9,False
DERIVED-HIGH,src/renderer/utils/chat/latexDelimiters.ts,src/renderer/utils/chat/latexDelimiters.ts,12,91.7,100.0,False
DERIVED-HIGH,src/renderer/components/settings/SettingsModal/contents/SystemModalContent/DirInputItem.tsx,src/renderer/components/settings/SettingsModal/contents/SystemModalContent/DirInputItem.tsx,24,91.7,97.4,False
DERIVED-HIGH,tests/unit/RemoteAgentManagement.dom.test.tsx,tests/unit/RemoteAgentManagement.dom.test.tsx,71,91.5,100.0,False
DERIVED-HIGH,tests/unit/webserver/authRoutesLogin.test.ts,tests/unit/webserver/authRoutesLogin.test.ts,71,91.5,100.0,False
DERIVED-HIGH,src/process/webserver/auth/middleware/TokenMiddleware.ts,src/process/webserver/auth/middleware/TokenMiddleware.ts,59,91.5,100.0,False
DERIVED-HIGH,src/renderer/components/settings/SettingsModal/contents/GeminiModalContent.tsx,src/renderer/components/settings/SettingsModal/contents/GeminiModalContent.tsx,118,91.5,99.1,False
DERIVED-HIGH,src/process/bridge/services/ConversationSideQuestionService.ts,src/process/bridge/services/ConversationSideQuestionService.ts,105,91.4,100.0,False
DERIVED-HIGH,src/process/agent/gemini/cli/errorParsing.ts,src/process/agent/gemini/cli/errorParsing.ts,70,91.4,100.0,False
DERIVED-HIGH,tests/unit/chat/exportHelpers.test.ts,tests/unit/chat/exportHelpers.test.ts,46,91.3,100.0,False
DERIVED-HIGH,src/process/extensions/sandbox/ExtensionStorage.ts,src/process/extensions/sandbox/ExtensionStorage.ts,46,91.3,100.0,False
DERIVED-HIGH,tests/unit/team-agentSelectUtils.test.ts,tests/unit/team-agentSelectUtils.test.ts,114,91.2,100.0,False
DERIVED-HIGH,tests/unit/baseAgentManagerStop.test.ts,tests/unit/baseAgentManagerStop.test.ts,34,91.2,100.0,False
DERIVED-HIGH,src/renderer/pages/conversation/Messages/components/MessageAgentStatus.tsx,src/renderer/pages/conversation/Messages/components/MessageAgentStatus.tsx,34,91.2,97.4,False
DERIVED-HIGH,src/renderer/pages/conversation/GroupedHistory/ConversationSearchPopover.tsx,src/renderer/pages/conversation/GroupedHistory/ConversationSearchPopover.tsx,217,91.2,96.8,False
DERIVED-HIGH,src/renderer/components/chat/BtwOverlay/useBtwCommand.ts,src/renderer/components/chat/BtwOverlay/useBtwCommand.ts,45,91.1,100.0,False
DERIVED-HIGH,src/process/agent/gemini/cli/streamResilience.ts,src/process/agent/gemini/cli/streamResilience.ts,112,91.1,100.0,False
DERIVED-HIGH,src/renderer/pages/conversation/Messages/components/SkillSuggestCard.tsx,src/renderer/pages/conversation/Messages/components/SkillSuggestCard.tsx,45,91.1,94.9,False
DERIVED-HIGH,src/renderer/pages/conversation/platforms/openclaw/StarOfficeMonitorCard.tsx,src/renderer/pages/conversation/platforms/openclaw/StarOfficeMonitorCard.tsx,234,91.0,99.0,False
DERIVED-HIGH,tests/unit/feedbackModules.test.ts,tests/unit/feedbackModules.test.ts,22,90.9,100.0,False
DERIVED-HIGH,tests/unit/team-teamEventBus.test.ts,tests/unit/team-teamEventBus.test.ts,44,90.9,100.0,False
DERIVED-HIGH,src/renderer/components/media/Diff2Html.tsx,src/renderer/components/media/Diff2Html.tsx,88,90.9,95.3,False
DERIVED-HIGH,src/process/webserver/routes/staticRoutes.ts,src/process/webserver/routes/staticRoutes.ts,66,90.9,88.4,False
DERIVED-HIGH,tests/bench/database.bench.bun.ts,tests/bench/database.bench.bun.ts,129,90.7,100.0,False
DERIVED-HIGH,tests/unit/acpPendingConfigOptions.test.ts,tests/unit/acpPendingConfigOptions.test.ts,97,90.7,100.0,False
DERIVED-HIGH,src/renderer/hooks/context/AuthContext.tsx,src/renderer/hooks/context/AuthContext.tsx,86,90.7,100.0,False
DERIVED-HIGH,src/process/bridge/bedrockBridge.ts,src/process/bridge/bedrockBridge.ts,43,90.7,100.0,False
DERIVED-HIGH,src/process/acp/compat/typeBridge.ts,src/process/acp/compat/typeBridge.ts,129,90.7,95.0,False
DERIVED-HIGH,tests/unit/sentry.test.ts,tests/unit/sentry.test.ts,32,90.6,100.0,False
DERIVED-HIGH,src/renderer/pages/conversation/Preview/hooks/useScrollSyncHelpers.ts,src/renderer/pages/conversation/Preview/hooks/useScrollSyncHelpers.ts,53,90.6,100.0,False
DERIVED-HIGH,tests/e2e/specs/ext-no-extensions.e2e.ts,tests/e2e/specs/ext-no-extensions.e2e.ts,64,90.6,91.9,False
DERIVED-HIGH,src/renderer/hooks/mcp/messageQueue.ts,src/renderer/hooks/mcp/messageQueue.ts,21,90.5,100.0,False
DERIVED-HIGH,src/process/extensions/resolvers/WebuiResolver.ts,src/process/extensions/resolvers/WebuiResolver.ts,84,90.5,100.0,False
DERIVED-HIGH,src/process/services/cron/CronStore.ts,src/process/services/cron/CronStore.ts,126,90.5,100.0,False
DERIVED-HIGH,tests/unit/renderer/conversation/Messages/components/MessageThinking.dom.test.tsx,tests/unit/renderer/conversation/Messages/components/MessageThinking.dom.test.tsx,42,90.5,96.4,False
DERIVED-HIGH,src/process/utils/resetPasswordCLI.ts,src/process/utils/resetPasswordCLI.ts,74,90.5,95.9,False
DERIVED-HIGH,src/common/adapter/browser.ts,src/common/adapter/browser.ts,73,90.4,100.0,False
DERIVED-HIGH,src/renderer/pages/settings/AssistantSettings/SkillConfirmModals.tsx,src/renderer/pages/settings/AssistantSettings/SkillConfirmModals.tsx,62,90.3,100.0,False
DERIVED-HIGH,src/renderer/pages/conversation/Messages/codex/ToolCallComponent/BaseToolCallDisplay.tsx,src/renderer/pages/conversation/Messages/codex/ToolCallComponent/BaseToolCallDisplay.tsx,31,90.3,100.0,False
DERIVED-HIGH,src/process/webserver/directoryApi.ts,src/process/webserver/directoryApi.ts,124,90.3,99.1,False
DERIVED-HIGH,src/renderer/components/Markdown/index.tsx,src/renderer/components/Markdown/index.tsx,72,90.3,94.7,False
DERIVED-HIGH,src/renderer/components/settings/DirectorySelectionModal.tsx,src/renderer/components/settings/DirectorySelectionModal.tsx,72,90.3,94.6,False
DERIVED-HIGH,tests/unit/actionExecutor-helpers.test.ts,tests/unit/actionExecutor-helpers.test.ts,153,90.2,100.0,False
DERIVED-HIGH,src/process/acp/errors/AcpError.ts,src/process/acp/errors/AcpError.ts,41,90.2,100.0,False
DERIVED-HIGH,scripts/benchmark-startup.ts,scripts/benchmark-startup.ts,328,90.2,98.0,False
DERIVED-HIGH,tests/unit/renderer/team/TeamAgentIdentity.dom.test.tsx,tests/unit/renderer/team/TeamAgentIdentity.dom.test.tsx,41,90.2,93.0,False
DERIVED-HIGH,src/renderer/pages/team/components/TeamCreateModal.tsx,src/renderer/pages/team/components/TeamCreateModal.tsx,121,90.1,98.2,False
DERIVED-HIGH,tests/unit/useFileChanges.dom.test.ts,tests/unit/useFileChanges.dom.test.ts,50,90.0,100.0,False
DERIVED-HIGH,tests/unit/bridge/useAutoPreviewOfficeFilesEnabled.test.ts,tests/unit/bridge/useAutoPreviewOfficeFilesEnabled.test.ts,20,90.0,100.0,False
DERIVED-HIGH,src/renderer/utils/theme/customCssProcessor.ts,src/renderer/utils/theme/customCssProcessor.ts,20,90.0,100.0,False
DERIVED-HIGH,tests/unit/process/utils/resetPasswordCLI.test.ts,tests/unit/process/utils/resetPasswordCLI.test.ts,40,90.0,97.9,False
DERIVED-HIGH,src/renderer/pages/conversation/Messages/components/MessageToolCall.tsx,src/renderer/pages/conversation/Messages/components/MessageToolCall.tsx,40,90.0,94.1,False
DERIVED-HIGH,src/renderer/pages/conversation/GroupedHistory/DragOverlayContent.tsx,src/renderer/pages/conversation/GroupedHistory/DragOverlayContent.tsx,20,90.0,91.7,False
DERIVED-HIGH,src/process/task/BaseAgentManager.ts,src/process/task/BaseAgentManager.ts,40,90.0,91.1,False
DERIVED-HIGH,src/renderer/pages/settings/components/EditModeModal.tsx,src/renderer/pages/settings/components/EditModeModal.tsx,188,89.9,98.3,False
DERIVED-HIGH,tests/unit/taskBridge.test.ts,tests/unit/taskBridge.test.ts,49,89.8,100.0,False
DERIVED-HIGH,src/renderer/pages/conversation/Workspace/components/PasteConfirmModal.tsx,src/renderer/pages/conversation/Workspace/components/PasteConfirmModal.tsx,59,89.8,98.2,False
DERIVED-HIGH,tests/e2e/specs/team-agent-lifecycle.e2e.ts,tests/e2e/specs/team-agent-lifecycle.e2e.ts,58,89.7,100.0,False
DERIVED-HIGH,src/renderer/pages/conversation/GroupedHistory/hooks/useExport.ts,src/renderer/pages/conversation/GroupedHistory/hooks/useExport.ts,165,89.7,100.0,False
DERIVED-HIGH,src/renderer/pages/conversation/Workspace/hooks/useWorkspaceDragImport.ts,src/renderer/pages/conversation/Workspace/hooks/useWorkspaceDragImport.ts,97,89.7,97.7,False
DERIVED-HIGH,src/renderer/pages/settings/AgentSettings/PresetManagement.tsx,src/renderer/pages/settings/AgentSettings/PresetManagement.tsx,87,89.7,97.2,False
DERIVED-HIGH,tests/e2e/helpers/assistantSettings.ts,tests/e2e/helpers/assistantSettings.ts,78,89.7,95.5,False
DERIVED-HIGH,tests/unit/formatMessageTime.test.ts,tests/unit/formatMessageTime.test.ts,29,89.7,88.0,False
DERIVED-HIGH,tests/unit/uploadErrorPaths.dom.test.tsx,tests/unit/uploadErrorPaths.dom.test.tsx,57,89.5,100.0,False
DERIVED-HIGH,tests/unit/platform/platformRegistry.test.ts,tests/unit/platform/platformRegistry.test.ts,19,89.5,100.0,False
DERIVED-HIGH,src/renderer/pages/team/hooks/TeamPermissionContext.tsx,src/renderer/pages/team/hooks/TeamPermissionContext.tsx,19,89.5,100.0,False
DERIVED-HIGH,tests/unit/team-Mailbox.test.ts,tests/unit/team-Mailbox.test.ts,85,89.4,100.0,False
DERIVED-HIGH,src/renderer/components/chat/SpeechInputButton.tsx,src/renderer/components/chat/SpeechInputButton.tsx,104,89.4,93.2,False
DERIVED-HIGH,src/process/services/cron/cronSkillFile.ts,src/process/services/cron/cronSkillFile.ts,75,89.3,100.0,False
DERIVED-HIGH,src/process/extensions/hub/HubIndexManager.ts,src/process/extensions/hub/HubIndexManager.ts,56,89.3,96.2,False
DERIVED-HIGH,src/renderer/pages/conversation/Workspace/components/WorkspaceDialogs.tsx,src/renderer/pages/conversation/Workspace/components/WorkspaceDialogs.tsx,37,89.2,100.0,False
DERIVED-HIGH,src/renderer/pages/conversation/components/ConversationTitleMinimap/useMinimapPanel.ts,src/renderer/pages/conversation/components/ConversationTitleMinimap/useMinimapPanel.ts,183,89.1,100.0,False
DERIVED-HIGH,src/renderer/pages/conversation/Messages/acp/MessageAcpToolCall.tsx,src/renderer/pages/conversation/Messages/acp/MessageAcpToolCall.tsx,55,89.1,98.2,False
DERIVED-HIGH,tests/unit/apiRoutesUploadWorkspace.test.ts,tests/unit/apiRoutesUploadWorkspace.test.ts,27,88.9,100.0,False
DERIVED-HIGH,src/process/extensions/resolvers/utils/dependencyResolver.ts,src/process/extensions/resolvers/utils/dependencyResolver.ts,81,88.9,100.0,False
DERIVED-HIGH,src/renderer/components/settings/SettingsModal/contents/AgentModalContent.tsx,src/renderer/components/settings/SettingsModal/contents/AgentModalContent.tsx,27,88.9,97.2,False
DERIVED-HIGH,src/renderer/pages/settings/AgentSettings/AgentHubModal.tsx,src/renderer/pages/settings/AgentSettings/AgentHubModal.tsx,63,88.9,95.3,False
DERIVED-HIGH,src/renderer/pages/conversation/GroupedHistory/hooks/useWorkspaceExpansionState.ts,src/renderer/pages/conversation/GroupedHistory/hooks/useWorkspaceExpansionState.ts,27,88.9,93.3,False
DERIVED-HIGH,src/common/utils/appConfig.ts,src/common/utils/appConfig.ts,9,88.9,87.5,False
DERIVED-HIGH,src/process/agent/gemini/cli/tools/img-gen.ts,src/process/agent/gemini/cli/tools/img-gen.ts,107,88.8,98.6,False
DERIVED-HIGH,tests/unit/chat/conversationExport.test.ts,tests/unit/chat/conversationExport.test.ts,53,88.7,100.0,False
DERIVED-HIGH,tests/e2e/specs/guid-mode-to-conversation.e2e.ts,tests/e2e/specs/guid-mode-to-conversation.e2e.ts,53,88.7,100.0,False
DERIVED-HIGH,src/renderer/hooks/file/useAutoPreviewOfficeFiles.ts,src/renderer/hooks/file/useAutoPreviewOfficeFiles.ts,71,88.7,100.0,False
DERIVED-HIGH,src/process/agent/gemini/cli/tools/web-search.ts,src/process/agent/gemini/cli/tools/web-search.ts,70,88.6,98.9,False
DERIVED-HIGH,src/renderer/pages/conversation/Workspace/components/WorkspaceToolbar.tsx,src/renderer/pages/conversation/Workspace/components/WorkspaceToolbar.tsx,79,88.6,96.0,False
DERIVED-HIGH,src/renderer/pages/settings/AssistantSettings/AddCustomPathModal.tsx,src/renderer/pages/settings/AssistantSettings/AddCustomPathModal.tsx,35,88.6,94.5,False
DERIVED-HIGH,tests/unit/skillSuggestParser.test.ts,tests/unit/skillSuggestParser.test.ts,78,88.5,100.0,False
DERIVED-HIGH,src/renderer/pages/conversation/GroupedHistory/utils/sortOrderHelpers.ts,src/renderer/pages/conversation/GroupedHistory/utils/sortOrderHelpers.ts,26,88.5,100.0,False
DERIVED-HIGH,src/renderer/pages/conversation/GroupedHistory/hooks/useConversations.ts,src/renderer/pages/conversation/GroupedHistory/hooks/useConversations.ts,52,88.5,98.0,False
DERIVED-HIGH,src/process/agent/nanobot/NanobotConnection.ts,src/process/agent/nanobot/NanobotConnection.ts,43,88.4,96.3,False
DERIVED-HIGH,src/renderer/components/Markdown/CodeBlock.tsx,src/renderer/components/Markdown/CodeBlock.tsx,95,88.4,95.1,False
DERIVED-HIGH,src/process/channels/plugins/weixin/WeixinTyping.ts,src/process/channels/plugins/weixin/WeixinTyping.ts,103,88.3,100.0,False
DERIVED-HIGH,src/renderer/components/layout/Sider/CronJobSiderSection/CronJobSiderItem.tsx,src/renderer/components/layout/Sider/CronJobSiderSection/CronJobSiderItem.tsx,205,88.3,96.9,False
DERIVED-HIGH,tests/unit/useGeminiMessage.dom.test.ts,tests/unit/useGeminiMessage.dom.test.ts,102,88.2,100.0,False
DERIVED-HIGH,tests/unit/geminiAgentManagerThinking.test.ts,tests/unit/geminiAgentManagerThinking.test.ts,153,88.2,100.0,False
DERIVED-HIGH,tests/unit/process/acp/infra/NdjsonTransport.test.ts,tests/unit/process/acp/infra/NdjsonTransport.test.ts,17,88.2,100.0,False
DERIVED-HIGH,src/renderer/pages/settings/AgentSettings/InlineAgentEditor.tsx,src/renderer/pages/settings/AgentSettings/InlineAgentEditor.tsx,186,88.2,96.2,False
DERIVED-HIGH,src/renderer/hooks/system/useSpeechInput.ts,src/renderer/hooks/system/useSpeechInput.ts,203,88.2,90.6,False
DERIVED-HIGH,src/process/services/database/IConversationRepository.ts,src/process/services/database/IConversationRepository.ts,17,88.2,90.0,False
DERIVED-HIGH,tests/unit/OfficeDocViewer.dom.test.tsx,tests/unit/OfficeDocViewer.dom.test.tsx,59,88.1,100.0,False
DERIVED-HIGH,tests/unit/renderer/ConversationRow.dom.test.tsx,tests/unit/renderer/ConversationRow.dom.test.tsx,59,88.1,100.0,False
DERIVED-HIGH,src/process/agent/gemini/cli/atCommandProcessor.ts,src/process/agent/gemini/cli/atCommandProcessor.ts,226,88.1,100.0,False
DERIVED-HIGH,src/process/agent/gemini/cli/tools/conversation-tool-config.ts,src/process/agent/gemini/cli/tools/conversation-tool-config.ts,67,88.1,98.6,False
DERIVED-HIGH,tests/unit/renderer/GuidActionRow.dom.test.tsx,tests/unit/renderer/GuidActionRow.dom.test.tsx,84,88.1,98.3,False
DERIVED-HIGH,tests/unit/renderer/components/MessageText.dom.test.tsx,tests/unit/renderer/components/MessageText.dom.test.tsx,67,88.1,90.8,False
DERIVED-HIGH,src/process/webserver/middleware/csrfClient.ts,src/process/webserver/middleware/csrfClient.ts,50,88.0,100.0,False
DERIVED-HIGH,src/renderer/components/chat/CommandQueuePanel.tsx,src/renderer/components/chat/CommandQueuePanel.tsx,150,88.0,97.5,False
DERIVED-HIGH,src/renderer/hooks/agent/usePresetAssistantInfo.ts,src/renderer/hooks/agent/usePresetAssistantInfo.ts,184,88.0,96.4,False
DERIVED-HIGH,src/renderer/components/layout/WindowControls.tsx,src/renderer/components/layout/WindowControls.tsx,33,87.9,97.0,False
DERIVED-HIGH,tests/unit/databaseBridge.test.ts,tests/unit/databaseBridge.test.ts,98,87.8,100.0,False
DERIVED-HIGH,src/renderer/pages/conversation/Preview/components/PreviewPanel/PreviewConfirmModals.tsx,src/renderer/pages/conversation/Preview/components/PreviewPanel/PreviewConfirmModals.tsx,41,87.8,100.0,False
DERIVED-HIGH,tests/unit/builtinSkillsSync.test.ts,tests/unit/builtinSkillsSync.test.ts,98,87.8,98.4,False
DERIVED-HIGH,src/process/acp/types.ts,src/process/acp/types.ts,90,87.8,96.8,False
DERIVED-HIGH,src/process/agent/openclaw/deviceAuthStore.ts,src/process/agent/openclaw/deviceAuthStore.ts,57,87.7,100.0,False
DERIVED-HIGH,src/renderer/pages/settings/components/AddPlatformModal.tsx,src/renderer/pages/settings/components/AddPlatformModal.tsx,293,87.7,97.9,False
DERIVED-HIGH,tests/unit/browserAdapterReconnect.test.ts,tests/unit/browserAdapterReconnect.test.ts,48,87.5,100.0,False
DERIVED-HIGH,tests/unit/renderer/useGeminiInitialMessage.dom.test.tsx,tests/unit/renderer/useGeminiInitialMessage.dom.test.tsx,88,87.5,100.0,False
DERIVED-HIGH,tests/e2e/specs/ext-lifecycle.e2e.ts,tests/e2e/specs/ext-lifecycle.e2e.ts,48,87.5,100.0,False
DERIVED-HIGH,src/renderer/pages/conversation/Preview/hooks/usePreviewKeyboardShortcuts.ts,src/renderer/pages/conversation/Preview/hooks/usePreviewKeyboardShortcuts.ts,8,87.5,100.0,False
DERIVED-HIGH,tests/unit/SkillsHubSettings.dom.test.tsx,tests/unit/SkillsHubSettings.dom.test.tsx,120,87.5,99.3,False
DERIVED-HIGH,src/process/extensions/resolvers/utils/envResolver.ts,src/process/extensions/resolvers/utils/envResolver.ts,32,87.5,93.8,False
DERIVED-HIGH,src/renderer/pages/settings/AssistantSettings/index.tsx,src/renderer/pages/settings/AssistantSettings/index.tsx,128,87.5,89.9,False
DERIVED-HIGH,src/renderer/components/base/StepsWrapper.tsx,src/renderer/components/base/StepsWrapper.tsx,8,87.5,80.0,False
DERIVED-HIGH,tests/unit/common/toolsModalContent.dom.test.tsx,tests/unit/common/toolsModalContent.dom.test.tsx,157,87.3,93.2,False
DERIVED-HIGH,src/process/extensions/ExtensionLoader.ts,src/process/extensions/ExtensionLoader.ts,55,87.3,89.1,False
DERIVED-HIGH,tests/unit/geminiBootstrapRejection.test.ts,tests/unit/geminiBootstrapRejection.test.ts,39,87.2,100.0,False
DERIVED-HIGH,tests/unit/chat/messageText.dom.test.tsx,tests/unit/chat/messageText.dom.test.tsx,47,87.2,100.0,False
DERIVED-HIGH,src/renderer/pages/conversation/Messages/codex/MessageFileChanges.tsx,src/renderer/pages/conversation/Messages/codex/MessageFileChanges.tsx,47,87.2,100.0,False
DERIVED-HIGH,src/process/agent/remote/RemoteAgentCore.ts,src/process/agent/remote/RemoteAgentCore.ts,304,87.2,99.5,False
DERIVED-HIGH,tests/unit/renderer/conversation/Messages/components/MessageToolGroupSummary.dom.test.tsx,tests/unit/renderer/conversation/Messages/components/MessageToolGroupSummary.dom.test.tsx,31,87.1,100.0,False
DERIVED-HIGH,src/process/channels/plugins/wecom/WecomStreamState.ts,src/process/channels/plugins/wecom/WecomStreamState.ts,85,87.1,93.9,False
DERIVED-HIGH,src/renderer/utils/chat/timeline.ts,src/renderer/utils/chat/timeline.ts,31,87.1,75.8,False
DERIVED-HIGH,tests/unit/minimapUtils.test.ts,tests/unit/minimapUtils.test.ts,108,87.0,100.0,False
DERIVED-HIGH,tests/unit/AuthServicePasswordValidation.test.ts,tests/unit/AuthServicePasswordValidation.test.ts,23,87.0,100.0,False
DERIVED-HIGH,tests/unit/renderer/conversation/WorkspaceOpenButton.dom.test.tsx,tests/unit/renderer/conversation/WorkspaceOpenButton.dom.test.tsx,69,87.0,100.0,False
DERIVED-HIGH,tests/unit/process/team/teamDescribeAssistant.test.ts,tests/unit/process/team/teamDescribeAssistant.test.ts,69,87.0,100.0,False
DERIVED-HIGH,src/process/channels/plugins/weixin/WeixinAdapter.ts,src/process/channels/plugins/weixin/WeixinAdapter.ts,23,87.0,100.0,False
DERIVED-HIGH,src/renderer/pages/conversation/Messages/codex/ToolCallComponent/ExecCommandDisplay.tsx,src/renderer/pages/conversation/Messages/codex/ToolCallComponent/ExecCommandDisplay.tsx,54,87.0,98.0,False
DERIVED-HIGH,src/renderer/pages/conversation/Workspace/types.ts,src/renderer/pages/conversation/Workspace/types.ts,23,87.0,97.7,False
DERIVED-HIGH,src/renderer/hooks/chat/useSlashCommandController.ts,src/renderer/hooks/chat/useSlashCommandController.ts,61,86.9,95.7,False
DERIVED-HIGH,src/renderer/utils/model/agentLogo.ts,src/renderer/utils/model/agentLogo.ts,61,86.9,90.0,False
DERIVED-HIGH,src/process/agent/openclaw/index.ts,src/process/agent/openclaw/index.ts,326,86.8,98.6,False
DERIVED-HIGH,src/renderer/utils/chat/atFileQuery.ts,src/renderer/utils/chat/atFileQuery.ts,45,86.7,100.0,False
DERIVED-HIGH,src/renderer/utils/theme/themeCssSync.ts,src/renderer/utils/theme/themeCssSync.ts,30,86.7,100.0,False
DERIVED-HIGH,src/renderer/pages/conversation/platforms/openclaw/OpenClawSendBox.tsx,src/renderer/pages/conversation/platforms/openclaw/OpenClawSendBox.tsx,286,86.7,99.2,False
DERIVED-HIGH,src/renderer/pages/conversation/Messages/components/MessageCronBadge.tsx,src/renderer/pages/conversation/Messages/components/MessageCronBadge.tsx,15,86.7,95.8,False
DERIVED-HIGH,src/process/services/mcpServices/agents/CodebuddyMcpAgent.ts,src/process/services/mcpServices/agents/CodebuddyMcpAgent.ts,105,86.7,94.9,False
DERIVED-HIGH,src/process/extensions/lifecycle/hotReload.ts,src/process/extensions/lifecycle/hotReload.ts,30,86.7,91.9,False
DERIVED-HIGH,tests/unit/extensions/webuiResolver.test.ts,tests/unit/extensions/webuiResolver.test.ts,30,86.7,79.2,False
DERIVED-HIGH,tests/unit/acpConnectionDisconnectCrash.test.ts,tests/unit/acpConnectionDisconnectCrash.test.ts,59,86.4,100.0,False
DERIVED-HIGH,tests/unit/ForkTaskPostMessage.test.ts,tests/unit/ForkTaskPostMessage.test.ts,22,86.4,100.0,False
DERIVED-HIGH,tests/unit/renderer/ConversationSkillsIndicator.dom.test.tsx,tests/unit/renderer/ConversationSkillsIndicator.dom.test.tsx,59,86.4,96.6,False
DERIVED-HIGH,tests/unit/acpSlashCommandsUpdatedEvent.test.ts,tests/unit/acpSlashCommandsUpdatedEvent.test.ts,110,86.4,95.4,False
DERIVED-HIGH,src/process/bridge/services/WebuiService.ts,src/process/bridge/services/WebuiService.ts,73,86.3,98.5,False
DERIVED-HIGH,src/process/channels/plugins/weixin/WeixinMonitor.ts,src/process/channels/plugins/weixin/WeixinMonitor.ts,328,86.3,91.1,False
DERIVED-HIGH,tests/unit/IpcAgentEventEmitter.test.ts,tests/unit/IpcAgentEventEmitter.test.ts,29,86.2,100.0,False
DERIVED-HIGH,tests/unit/common/visibleConversationOrder.test.ts,tests/unit/common/visibleConversationOrder.test.ts,29,86.2,100.0,False
DERIVED-HIGH,src/process/utils/tray.ts,src/process/utils/tray.ts,80,86.2,98.7,False
DERIVED-HIGH,src/renderer/pages/conversation/Workspace/components/FileChangeList.tsx,src/renderer/pages/conversation/Workspace/components/FileChangeList.tsx,167,86.2,93.7,False
DERIVED-HIGH,src/renderer/pages/conversation/components/ChatLayout/WorkspacePanelHeader.tsx,src/renderer/pages/conversation/components/ChatLayout/WorkspacePanelHeader.tsx,29,86.2,91.7,False
DERIVED-HIGH,tests/unit/configureConsoleLog.test.ts,tests/unit/configureConsoleLog.test.ts,36,86.1,100.0,False
DERIVED-HIGH,tests/unit/renderer/deepLinkNavigate.dom.test.tsx,tests/unit/renderer/deepLinkNavigate.dom.test.tsx,36,86.1,100.0,False
DERIVED-HIGH,src/renderer/pages/conversation/platforms/remote/RemoteSendBox.tsx,src/renderer/pages/conversation/platforms/remote/RemoteSendBox.tsx,209,86.1,98.9,False
DERIVED-HIGH,tests/e2e/specs/extension-contributed.e2e.ts,tests/e2e/specs/extension-contributed.e2e.ts,57,86.0,100.0,False
DERIVED-HIGH,src/process/agent/acp/AcpAdapter.ts,src/process/agent/acp/AcpAdapter.ts,100,86.0,100.0,False
DERIVED-HIGH,src/renderer/pages/conversation/Preview/context/PreviewContext.tsx,src/renderer/pages/conversation/Preview/context/PreviewContext.tsx,241,85.9,97.2,False
DERIVED-HIGH,tests/unit/adapterEmitGuard.test.ts,tests/unit/adapterEmitGuard.test.ts,64,85.9,93.0,False
DERIVED-HIGH,src/renderer/components/Markdown/MermaidBlock.tsx,src/renderer/components/Markdown/MermaidBlock.tsx,106,85.8,93.8,False
DERIVED-HIGH,tests/unit/channels/weixinAdapter.test.ts,tests/unit/channels/weixinAdapter.test.ts,56,85.7,100.0,False
DERIVED-HIGH,src/renderer/hooks/ui/useLatestRef.ts,src/renderer/hooks/ui/useLatestRef.ts,7,85.7,100.0,False
DERIVED-HIGH,src/process/bridge/documentBridge.ts,src/process/bridge/documentBridge.ts,21,85.7,100.0,False
DERIVED-HIGH,src/process/agent/gemini/cli/tools/web-fetch.ts,src/process/agent/gemini/cli/tools/web-fetch.ts,84,85.7,98.3,False
DERIVED-HIGH,tests/unit/sendboxQueue.dom.test.tsx,tests/unit/sendboxQueue.dom.test.tsx,266,85.7,97.1,False
DERIVED-HIGH,tests/unit/renderer/AgentHubModal.dom.test.tsx,tests/unit/renderer/AgentHubModal.dom.test.tsx,70,85.7,97.0,False
DERIVED-HIGH,src/common/types/detectedAgent.ts,src/common/types/detectedAgent.ts,14,85.7,96.9,False
DERIVED-HIGH,src/renderer/utils/chat/chatMinimapEvents.ts,src/renderer/utils/chat/chatMinimapEvents.ts,7,85.7,92.3,False
DERIVED-HIGH,src/process/extensions/resolvers/AssistantResolver.ts,src/process/extensions/resolvers/AssistantResolver.ts,56,85.7,91.2,False
DERIVED-HIGH,src/renderer/hooks/mcp/index.ts,src/renderer/hooks/mcp/index.ts,7,85.7,87.5,False
DERIVED-HIGH,src/process/utils/analyticsId.ts,src/process/utils/analyticsId.ts,14,85.7,86.7,False
DERIVED-HIGH,src/renderer/pages/conversation/Workspace/hooks/useWorkspaceMigration.ts,src/renderer/pages/conversation/Workspace/hooks/useWorkspaceMigration.ts,104,85.6,96.8,False
DERIVED-HIGH,src/common/types/codex/types/eventTypes.ts,src/common/types/codex/types/eventTypes.ts,62,85.5,100.0,False
DERIVED-HIGH,tests/unit/transformMessage.test.ts,tests/unit/transformMessage.test.ts,34,85.3,100.0,False
DERIVED-HIGH,src/renderer/services/i18n/index.ts,src/renderer/services/i18n/index.ts,75,85.3,100.0,False
DERIVED-HIGH,src/renderer/pages/conversation/Preview/components/viewers/MarkdownViewer.tsx,src/renderer/pages/conversation/Preview/components/viewers/MarkdownViewer.tsx,191,85.3,98.1,False
DERIVED-HIGH,src/renderer/pages/conversation/platforms/acp/AcpSendBox.tsx,src/renderer/pages/conversation/platforms/acp/AcpSendBox.tsx,196,85.2,91.1,False
DERIVED-HIGH,src/common/utils/teamModelUtils.ts,src/common/utils/teamModelUtils.ts,54,85.2,89.1,False
DERIVED-HIGH,tests/e2e/specs/ext-ipc-queries.e2e.ts,tests/e2e/specs/ext-ipc-queries.e2e.ts,148,85.1,99.0,False
DERIVED-HIGH,tests/unit/cronSkillFile.test.ts,tests/unit/cronSkillFile.test.ts,126,84.9,100.0,False
DERIVED-HIGH,tests/unit/GeminiModalContent.dom.test.tsx,tests/unit/GeminiModalContent.dom.test.tsx,66,84.8,98.8,False
DERIVED-HIGH,src/process/channels/plugins/weixin/WeixinLoginHandler.ts,src/process/channels/plugins/weixin/WeixinLoginHandler.ts,33,84.8,88.7,False
DERIVED-HIGH,src/renderer/pages/conversation/Workspace/hooks/useWorkspaceTree.ts,src/renderer/pages/conversation/Workspace/hooks/useWorkspaceTree.ts,72,84.7,100.0,False
DERIVED-HIGH,tests/unit/AgentFactory.test.ts,tests/unit/AgentFactory.test.ts,26,84.6,100.0,False
DERIVED-HIGH,src/process/agent/remote/types.ts,src/process/agent/remote/types.ts,13,84.6,100.0,False
DERIVED-HIGH,src/process/extensions/lifecycle/lifecycle.ts,src/process/extensions/lifecycle/lifecycle.ts,91,84.6,97.1,False
DERIVED-HIGH,src/process/channels/plugins/weixin/WeixinLogin.ts,src/process/channels/plugins/weixin/WeixinLogin.ts,65,84.6,87.8,False
DERIVED-HIGH,src/renderer/pages/settings/AssistantSettings/DeleteAssistantModal.tsx,src/renderer/pages/settings/AssistantSettings/DeleteAssistantModal.tsx,26,84.6,81.4,False
DERIVED-HIGH,tests/unit/tray.test.ts,tests/unit/tray.test.ts,168,84.5,99.3,False
DERIVED-HIGH,tests/e2e/specs/cron-crud.e2e.ts,tests/e2e/specs/cron-crud.e2e.ts,128,84.4,100.0,False
DERIVED-HIGH,src/renderer/pages/settings/components/JsonImportModal.tsx,src/renderer/pages/settings/components/JsonImportModal.tsx,147,84.4,96.5,False
DERIVED-HIGH,src/renderer/components/media/FilePreview.tsx,src/renderer/components/media/FilePreview.tsx,64,84.4,88.0,False
DERIVED-HIGH,tests/unit/sendboxBtw.dom.test.tsx,tests/unit/sendboxBtw.dom.test.tsx,134,84.3,100.0,False
DERIVED-HIGH,tests/unit/conversationTitleMinimap.dom.test.tsx,tests/unit/conversationTitleMinimap.dom.test.tsx,70,84.3,100.0,False
DERIVED-HIGH,src/renderer/pages/conversation/GroupedHistory/hooks/useConversationActions.ts,src/renderer/pages/conversation/GroupedHistory/hooks/useConversationActions.ts,121,84.3,97.3,False
DERIVED-HIGH,src/renderer/pages/conversation/platforms/useConversationCommandQueue.ts,src/renderer/pages/conversation/platforms/useConversationCommandQueue.ts,322,84.2,100.0,False
DERIVED-HIGH,src/common/types/codex/utils/toolUtils.ts,src/common/types/codex/utils/toolUtils.ts,165,84.2,100.0,False
DERIVED-HIGH,src/process/services/cron/WorkerTaskManagerJobExecutor.ts,src/process/services/cron/WorkerTaskManagerJobExecutor.ts,361,84.2,97.8,False
DERIVED-HIGH,tests/unit/uploadProgressState.test.ts,tests/unit/uploadProgressState.test.ts,44,84.1,100.0,False
DERIVED-HIGH,tests/integration/acp-smoke.test.ts,tests/integration/acp-smoke.test.ts,88,84.1,100.0,False
DERIVED-HIGH,tests/e2e/specs/acp-agent.e2e.ts,tests/e2e/specs/acp-agent.e2e.ts,44,84.1,100.0,False
DERIVED-HIGH,src/renderer/pages/conversation/Workspace/components/MigrationModal.tsx,src/renderer/pages/conversation/Workspace/components/MigrationModal.tsx,107,84.1,98.6,False
DERIVED-HIGH,tests/unit/minimapPanelWidth.dom.test.ts,tests/unit/minimapPanelWidth.dom.test.ts,25,84.0,100.0,False
DERIVED-HIGH,tests/unit/AgentStatusBadge.dom.test.tsx,tests/unit/AgentStatusBadge.dom.test.tsx,25,84.0,100.0,False
DERIVED-HIGH,tests/unit/ChannelModelSelectionRestore.dom.test.tsx,tests/unit/ChannelModelSelectionRestore.dom.test.tsx,81,84.0,97.0,False
DERIVED-HIGH,src/process/bridge/webuiQR.ts,src/process/bridge/webuiQR.ts,50,84.0,91.8,False
DERIVED-HIGH,tests/unit/team-TeamSession.test.ts,tests/unit/team-TeamSession.test.ts,87,83.9,100.0,False
DERIVED-HIGH,src/renderer/pages/conversation/Workspace/hooks/useFileChanges.ts,src/renderer/pages/conversation/Workspace/hooks/useFileChanges.ts,62,83.9,100.0,False
DERIVED-HIGH,src/process/channels/plugins/dingtalk/DingTalkCards.ts,src/process/channels/plugins/dingtalk/DingTalkCards.ts,118,83.9,99.2,False
DERIVED-HIGH,tests/unit/team-TaskManager.test.ts,tests/unit/team-TaskManager.test.ts,161,83.9,96.2,False
DERIVED-HIGH,src/process/agent/gemini/index.ts,src/process/agent/gemini/index.ts,392,83.9,92.4,False
DERIVED-HIGH,tests/unit/GuidModelSelector.dom.test.tsx,tests/unit/GuidModelSelector.dom.test.tsx,37,83.8,100.0,False
DERIVED-HIGH,src/renderer/pages/conversation/Preview/components/viewers/PDFViewer.tsx,src/renderer/pages/conversation/Preview/components/viewers/PDFViewer.tsx,68,83.8,95.7,False
DERIVED-HIGH,tests/unit/webuiConfig.test.ts,tests/unit/webuiConfig.test.ts,99,83.8,94.6,False
DERIVED-HIGH,src/renderer/pages/team/hooks/useTeamSession.ts,src/renderer/pages/team/hooks/useTeamSession.ts,37,83.8,87.8,False
DERIVED-HIGH,src/common/adapter/main.ts,src/common/adapter/main.ts,37,83.8,84.1,False
DERIVED-HIGH,src/renderer/components/base/FileChangesPanel.tsx,src/renderer/components/base/FileChangesPanel.tsx,43,83.7,95.8,False
DERIVED-HIGH,src/process/resources/builtinMcp/imageGenServer.ts,src/process/resources/builtinMcp/imageGenServer.ts,49,83.7,94.5,False
DERIVED-HIGH,tests/unit/process/bridge/fsBridge.listWorkspaceFiles.test.ts,tests/unit/process/bridge/fsBridge.listWorkspaceFiles.test.ts,123,83.7,92.3,False
DERIVED-HIGH,src/renderer/pages/guid/components/MentionDropdown.tsx,src/renderer/pages/guid/components/MentionDropdown.tsx,43,83.7,91.4,False
DERIVED-HIGH,src/process/acp/infra/AcpProtocol.ts,src/process/acp/infra/AcpProtocol.ts,61,83.6,98.5,False
DERIVED-HIGH,src/renderer/pages/guid/hooks/useGuidInput.ts,src/renderer/pages/guid/hooks/useGuidInput.ts,61,83.6,90.5,False
DERIVED-HIGH,src/renderer/components/settings/SettingsModal/index.tsx,src/renderer/components/settings/SettingsModal/index.tsx,152,83.6,88.4,False
DERIVED-HIGH,tests/unit/process/utils/zoom.test.ts,tests/unit/process/utils/zoom.test.ts,36,83.3,100.0,False
DERIVED-HIGH,src/common/types/preview.ts,src/common/types/preview.ts,6,83.3,100.0,False
DERIVED-HIGH,src/common/chat/slash/types.ts,src/common/chat/slash/types.ts,6,83.3,100.0,False
DERIVED-HIGH,src/renderer/pages/conversation/Preview/components/PreviewPanel/PreviewTabs.tsx,src/renderer/pages/conversation/Preview/components/PreviewPanel/PreviewTabs.tsx,42,83.3,96.4,False
DERIVED-HIGH,src/renderer/components/agent/AgentSetupCard.tsx,src/renderer/components/agent/AgentSetupCard.tsx,186,83.3,96.2,False
DERIVED-HIGH,src/renderer/pages/conversation/Messages/acp/MessageAvailableCommands.tsx,src/renderer/pages/conversation/Messages/acp/MessageAvailableCommands.tsx,24,83.3,90.3,False
DERIVED-HIGH,src/process/team/prompts/leadPrompt.ts,src/process/team/prompts/leadPrompt.ts,107,83.2,98.3,False
DERIVED-HIGH,tests/unit/apiRoutes-upload.test.ts,tests/unit/apiRoutes-upload.test.ts,65,83.1,100.0,False
DERIVED-HIGH,src/process/acp/session/SessionLifecycle.ts,src/process/acp/session/SessionLifecycle.ts,183,83.1,96.0,False
DERIVED-HIGH,src/process/webserver/routes/wecomChannelRoutes.ts,src/process/webserver/routes/wecomChannelRoutes.ts,77,83.1,87.3,False
DERIVED-HIGH,src/renderer/pages/conversation/Messages/acp/MessageAcpPermission.tsx,src/renderer/pages/conversation/Messages/acp/MessageAcpPermission.tsx,59,83.1,86.5,False
DERIVED-HIGH,tests/unit/test_tool_group_message_list.ts,tests/unit/test_tool_group_message_list.ts,94,83.0,100.0,False
DERIVED-HIGH,src/renderer/pages/cron/components/CronJobIndicator.tsx,src/renderer/pages/cron/components/CronJobIndicator.tsx,29,82.8,93.5,False
DERIVED-HIGH,src/renderer/pages/conversation/Messages/components/MessageToolGroupSummary.tsx,src/renderer/pages/conversation/Messages/components/MessageToolGroupSummary.tsx,110,82.7,93.4,False
DERIVED-HIGH,src/renderer/pages/conversation/Workspace/index.tsx,src/renderer/pages/conversation/Workspace/index.tsx,330,82.7,90.3,False
DERIVED-HIGH,tests/unit/workerTaskManagerSingleton.test.ts,tests/unit/workerTaskManagerSingleton.test.ts,46,82.6,100.0,False
DERIVED-HIGH,tests/unit/renderer/conversation/CronJobSiderItem.dom.test.tsx,tests/unit/renderer/conversation/CronJobSiderItem.dom.test.tsx,207,82.6,99.5,False
DERIVED-HIGH,src/renderer/pages/conversation/GroupedHistory/types.ts,src/renderer/pages/conversation/GroupedHistory/types.ts,40,82.5,89.5,False
DERIVED-HIGH,src/renderer/pages/team/components/TeamTabs.tsx,src/renderer/pages/team/components/TeamTabs.tsx,126,82.5,87.5,False
DERIVED-HIGH,tests/unit/channels/weixinLoginHandler.test.ts,tests/unit/channels/weixinLoginHandler.test.ts,51,82.4,100.0,False
DERIVED-HIGH,tests/unit/slashCommandMenu.dom.test.tsx,tests/unit/slashCommandMenu.dom.test.tsx,17,82.4,96.9,False
DERIVED-HIGH,src/renderer/components/media/WebviewHost.tsx,src/renderer/components/media/WebviewHost.tsx,271,82.3,93.2,False
DERIVED-HIGH,src/renderer/pages/conversation/Workspace/hooks/useWorkspaceFileOps.ts,src/renderer/pages/conversation/Workspace/hooks/useWorkspaceFileOps.ts,163,82.2,91.8,False
DERIVED-HIGH,src/renderer/pages/guid/components/AssistantSelectionArea.tsx,src/renderer/pages/guid/components/AssistantSelectionArea.tsx,168,82.1,90.1,False
DERIVED-HIGH,tests/integration/i18n.test.ts,tests/integration/i18n.test.ts,133,82.0,100.0,False
DERIVED-HIGH,src/renderer/pages/conversation/Workspace/components/WorkspaceTabBar.tsx,src/renderer/pages/conversation/Workspace/components/WorkspaceTabBar.tsx,72,81.9,90.0,False
DERIVED-HIGH,tests/unit/newConversationName.test.ts,tests/unit/newConversationName.test.ts,11,81.8,100.0,False
DERIVED-HIGH,tests/unit/channelConversation.test.ts,tests/unit/channelConversation.test.ts,55,81.8,100.0,False
DERIVED-HIGH,tests/unit/process/bridge/fsBridge.downloadRemoteBuffer.test.ts,tests/unit/process/bridge/fsBridge.downloadRemoteBuffer.test.ts,110,81.8,99.0,False
DERIVED-HIGH,src/renderer/utils/workspace/workspaceHistory.ts,src/renderer/utils/workspace/workspaceHistory.ts,11,81.8,92.3,False
DERIVED-HIGH,src/renderer/hooks/context/ConversationHistoryContext.tsx,src/renderer/hooks/context/ConversationHistoryContext.tsx,22,81.8,92.0,False
DERIVED-HIGH,src/process/agent/openclaw/OpenClawGatewayManager.ts,src/process/agent/openclaw/OpenClawGatewayManager.ts,143,81.8,87.1,False
DERIVED-HIGH,src/renderer/pages/settings/AgentSettings/RemoteAgentManagement.tsx,src/renderer/pages/settings/AgentSettings/RemoteAgentManagement.tsx,224,81.7,95.1,False
DERIVED-HIGH,tests/unit/RemoteAgentManager.test.ts,tests/unit/RemoteAgentManager.test.ts,174,81.6,100.0,False
DERIVED-HIGH,tests/unit/process/bridge/conversationSideQuestionService.test.ts,tests/unit/process/bridge/conversationSideQuestionService.test.ts,114,81.6,100.0,False
DERIVED-HIGH,tests/unit/conversationCreationGuard.dom.test.tsx,tests/unit/conversationCreationGuard.dom.test.tsx,43,81.4,100.0,False
DERIVED-HIGH,src/process/agent/acp/AcpConnection.ts,src/process/agent/acp/AcpConnection.ts,431,81.4,94.9,False
DERIVED-HIGH,tests/unit/renderer/conversationCommandQueue.test.ts,tests/unit/renderer/conversationCommandQueue.test.ts,96,81.2,100.0,False
DERIVED-HIGH,src/process/bridge/taskBridge.ts,src/process/bridge/taskBridge.ts,16,81.2,100.0,False
DERIVED-HIGH,src/renderer/components/settings/SettingsModal/contents/SystemModalContent/DevSettings.tsx,src/renderer/components/settings/SettingsModal/contents/SystemModalContent/DevSettings.tsx,112,81.2,98.2,False
DERIVED-HIGH,tests/e2e/specs/ext-discovery.e2e.ts,tests/e2e/specs/ext-discovery.e2e.ts,16,81.2,96.3,False
DERIVED-HIGH,src/process/acp/session/AcpSession.ts,src/process/acp/session/AcpSession.ts,224,81.2,91.0,False
DERIVED-HIGH,tests/unit/updateBridgeI18n.test.ts,tests/unit/updateBridgeI18n.test.ts,32,81.2,82.1,False
DERIVED-HIGH,tests/unit/acpConnectionStartupExit.test.ts,tests/unit/acpConnectionStartupExit.test.ts,74,81.1,100.0,False
DERIVED-HIGH,src/renderer/hooks/mcp/useMcpAgentStatus.ts,src/renderer/hooks/mcp/useMcpAgentStatus.ts,95,81.1,95.2,False
DERIVED-HIGH,src/process/agent/acp/index.ts,src/process/agent/acp/index.ts,720,81.1,91.2,False
DERIVED-HIGH,tests/e2e/features/conversations/acp/config/config-persistence.e2e.ts,tests/e2e/features/conversations/acp/config/config-persistence.e2e.ts,53,81.1,70.1,False
DERIVED-HIGH,tests/unit/teamMcpServerEvents.test.ts,tests/unit/teamMcpServerEvents.test.ts,84,81.0,100.0,False
DERIVED-HIGH,tests/unit/process/utils/shellEnvDiagnostics.test.ts,tests/unit/process/utils/shellEnvDiagnostics.test.ts,100,81.0,98.6,False
DERIVED-HIGH,src/renderer/pages/conversation/Preview/components/viewers/HTMLViewer.tsx,src/renderer/pages/conversation/Preview/components/viewers/HTMLViewer.tsx,153,81.0,95.8,False
DERIVED-HIGH,src/process/acp/session/PermissionResolver.ts,src/process/acp/session/PermissionResolver.ts,79,81.0,84.9,False
DERIVED-HIGH,tests/unit/process/utils/configureChromium.test.ts,tests/unit/process/utils/configureChromium.test.ts,47,80.9,97.8,False
DERIVED-HIGH,tests/unit/acpAdapterUserMessageChunk.test.ts,tests/unit/acpAdapterUserMessageChunk.test.ts,26,80.8,100.0,False
DERIVED-HIGH,src/process/webserver/auth/repository/UserRepository.ts,src/process/webserver/auth/repository/UserRepository.ts,73,80.8,100.0,False
DERIVED-HIGH,tests/e2e/features/conversations/acp/display/display-streaming.e2e.ts,tests/e2e/features/conversations/acp/display/display-streaming.e2e.ts,78,80.8,70.7,False
DERIVED-HIGH,tests/unit/process/acp/session/ApprovalCache.test.ts,tests/unit/process/acp/session/ApprovalCache.test.ts,36,80.6,100.0,False
DERIVED-HIGH,tests/unit/cookieParsing.test.ts,tests/unit/cookieParsing.test.ts,36,80.6,97.9,False
DERIVED-HIGH,src/common/types/acpTypes.ts,src/common/types/acpTypes.ts,350,80.6,93.6,False
DERIVED-HIGH,tests/unit/renderer/components/markdown/MermaidBlock.dom.test.tsx,tests/unit/renderer/components/markdown/MermaidBlock.dom.test.tsx,82,80.5,100.0,False
DERIVED-HIGH,tests/unit/AgentCard.dom.test.tsx,tests/unit/AgentCard.dom.test.tsx,87,80.5,93.3,False
DERIVED-HIGH,tests/unit/useAutoPreviewOfficeFiles.dom.test.ts,tests/unit/useAutoPreviewOfficeFiles.dom.test.ts,102,80.4,100.0,False
DERIVED-HIGH,tests/unit/readDirectoryRecursive.test.ts,tests/unit/readDirectoryRecursive.test.ts,112,80.4,98.7,False
DERIVED-HIGH,src/renderer/components/chat/sendbox.tsx,src/renderer/components/chat/sendbox.tsx,764,80.4,94.3,False
DERIVED-HIGH,src/renderer/components/agent/ContextUsageIndicator.tsx,src/renderer/components/agent/ContextUsageIndicator.tsx,51,80.4,93.8,False
DERIVED-HIGH,tests/unit/team-workspace-sync.test.ts,tests/unit/team-workspace-sync.test.ts,208,80.3,92.6,False
DERIVED-HIGH,tests/unit/assistantHooks.dom.test.ts,tests/unit/assistantHooks.dom.test.ts,206,80.1,100.0,False
DERIVED-HIGH,tests/unit/OpenClawGatewayManager.test.ts,tests/unit/OpenClawGatewayManager.test.ts,60,80.0,96.6,False
DERIVED-HIGH,src/common/config/appEnv.ts,src/common/config/appEnv.ts,5,80.0,87.5,False
DERIVED-HIGH,tests/unit/assistantUtils.test.ts,tests/unit/assistantUtils.test.ts,195,80.0,86.4,False
DERIVED-HIGH,src/process/extensions/protocol/assetProtocol.ts,src/process/extensions/protocol/assetProtocol.ts,5,80.0,85.7,False
DERIVED-HIGH,src/renderer/pages/settings/AssistantSettings/AssistantListPanel.tsx,src/renderer/pages/settings/AssistantSettings/AssistantListPanel.tsx,145,80.0,81.8,False
DERIVED-HIGH,src/process/services/database/drivers/ISqliteDriver.ts,src/process/services/database/drivers/ISqliteDriver.ts,10,80.0,75.0,False
DERIVED-HIGH,tests/unit/extensions/extensionStorage.test.ts,tests/unit/extensions/extensionStorage.test.ts,84,79.8,100.0,False
DERIVED-HIGH,src/common/types/codex/types/eventData.ts,src/common/types/codex/types/eventData.ts,129,79.8,100.0,False
DERIVED-HIGH,src/renderer/pages/conversation/Messages/components/MessageThinking.tsx,src/renderer/pages/conversation/Messages/components/MessageThinking.tsx,49,79.6,97.7,False
DERIVED-HIGH,tests/unit/process/agent/gemini/stripCodeExecutionBlocks.test.ts,tests/unit/process/agent/gemini/stripCodeExecutionBlocks.test.ts,44,79.5,100.0,False
DERIVED-HIGH,tests/e2e/specs/ext-permissions.e2e.ts,tests/e2e/specs/ext-permissions.e2e.ts,44,79.5,100.0,False
DERIVED-HIGH,src/process/agent/gemini/cli/useReactToolScheduler.ts,src/process/agent/gemini/cli/useReactToolScheduler.ts,127,79.5,100.0,False
DERIVED-HIGH,src/process/task/ThinkTagDetector.ts,src/process/task/ThinkTagDetector.ts,39,79.5,100.0,False
DERIVED-HIGH,src/renderer/pages/conversation/Preview/components/viewers/CodeViewer.tsx,src/renderer/pages/conversation/Preview/components/viewers/CodeViewer.tsx,88,79.5,97.9,False
DERIVED-HIGH,src/process/task/RemoteAgentManager.ts,src/process/task/RemoteAgentManager.ts,127,79.5,88.3,False
DERIVED-HIGH,tests/unit/extensions/envResolver.test.ts,tests/unit/extensions/envResolver.test.ts,39,79.5,76.5,False
DERIVED-HIGH,src/process/services/i18n/index.ts,src/process/services/i18n/index.ts,34,79.4,100.0,False
DERIVED-HIGH,tests/unit/renderer/conversation/TaskDetailPage.dom.test.tsx,tests/unit/renderer/conversation/TaskDetailPage.dom.test.tsx,286,79.4,97.3,False
DERIVED-HIGH,tests/e2e/features/conversations/acp/config/config-options.e2e.ts,tests/e2e/features/conversations/acp/config/config-options.e2e.ts,68,79.4,59.3,False
DERIVED-HIGH,tests/integration/team-real-components.test.ts,tests/integration/team-real-components.test.ts,489,79.3,96.6,False
DERIVED-HIGH,src/process/bridge/fileWatchBridge.ts,src/process/bridge/fileWatchBridge.ts,58,79.3,79.7,False
DERIVED-HIGH,tests/unit/previewEditorKeyRemount.test.ts,tests/unit/previewEditorKeyRemount.test.ts,24,79.2,100.0,False
DERIVED-HIGH,src/process/webserver/auth/repository/RateLimitStore.ts,src/process/webserver/auth/repository/RateLimitStore.ts,24,79.2,100.0,False
DERIVED-HIGH,src/renderer/utils/model/agentModes.ts,src/renderer/utils/model/agentModes.ts,43,79.1,98.0,False
DERIVED-HIGH,src/renderer/pages/settings/components/ApiKeyEditorModal.tsx,src/renderer/pages/settings/components/ApiKeyEditorModal.tsx,91,79.1,93.3,False
DERIVED-HIGH,src/process/team/mcp/team/TeamMcpServer.ts,src/process/team/mcp/team/TeamMcpServer.ts,320,79.1,91.6,False
DERIVED-HIGH,src/renderer/components/agent/AcpConfigSelector.tsx,src/renderer/components/agent/AcpConfigSelector.tsx,76,78.9,93.5,False
DERIVED-HIGH,src/renderer/utils/file/messageFiles.ts,src/renderer/utils/file/messageFiles.ts,19,78.9,92.0,False
DERIVED-HIGH,src/process/agent/nanobot/index.ts,src/process/agent/nanobot/index.ts,33,78.8,100.0,False
DERIVED-HIGH,src/renderer/pages/conversation/GroupedHistory/utils/groupingHelpers.ts,src/renderer/pages/conversation/GroupedHistory/utils/groupingHelpers.ts,66,78.8,88.7,False
DERIVED-HIGH,src/process/services/database/StreamingMessageBuffer.ts,src/process/services/database/StreamingMessageBuffer.ts,47,78.7,100.0,False
DERIVED-HIGH,src/renderer/pages/conversation/GroupedHistory/index.tsx,src/renderer/pages/conversation/GroupedHistory/index.tsx,216,78.7,86.0,False
DERIVED-HIGH,tests/unit/team-permission-sendbox.dom.test.tsx,tests/unit/team-permission-sendbox.dom.test.tsx,117,78.6,100.0,False
DERIVED-HIGH,tests/e2e/specs/ext-acp.e2e.ts,tests/e2e/specs/ext-acp.e2e.ts,28,78.6,100.0,False
DERIVED-HIGH,src/process/services/database/SqliteChannelRepository.ts,src/process/services/database/SqliteChannelRepository.ts,28,78.6,100.0,False
DERIVED-HIGH,src/process/task/NanoBotAgentManager.ts,src/process/task/NanoBotAgentManager.ts,84,78.6,94.8,False
DERIVED-HIGH,src/process/agent/AgentRegistry.ts,src/process/agent/AgentRegistry.ts,112,78.6,86.3,False
DERIVED-HIGH,src/renderer/pages/conversation/Messages/codex/ToolCallComponent/WebSearchDisplay.tsx,src/renderer/pages/conversation/Messages/codex/ToolCallComponent/WebSearchDisplay.tsx,28,78.6,77.8,False
DERIVED-HIGH,src/common/adapter/standalone.ts,src/common/adapter/standalone.ts,14,78.6,66.7,False
DERIVED-HIGH,src/renderer/pages/conversation/Workspace/utils/treeHelpers.ts,src/renderer/pages/conversation/Workspace/utils/treeHelpers.ts,107,78.5,83.1,False
DERIVED-HIGH,tests/e2e/specs/ext-channels.e2e.ts,tests/e2e/specs/ext-channels.e2e.ts,51,78.4,100.0,False
DERIVED-HIGH,src/renderer/pages/conversation/Preview/hooks/useScrollSync.ts,src/renderer/pages/conversation/Preview/hooks/useScrollSync.ts,51,78.4,100.0,False
DERIVED-HIGH,src/renderer/components/agent/ChannelConflictWarning.tsx,src/renderer/components/agent/ChannelConflictWarning.tsx,37,78.4,94.8,False
DERIVED-HIGH,tests/unit/BaseAgentManagerDecouple.test.ts,tests/unit/BaseAgentManagerDecouple.test.ts,120,78.3,100.0,False
DERIVED-HIGH,tests/unit/openai2AnthropicConverter.test.ts,tests/unit/openai2AnthropicConverter.test.ts,23,78.3,100.0,False
DERIVED-HIGH,src/process/services/openclawConflictDetector.ts,src/process/services/openclawConflictDetector.ts,69,78.3,95.5,False
DERIVED-HIGH,src/renderer/utils/workspace/workspace.ts,src/renderer/utils/workspace/workspace.ts,23,78.3,95.0,False
DERIVED-HIGH,src/process/bridge/authBridge.ts,src/process/bridge/authBridge.ts,46,78.3,76.6,False
DERIVED-HIGH,tests/unit/CronCommandDetector.test.ts,tests/unit/CronCommandDetector.test.ts,119,78.2,100.0,False
DERIVED-HIGH,tests/unit/acpModelInfo.test.ts,tests/unit/acpModelInfo.test.ts,55,78.2,100.0,False
DERIVED-HIGH,tests/unit/AcpAgentManagerSkillInjection.test.ts,tests/unit/AcpAgentManagerSkillInjection.test.ts,119,78.2,90.6,False
DERIVED-HIGH,src/renderer/pages/conversation/hooks/useWorkspaceCollapse.ts,src/renderer/pages/conversation/hooks/useWorkspaceCollapse.ts,73,78.1,98.0,False
DERIVED-HIGH,tests/e2e/specs/ext-webui-contrib.e2e.ts,tests/e2e/specs/ext-webui-contrib.e2e.ts,59,78.0,100.0,False
DERIVED-HIGH,tests/unit/acpSessionOwnership.test.ts,tests/unit/acpSessionOwnership.test.ts,82,78.0,97.8,False
DERIVED-HIGH,src/renderer/pages/settings/AgentSettings/AgentCard.tsx,src/renderer/pages/settings/AgentSettings/AgentCard.tsx,59,78.0,89.9,False
DERIVED-HIGH,src/process/services/previewHistoryService.ts,src/process/services/previewHistoryService.ts,91,78.0,87.3,False
DERIVED-HIGH,uno.config.ts,uno.config.ts,68,77.9,100.0,False
DERIVED-HIGH,tests/unit/remoteAgentBridge.test.ts,tests/unit/remoteAgentBridge.test.ts,213,77.9,100.0,False
DERIVED-HIGH,src/renderer/pages/guid/hooks/usePresetAssistantResolver.ts,src/renderer/pages/guid/hooks/usePresetAssistantResolver.ts,68,77.9,93.6,False
DERIVED-HIGH,tests/unit/slashScrollFollow.test.ts,tests/unit/slashScrollFollow.test.ts,9,77.8,100.0,False
DERIVED-HIGH,tests/unit/RemoteSendBox.dom.test.tsx,tests/unit/RemoteSendBox.dom.test.tsx,167,77.8,100.0,False
DERIVED-HIGH,tests/e2e/specs/webui.e2e.ts,tests/e2e/specs/webui.e2e.ts,45,77.8,100.0,False
DERIVED-HIGH,tests/unit/initAgent.skills.test.ts,tests/unit/initAgent.skills.test.ts,153,77.8,98.9,False
DERIVED-HIGH,tests/unit/webserver/cookieOptions.test.ts,tests/unit/webserver/cookieOptions.test.ts,36,77.8,97.8,False
DERIVED-HIGH,src/renderer/hooks/agent/useModelProviderList.ts,src/renderer/hooks/agent/useModelProviderList.ts,63,77.8,86.4,False
DERIVED-HIGH,tests/unit/messageQueue.test.ts,tests/unit/messageQueue.test.ts,94,77.7,100.0,False
DERIVED-HIGH,src/renderer/pages/conversation/Workspace/hooks/useWorkspacePaste.ts,src/renderer/pages/conversation/Workspace/hooks/useWorkspacePaste.ts,112,77.7,99.0,False
DERIVED-HIGH,src/process/webserver/routes/apiRoutes.ts,src/process/webserver/routes/apiRoutes.ts,300,77.7,84.4,False
DERIVED-HIGH,src/renderer/services/PasteService.ts,src/renderer/services/PasteService.ts,116,77.6,95.5,False
DERIVED-HIGH,tests/unit/geminiHooks.dom.test.ts,tests/unit/geminiHooks.dom.test.ts,80,77.5,100.0,False
DERIVED-HIGH,tests/unit/adapterPayloadGuard.test.ts,tests/unit/adapterPayloadGuard.test.ts,62,77.4,93.3,False
DERIVED-HIGH,src/renderer/pages/conversation/Workspace/components/WorkspaceContextMenu.tsx,src/renderer/pages/conversation/Workspace/components/WorkspaceContextMenu.tsx,53,77.4,93.1,False
DERIVED-HIGH,tests/e2e/specs/ext-mcp.e2e.ts,tests/e2e/specs/ext-mcp.e2e.ts,22,77.3,100.0,False
DERIVED-HIGH,tests/unit/analyticsId.test.ts,tests/unit/analyticsId.test.ts,44,77.3,97.7,False
DERIVED-HIGH,src/renderer/utils/chat/autoTitle.ts,src/renderer/utils/chat/autoTitle.ts,22,77.3,95.2,False
DERIVED-HIGH,src/renderer/pages/conversation/Messages/components/MessageCronTrigger.tsx,src/renderer/pages/conversation/Messages/components/MessageCronTrigger.tsx,22,77.3,93.8,False
DERIVED-HIGH,src/renderer/components/settings/LanguageSwitcher.tsx,src/renderer/components/settings/LanguageSwitcher.tsx,22,77.3,88.5,False
DERIVED-HIGH,src/renderer/pages/conversation/Messages/components/TeammateMessageAvatar.tsx,src/renderer/pages/conversation/Messages/components/TeammateMessageAvatar.tsx,22,77.3,85.2,False
DERIVED-HIGH,src/process/bridge/acpConversationBridge.ts,src/process/bridge/acpConversationBridge.ts,114,77.2,96.0,False
DERIVED-HIGH,src/renderer/hooks/system/useProtocolDetection.ts,src/renderer/hooks/system/useProtocolDetection.ts,48,77.1,100.0,False
DERIVED-HIGH,tests/unit/renderer/useAutoScroll.dom.test.tsx,tests/unit/renderer/useAutoScroll.dom.test.tsx,70,77.1,97.4,False
DERIVED-HIGH,src/renderer/components/chat/CollapsibleContent.tsx,src/renderer/components/chat/CollapsibleContent.tsx,70,77.1,96.2,False
DERIVED-HIGH,src/process/webserver/websocket/WebSocketManager.ts,src/process/webserver/websocket/WebSocketManager.ts,96,77.1,87.9,False
DERIVED-HIGH,tests/unit/extensions/fileResolver.test.ts,tests/unit/extensions/fileResolver.test.ts,48,77.1,66.7,False
DERIVED-HIGH,src/process/channels/agent/ChannelMessageService.ts,src/process/channels/agent/ChannelMessageService.ts,134,76.9,93.8,False
DERIVED-HIGH,src/renderer/pages/team/components/agentSelectUtils.tsx,src/renderer/pages/team/components/agentSelectUtils.tsx,39,76.9,91.1,False
DERIVED-HIGH,src/process/task/IAgentManager.ts,src/process/task/IAgentManager.ts,13,76.9,90.5,False
DERIVED-HIGH,src/process/bridge/applicationBridgeCore.ts,src/process/bridge/applicationBridgeCore.ts,26,76.9,87.1,False
DERIVED-HIGH,src/process/utils/configureChromium.ts,src/process/utils/configureChromium.ts,130,76.9,81.7,False
DERIVED-HIGH,src/process/bridge/weixinLoginBridge.ts,src/process/bridge/weixinLoginBridge.ts,13,76.9,80.0,False
DERIVED-HIGH,tests/e2e/features/conversations/acp/session/session-reset-migrate.e2e.ts,tests/e2e/features/conversations/acp/session/session-reset-migrate.e2e.ts,52,76.9,73.7,False
DERIVED-HIGH,tests/unit/acpSessionCapabilities.test.ts,tests/unit/acpSessionCapabilities.test.ts,163,76.7,100.0,False
DERIVED-HIGH,vitest.config.ts,vitest.config.ts,30,76.7,91.4,False
DERIVED-HIGH,src/process/task/OpenClawAgentManager.ts,src/process/task/OpenClawAgentManager.ts,146,76.7,85.0,False
DERIVED-HIGH,src/renderer/components/layout/Titlebar/index.tsx,src/renderer/components/layout/Titlebar/index.tsx,180,76.7,84.4,False
DERIVED-HIGH,tests/unit/extensions/pathSafety.test.ts,tests/unit/extensions/pathSafety.test.ts,30,76.7,70.0,False
DERIVED-HIGH,tests/unit/process/opencodeMcpAgent.test.ts,tests/unit/process/opencodeMcpAgent.test.ts,77,76.6,98.7,False
DERIVED-HIGH,src/renderer/utils/platform.ts,src/renderer/utils/platform.ts,47,76.6,73.8,False
DERIVED-HIGH,tests/unit/customAcpAgentBridge.test.ts,tests/unit/customAcpAgentBridge.test.ts,51,76.5,100.0,False
DERIVED-HIGH,src/renderer/hooks/context/NavigationHistoryContext.tsx,src/renderer/hooks/context/NavigationHistoryContext.tsx,51,76.5,84.6,False
DERIVED-HIGH,vite.renderer.config.ts,vite.renderer.config.ts,51,76.5,83.3,False
DERIVED-HIGH,tests/unit/extensionsBridge.test.ts,tests/unit/extensionsBridge.test.ts,76,76.3,100.0,False
DERIVED-HIGH,tests/unit/weixinLoginHandler.test.ts,tests/unit/weixinLoginHandler.test.ts,59,76.3,98.0,False
DERIVED-HIGH,src/renderer/utils/file/diffUtils.ts,src/renderer/utils/file/diffUtils.ts,42,76.2,100.0,False
DERIVED-HIGH,tests/unit/PptViewer.dom.test.tsx,tests/unit/PptViewer.dom.test.tsx,71,76.1,100.0,False
DERIVED-HIGH,tests/unit/process/acp/session/InputPreprocessor.test.ts,tests/unit/process/acp/session/InputPreprocessor.test.ts,71,76.1,100.0,False
DERIVED-HIGH,src/process/channels/plugins/lark/LarkCards.ts,src/process/channels/plugins/lark/LarkCards.ts,201,76.1,99.3,False
DERIVED-HIGH,src/process/bridge/systemSettingsBridge.ts,src/process/bridge/systemSettingsBridge.ts,71,76.1,83.1,False
DERIVED-HIGH,src/renderer/components/layout/Sider/SiderNav/SiderSearchEntry.tsx,src/renderer/components/layout/Sider/SiderNav/SiderSearchEntry.tsx,25,76.0,100.0,False
DERIVED-HIGH,src/process/bridge/hubBridge.ts,src/process/bridge/hubBridge.ts,25,76.0,100.0,False
DERIVED-HIGH,src/renderer/pages/guid/components/GuidActionRow.tsx,src/renderer/pages/guid/components/GuidActionRow.tsx,125,76.0,91.7,False
DERIVED-HIGH,src/common/update/updateTypes.ts,src/common/update/updateTypes.ts,25,76.0,70.5,False
DERIVED-HIGH,tests/unit/mainWindowCloseHandler.test.ts,tests/unit/mainWindowCloseHandler.test.ts,29,75.9,100.0,False
DERIVED-HIGH,src/common/api/ClientFactory.ts,src/common/api/ClientFactory.ts,58,75.9,97.9,False
DERIVED-HIGH,src/renderer/pages/conversation/components/ConversationChatConfirm.tsx,src/renderer/pages/conversation/components/ConversationChatConfirm.tsx,145,75.9,91.3,False
DERIVED-HIGH,src/renderer/pages/conversation/platforms/gemini/useGeminiMessage.ts,src/renderer/pages/conversation/platforms/gemini/useGeminiMessage.ts,157,75.8,100.0,False
DERIVED-HIGH,tests/unit/ThinkTagDetector.test.ts,tests/unit/ThinkTagDetector.test.ts,231,75.8,98.9,False
DERIVED-HIGH,src/process/services/ccSwitchModelSource.ts,src/process/services/ccSwitchModelSource.ts,120,75.8,91.3,False
DERIVED-HIGH,src/renderer/pages/cron/ScheduledTasksPage/TaskDetailPage.tsx,src/renderer/pages/cron/ScheduledTasksPage/TaskDetailPage.tsx,169,75.7,86.7,False
DERIVED-HIGH,src/renderer/pages/conversation/platforms/gemini/GeminiChat.tsx,src/renderer/pages/conversation/platforms/gemini/GeminiChat.tsx,37,75.7,72.0,False
DERIVED-HIGH,tests/unit/guidAgentHooks.dom.test.ts,tests/unit/guidAgentHooks.dom.test.ts,123,75.6,100.0,False
DERIVED-HIGH,src/common/platform/index.ts,src/common/platform/index.ts,41,75.6,88.5,False
DERIVED-HIGH,src/renderer/components/settings/SettingsModal/contents/channels/ChannelModalContent.tsx,src/renderer/components/settings/SettingsModal/contents/channels/ChannelModalContent.tsx,454,75.6,76.6,False
DERIVED-HIGH,tests/unit/acpApplySessionMode.test.ts,tests/unit/acpApplySessionMode.test.ts,98,75.5,88.0,False
DERIVED-HIGH,src/renderer/pages/guid/hooks/useCustomAgentsLoader.ts,src/renderer/pages/guid/hooks/useCustomAgentsLoader.ts,53,75.5,87.5,False
DERIVED-HIGH,src/renderer/services/SpeechToTextService.ts,src/renderer/services/SpeechToTextService.ts,53,75.5,76.9,False
DERIVED-HIGH,tests/unit/sendboxWarmup.dom.test.ts,tests/unit/sendboxWarmup.dom.test.ts,122,75.4,100.0,False
DERIVED-HIGH,src/process/team/prompts/teammatePrompt.ts,src/process/team/prompts/teammatePrompt.ts,61,75.4,82.0,False
DERIVED-HIGH,src/renderer/pages/conversation/Messages/components/MessageToolGroup.tsx,src/renderer/pages/conversation/Messages/components/MessageToolGroup.tsx,231,75.3,93.5,False
DERIVED-HIGH,src/renderer/pages/settings/ExtensionSettingsPage.tsx,src/renderer/pages/settings/ExtensionSettingsPage.tsx,81,75.3,84.8,False
DERIVED-HIGH,tests/e2e/features/conversations/acp/messaging/msg-inject-hidden.e2e.ts,tests/e2e/features/conversations/acp/messaging/msg-inject-hidden.e2e.ts,73,75.3,64.0,False
DERIVED-HIGH,tests/unit/directoryApi.test.ts,tests/unit/directoryApi.test.ts,157,75.2,100.0,False
DERIVED-HIGH,tests/unit/acpAgentSetModel.test.ts,tests/unit/acpAgentSetModel.test.ts,117,75.2,98.3,False
DERIVED-HIGH,src/renderer/pages/conversation/Preview/components/PreviewPanel/PreviewToolbar.tsx,src/renderer/pages/conversation/Preview/components/PreviewPanel/PreviewToolbar.tsx,117,75.2,96.9,False
DERIVED-HIGH,src/process/services/mcpServices/agents/ClaudeMcpAgent.ts,src/process/services/mcpServices/agents/ClaudeMcpAgent.ts,101,75.2,92.7,False
DERIVED-HIGH,tests/unit/slashCommandController.test.tsx,tests/unit/slashCommandController.test.tsx,24,75.0,100.0,False
DERIVED-HIGH,tests/integration/i18n-performance.test.ts,tests/integration/i18n-performance.test.ts,88,75.0,100.0,False
DERIVED-HIGH,src/common/utils/protocolDetector.ts,src/common/utils/protocolDetector.ts,112,75.0,99.1,False
DERIVED-HIGH,tests/unit/updateBridgeAssetSelection.test.ts,tests/unit/updateBridgeAssetSelection.test.ts,32,75.0,97.8,False
DERIVED-HIGH,tests/unit/agentModes.test.ts,tests/unit/agentModes.test.ts,56,75.0,97.4,False
DERIVED-HIGH,tests/unit/messageFiles.test.ts,tests/unit/messageFiles.test.ts,28,75.0,93.5,False
DERIVED-HIGH,src/process/services/cron/ICronJobExecutor.ts,src/process/services/cron/ICronJobExecutor.ts,8,75.0,91.7,False
DERIVED-HIGH,src/renderer/components/agent/AgentBadge.tsx,src/renderer/components/agent/AgentBadge.tsx,32,75.0,78.6,False
DERIVED-HIGH,src/renderer/pages/conversation/Preview/components/editors/index.ts,src/renderer/pages/conversation/Preview/components/editors/index.ts,4,75.0,75.0,False
DERIVED-HIGH,src/renderer/utils/file/workspaceFs.ts,src/renderer/utils/file/workspaceFs.ts,8,75.0,73.3,False
DERIVED-HIGH,src/renderer/hooks/context/LayoutContext.tsx,src/renderer/hooks/context/LayoutContext.tsx,8,75.0,61.5,False
DERIVED-HIGH,tests/integration/autoUpdate.integration.test.ts,tests/integration/autoUpdate.integration.test.ts,103,74.8,97.9,False
DERIVED-HIGH,src/process/channels/plugins/telegram/TelegramAdapter.ts,src/process/channels/plugins/telegram/TelegramAdapter.ts,130,74.6,80.8,False
DERIVED-HIGH,tests/unit/modelBridge.test.ts,tests/unit/modelBridge.test.ts,51,74.5,100.0,False
DERIVED-HIGH,tests/e2e/features/conversations/acp/messaging/msg-send-basic.e2e.ts,tests/e2e/features/conversations/acp/messaging/msg-send-basic.e2e.ts,55,74.5,58.6,False
DERIVED-HIGH,tests/unit/FeedbackReportModal.dom.test.tsx,tests/unit/FeedbackReportModal.dom.test.tsx,164,74.4,100.0,False
DERIVED-HIGH,tests/unit/InlineAgentEditor.dom.test.tsx,tests/unit/InlineAgentEditor.dom.test.tsx,117,74.4,100.0,False
DERIVED-HIGH,tests/unit/channels/weixinSystemActions.test.ts,tests/unit/channels/weixinSystemActions.test.ts,121,74.4,100.0,False
DERIVED-HIGH,src/renderer/pages/settings/SkillsHubSettings.tsx,src/renderer/pages/settings/SkillsHubSettings.tsx,344,74.4,93.4,False
DERIVED-HIGH,tests/unit/team-migration-v19.test.ts,tests/unit/team-migration-v19.test.ts,70,74.3,94.4,False
DERIVED-HIGH,src/renderer/pages/settings/components/OneClickImportModal.tsx,src/renderer/pages/settings/components/OneClickImportModal.tsx,136,74.3,90.0,False
DERIVED-HIGH,src/common/platform/NodePlatformServices.ts,src/common/platform/NodePlatformServices.ts,35,74.3,86.0,False
DERIVED-HIGH,src/process/acp/compat/LegacyConnectorFactory.ts,src/process/acp/compat/LegacyConnectorFactory.ts,31,74.2,97.5,False
DERIVED-HIGH,src/common/types/teamTypes.ts,src/common/types/teamTypes.ts,31,74.2,80.7,False
DERIVED-HIGH,tests/unit/process/team/leadPrompt.test.ts,tests/unit/process/team/leadPrompt.test.ts,54,74.1,94.4,False
DERIVED-HIGH,src/process/acp/infra/ProcessAcpClient.ts,src/process/acp/infra/ProcessAcpClient.ts,232,74.1,81.5,False
DERIVED-HIGH,tests/unit/acpTimeout.test.ts,tests/unit/acpTimeout.test.ts,200,74.0,100.0,False
DERIVED-HIGH,src/renderer/pages/guid/hooks/useGuidAgentSelection.ts,src/renderer/pages/guid/hooks/useGuidAgentSelection.ts,242,74.0,85.4,False
DERIVED-HIGH,tests/unit/authRoutesStatus.test.ts,tests/unit/authRoutesStatus.test.ts,88,73.9,100.0,False
DERIVED-HIGH,src/renderer/pages/conversation/GroupedHistory/hooks/useConversationListSync.ts,src/renderer/pages/conversation/GroupedHistory/hooks/useConversationListSync.ts,138,73.9,86.5,False
DERIVED-HIGH,src/renderer/hooks/context/ThemeContext.tsx,src/renderer/hooks/context/ThemeContext.tsx,23,73.9,84.6,False
DERIVED-HIGH,src/renderer/pages/conversation/components/WorkspaceCollapse.tsx,src/renderer/pages/conversation/components/WorkspaceCollapse.tsx,19,73.7,92.3,False
DERIVED-HIGH,src/renderer/utils/file/download.ts,src/renderer/utils/file/download.ts,19,73.7,84.0,False
DERIVED-HIGH,src/renderer/pages/conversation/utils/createConversationParams.ts,src/renderer/pages/conversation/utils/createConversationParams.ts,118,73.7,79.8,False
DERIVED-HIGH,src/process/utils/utils.ts,src/process/utils/utils.ts,213,73.7,79.5,False
DERIVED-HIGH,tests/unit/chat/sendboxExport.dom.test.tsx,tests/unit/chat/sendboxExport.dom.test.tsx,129,73.6,100.0,False
DERIVED-HIGH,tests/unit/sendboxAtFileMenu.dom.test.tsx,tests/unit/sendboxAtFileMenu.dom.test.tsx,223,73.5,99.2,False
DERIVED-HIGH,src/process/team/TeamSession.ts,src/process/team/TeamSession.ts,109,73.4,79.1,False
DERIVED-HIGH,tests/integration/team-stress-concurrency.test.ts,tests/integration/team-stress-concurrency.test.ts,427,73.3,90.1,False
DERIVED-HIGH,src/process/utils/deepLink.ts,src/process/utils/deepLink.ts,30,73.3,84.8,False
DERIVED-HIGH,src/process/bridge/dialogBridge.ts,src/process/bridge/dialogBridge.ts,15,73.3,70.8,False
DERIVED-HIGH,tests/e2e/features/conversations/acp/session/session-create-delete.e2e.ts,tests/e2e/features/conversations/acp/session/session-create-delete.e2e.ts,60,73.3,68.7,False
DERIVED-HIGH,tests/unit/agentLogo.test.ts,tests/unit/agentLogo.test.ts,75,73.3,67.7,False
DERIVED-HIGH,src/renderer/components/layout/Sider/SiderItem.tsx,src/renderer/components/layout/Sider/SiderItem.tsx,56,73.2,87.9,False
DERIVED-HIGH,tests/unit/extensions/dependencyResolver.test.ts,tests/unit/extensions/dependencyResolver.test.ts,41,73.2,80.0,False
DERIVED-HIGH,src/process/bridge/windowControlsBridge.ts,src/process/bridge/windowControlsBridge.ts,26,73.1,100.0,False
DERIVED-HIGH,src/process/acp/session/PromptTimer.ts,src/process/acp/session/PromptTimer.ts,26,73.1,100.0,False
DERIVED-HIGH,src/process/acp/errors/errorNormalize.ts,src/process/acp/errors/errorNormalize.ts,52,73.1,90.4,False
DERIVED-HIGH,tests/unit/webserver/authRoutesRefresh.test.ts,tests/unit/webserver/authRoutesRefresh.test.ts,100,73.0,100.0,False
DERIVED-HIGH,src/renderer/components/media/HorizontalFileList.tsx,src/renderer/components/media/HorizontalFileList.tsx,63,73.0,95.5,False
DERIVED-HIGH,src/process/agent/acp/utils.ts,src/process/agent/acp/utils.ts,115,73.0,78.4,False
DERIVED-HIGH,tests/unit/layoutCalc.test.ts,tests/unit/layoutCalc.test.ts,166,72.9,100.0,False
DERIVED-HIGH,tests/integration/hub-install-flow.test.ts,tests/integration/hub-install-flow.test.ts,195,72.8,100.0,False
DERIVED-HIGH,src/renderer/pages/cron/useCronJobs.ts,src/renderer/pages/cron/useCronJobs.ts,191,72.8,88.5,False
DERIVED-HIGH,src/process/webserver/middleware/rateLimiter.ts,src/process/webserver/middleware/rateLimiter.ts,66,72.7,100.0,False
DERIVED-HIGH,tests/unit/webuiStaticRoutes.test.ts,tests/unit/webuiStaticRoutes.test.ts,33,72.7,83.3,False
DERIVED-HIGH,tests/unit/process/acp/session/ConfigTracker.test.ts,tests/unit/process/acp/session/ConfigTracker.test.ts,73,72.6,100.0,False
DERIVED-HIGH,src/renderer/utils/emitter.ts,src/renderer/utils/emitter.ts,62,72.6,65.6,False
DERIVED-HIGH,src/renderer/pages/settings/AssistantSettings/AssistantEditDrawer.tsx,src/renderer/pages/settings/AssistantSettings/AssistantEditDrawer.tsx,287,72.5,95.0,False
DERIVED-HIGH,tests/unit/shellBridge.test.ts,tests/unit/shellBridge.test.ts,142,72.5,90.3,False
DERIVED-HIGH,src/common/platform/ElectronPlatformServices.ts,src/common/platform/ElectronPlatformServices.ts,40,72.5,76.8,False
DERIVED-HIGH,tests/integration/team-mcp-server.test.ts,tests/integration/team-mcp-server.test.ts,412,72.3,99.2,False
DERIVED-HIGH,src/process/acp/runtime/AcpRuntime.ts,src/process/acp/runtime/AcpRuntime.ts,130,72.3,78.7,False
DERIVED-HIGH,tests/unit/process/initStorageMigration.test.ts,tests/unit/process/initStorageMigration.test.ts,90,72.2,100.0,False
DERIVED-HIGH,src/process/task/workerTaskManagerSingleton.ts,src/process/task/workerTaskManagerSingleton.ts,36,72.2,92.9,False
DERIVED-HIGH,src/common/config/presets/assistantPresets.ts,src/common/config/presets/assistantPresets.ts,557,72.2,72.8,False
DERIVED-HIGH,src/process/channels/plugins/BasePlugin.ts,src/process/channels/plugins/BasePlugin.ts,68,72.1,70.4,False
DERIVED-HIGH,tests/unit/renderer/CronJobManager.dom.test.tsx,tests/unit/renderer/CronJobManager.dom.test.tsx,75,72.0,92.0,False
DERIVED-HIGH,tests/unit/CronStore.test.ts,tests/unit/CronStore.test.ts,267,71.9,100.0,False
DERIVED-HIGH,src/renderer/pages/conversation/platforms/gemini/GeminiModelSelector.tsx,src/renderer/pages/conversation/platforms/gemini/GeminiModelSelector.tsx,110,71.8,83.1,False
DERIVED-HIGH,src/process/agent/acp/AcpDetector.ts,src/process/agent/acp/AcpDetector.ts,106,71.7,93.3,False
DERIVED-HIGH,src/renderer/pages/guid/components/PresetAgentTag.tsx,src/renderer/pages/guid/components/PresetAgentTag.tsx,53,71.7,85.7,False
DERIVED-HIGH,src/process/extensions/resolvers/utils/engineValidator.ts,src/process/extensions/resolvers/utils/engineValidator.ts,46,71.7,68.1,False
DERIVED-HIGH,tests/unit/SystemModalContent.dom.test.tsx,tests/unit/SystemModalContent.dom.test.tsx,285,71.6,92.7,False
DERIVED-HIGH,src/renderer/pages/conversation/Messages/components/MessageTips.tsx,src/renderer/pages/conversation/Messages/components/MessageTips.tsx,28,71.4,84.8,False
DERIVED-HIGH,src/renderer/pages/team/components/TeamChatEmptyState.tsx,src/renderer/pages/team/components/TeamChatEmptyState.tsx,112,71.4,77.2,False
DERIVED-HIGH,src/renderer/pages/team/components/TeamAgentIdentity.tsx,src/renderer/pages/team/components/TeamAgentIdentity.tsx,35,71.4,76.0,False
DERIVED-HIGH,src/renderer/hooks/assistant/index.ts,src/renderer/hooks/assistant/index.ts,7,71.4,71.4,False
DERIVED-HIGH,src/process/services/mcpServices/agents/GeminiMcpAgent.ts,src/process/services/mcpServices/agents/GeminiMcpAgent.ts,108,71.3,89.1,False
DERIVED-HIGH,tests/unit/platform/NodePlatformServices.test.ts,tests/unit/platform/NodePlatformServices.test.ts,66,71.2,97.7,False
DERIVED-HIGH,src/process/webserver/config/constants.ts,src/process/webserver/config/constants.ts,66,71.2,94.2,False
DERIVED-HIGH,src/process/channels/gateway/PluginManager.ts,src/process/channels/gateway/PluginManager.ts,139,71.2,82.9,False
DERIVED-HIGH,tests/unit/systemSettingsBridge.test.ts,tests/unit/systemSettingsBridge.test.ts,83,71.1,100.0,False
DERIVED-HIGH,src/process/extensions/index.ts,src/process/extensions/index.ts,38,71.1,84.3,False
DERIVED-HIGH,src/process/acp/compat/AcpAgentV2.ts,src/process/acp/compat/AcpAgentV2.ts,425,71.1,81.8,False
DERIVED-HIGH,tests/e2e/specs/agent-settings-detection.e2e.ts,tests/e2e/specs/agent-settings-detection.e2e.ts,31,71.0,100.0,False
DERIVED-HIGH,src/process/channels/actions/SystemActions.ts,src/process/channels/actions/SystemActions.ts,354,70.9,98.8,False
DERIVED-HIGH,tests/unit/SqliteConversationRepository.test.ts,tests/unit/SqliteConversationRepository.test.ts,75,70.7,71.2,False
DERIVED-HIGH,tests/unit/webserver/csrfClient.dom.test.ts,tests/unit/webserver/csrfClient.dom.test.ts,85,70.6,100.0,False
DERIVED-HIGH,tests/unit/channels/weixinConfigForm.dom.test.tsx,tests/unit/channels/weixinConfigForm.dom.test.tsx,180,70.6,100.0,False
DERIVED-HIGH,src/renderer/hooks/ui/useTextSelection.ts,src/renderer/hooks/ui/useTextSelection.ts,34,70.6,100.0,False
DERIVED-HIGH,src/common/config/i18n.ts,src/common/config/i18n.ts,44,70.5,83.8,False
DERIVED-HIGH,tests/integration/team-stress-tcp.test.ts,tests/integration/team-stress-tcp.test.ts,243,70.4,100.0,False
DERIVED-HIGH,tests/unit/configureChromium.test.ts,tests/unit/configureChromium.test.ts,135,70.4,97.0,False
DERIVED-HIGH,src/process/channels/pairing/PairingService.ts,src/process/channels/pairing/PairingService.ts,142,70.4,96.3,False
DERIVED-HIGH,src/process/channels/types.ts,src/process/channels/types.ts,186,70.4,73.2,False
DERIVED-HIGH,tests/unit/channels/weixinLogin.test.ts,tests/unit/channels/weixinLogin.test.ts,64,70.3,81.7,False
DERIVED-HIGH,src/process/extensions/hub/HubInstaller.ts,src/process/extensions/hub/HubInstaller.ts,148,70.3,78.5,False
DERIVED-HIGH,tests/unit/process/agent/agentRegistryDeduplicate.test.ts,tests/unit/process/agent/agentRegistryDeduplicate.test.ts,107,70.1,100.0,False
DERIVED-HIGH,tests/e2e/specs/hub-backend-install.e2e.ts,tests/e2e/specs/hub-backend-install.e2e.ts,147,70.1,100.0,False
DERIVED-HIGH,src/renderer/pages/conversation/Preview/components/renderers/SelectionToolbar.tsx,src/renderer/pages/conversation/Preview/components/renderers/SelectionToolbar.tsx,30,70.0,100.0,False
DERIVED-HIGH,tests/unit/usePresetAssistantInfo.dom.test.ts,tests/unit/usePresetAssistantInfo.dom.test.ts,73,69.9,100.0,False
DERIVED-HIGH,src/renderer/pages/settings/AgentSettings/LocalAgents.tsx,src/renderer/pages/settings/AgentSettings/LocalAgents.tsx,113,69.9,92.0,False
DERIVED-HIGH,src/renderer/components/settings/SettingsModal/contents/WebuiModalContent.tsx,src/renderer/components/settings/SettingsModal/contents/WebuiModalContent.tsx,503,69.8,83.0,False
DERIVED-HIGH,tests/unit/channelBridge.test.ts,tests/unit/channelBridge.test.ts,152,69.7,78.7,False
DERIVED-HIGH,tests/unit/chat/useAutoTitle.dom.test.tsx,tests/unit/chat/useAutoTitle.dom.test.tsx,46,69.6,82.4,False
DERIVED-HIGH,src/renderer/utils/model/errorDetection.ts,src/renderer/utils/model/errorDetection.ts,46,69.6,75.6,False
DERIVED-HIGH,tests/unit/renderer/platformSendBoxes.dom.test.tsx,tests/unit/renderer/platformSendBoxes.dom.test.tsx,367,69.5,90.6,False
DERIVED-HIGH,src/process/services/mcpServices/agents/QwenMcpAgent.ts,src/process/services/mcpServices/agents/QwenMcpAgent.ts,95,69.5,89.7,False
DERIVED-HIGH,tests/e2e/features/conversations/acp/session/session-stop-reply.e2e.ts,tests/e2e/features/conversations/acp/session/session-stop-reply.e2e.ts,49,69.4,68.7,False
DERIVED-HIGH,src/renderer/pages/conversation/Preview/components/renderers/HTMLRenderer.tsx,src/renderer/pages/conversation/Preview/components/renderers/HTMLRenderer.tsx,277,69.3,87.6,False
DERIVED-HIGH,src/renderer/hooks/chat/useTypingAnimation.ts,src/renderer/hooks/chat/useTypingAnimation.ts,39,69.2,100.0,False
DERIVED-HIGH,src/process/services/cron/CronBusyGuard.ts,src/process/services/cron/CronBusyGuard.ts,52,69.2,78.8,False
DERIVED-HIGH,tests/unit/apiRoutes-resolveUpload.test.ts,tests/unit/apiRoutes-resolveUpload.test.ts,58,69.0,100.0,False
DERIVED-HIGH,tests/unit/useConversations.dom.test.ts,tests/unit/useConversations.dom.test.ts,84,69.0,98.6,False
DERIVED-HIGH,src/process/channels/actions/PlatformActions.ts,src/process/channels/actions/PlatformActions.ts,116,69.0,97.9,False
DERIVED-HIGH,tests/unit/presetAssistantResources.test.ts,tests/unit/presetAssistantResources.test.ts,58,69.0,82.5,False
DERIVED-HIGH,src/renderer/pages/conversation/Preview/components/editors/TextEditor.tsx,src/renderer/pages/conversation/Preview/components/editors/TextEditor.tsx,32,68.8,100.0,False
DERIVED-HIGH,src/common/types/speech.ts,src/common/types/speech.ts,16,68.8,85.7,False
DERIVED-HIGH,src/process/channels/plugins/dingtalk/DingTalkAdapter.ts,src/process/channels/plugins/dingtalk/DingTalkAdapter.ts,147,68.7,81.0,False
DERIVED-HIGH,tests/e2e/features/conversations/acp/reliability/reliability-recovery.e2e.ts,tests/e2e/features/conversations/acp/reliability/reliability-recovery.e2e.ts,134,68.7,56.9,False
DERIVED-HIGH,tests/e2e/features/conversations/acp/session/session-reconnect-idle.e2e.ts,tests/e2e/features/conversations/acp/session/session-reconnect-idle.e2e.ts,51,68.6,55.1,False
DERIVED-HIGH,src/renderer/components/settings/SettingsModal/contents/SystemModalContent/index.tsx,src/renderer/components/settings/SettingsModal/contents/SystemModalContent/index.tsx,254,68.5,74.9,False
DERIVED-HIGH,src/renderer/pages/guid/hooks/useGuidSend.ts,src/renderer/pages/guid/hooks/useGuidSend.ts,225,68.4,89.4,False
DERIVED-HIGH,src/process/services/database/schema.ts,src/process/services/database/schema.ts,79,68.4,80.0,False
DERIVED-HIGH,src/renderer/hooks/context/ConversationContext.tsx,src/renderer/hooks/context/ConversationContext.tsx,19,68.4,69.0,False
DERIVED-HIGH,tests/unit/process/bridge/fsBridge.readFile.test.ts,tests/unit/process/bridge/fsBridge.readFile.test.ts,123,68.3,81.1,False
DERIVED-HIGH,tests/e2e/features/conversations/acp/session/session-connect-status.e2e.ts,tests/e2e/features/conversations/acp/session/session-connect-status.e2e.ts,60,68.3,63.8,False
DERIVED-HIGH,src/renderer/pages/conversation/components/ChatSider.tsx,src/renderer/pages/conversation/components/ChatSider.tsx,22,68.2,100.0,False
DERIVED-HIGH,tests/e2e/features/conversations/acp/config/config-model.e2e.ts,tests/e2e/features/conversations/acp/config/config-model.e2e.ts,107,68.2,60.7,False
DERIVED-HIGH,src/process/channels/core/SessionManager.ts,src/process/channels/core/SessionManager.ts,94,68.1,91.4,False
DERIVED-HIGH,tests/unit/WebSocketManager.test.ts,tests/unit/WebSocketManager.test.ts,50,68.0,94.9,False
DERIVED-HIGH,tests/e2e/features/conversations/acp/skills/skills-inject.e2e.ts,tests/e2e/features/conversations/acp/skills/skills-inject.e2e.ts,97,68.0,55.9,False
DERIVED-HIGH,tests/unit/MarqueePillLabel.dom.test.tsx,tests/unit/MarqueePillLabel.dom.test.tsx,90,67.8,100.0,False
DERIVED-HIGH,src/renderer/pages/cron/ScheduledTasksPage/index.tsx,src/renderer/pages/cron/ScheduledTasksPage/index.tsx,118,67.8,77.9,False
DERIVED-HIGH,tests/unit/channels/weixinMonitor.test.ts,tests/unit/channels/weixinMonitor.test.ts,279,67.7,99.5,False
DERIVED-HIGH,src/process/task/CronCommandDetector.ts,src/process/task/CronCommandDetector.ts,65,67.7,82.1,False
DERIVED-HIGH,tests/unit/process/acp/session/AuthNegotiator.test.ts,tests/unit/process/acp/session/AuthNegotiator.test.ts,74,67.6,100.0,False
DERIVED-HIGH,tests/unit/WorkerTaskManager.test.ts,tests/unit/WorkerTaskManager.test.ts,123,67.5,93.6,False
DERIVED-HIGH,tests/unit/errorDetection.test.ts,tests/unit/errorDetection.test.ts,154,67.5,63.9,False
DERIVED-HIGH,tests/unit/useScrollSync.dom.test.ts,tests/unit/useScrollSync.dom.test.ts,86,67.4,100.0,False
DERIVED-HIGH,tests/e2e/specs/guid-agent-selection.e2e.ts,tests/e2e/specs/guid-agent-selection.e2e.ts,104,67.3,98.6,False
DERIVED-HIGH,src/renderer/components/media/FileAttachButton.tsx,src/renderer/components/media/FileAttachButton.tsx,49,67.3,84.1,False
DERIVED-HIGH,tests/unit/deepLink.test.ts,tests/unit/deepLink.test.ts,58,67.2,97.8,False
DERIVED-HIGH,src/process/channels/gateway/ActionExecutor.ts,src/process/channels/gateway/ActionExecutor.ts,384,67.2,84.9,False
DERIVED-HIGH,tests/unit/openClawAgentDuplicate.test.ts,tests/unit/openClawAgentDuplicate.test.ts,94,67.0,100.0,False
DERIVED-HIGH,tests/unit/chat/useExport.dom.test.tsx,tests/unit/chat/useExport.dom.test.tsx,136,66.9,100.0,False
DERIVED-HIGH,tests/unit/renderer/SpeechInputButton.dom.test.tsx,tests/unit/renderer/SpeechInputButton.dom.test.tsx,148,66.9,90.6,False
DERIVED-HIGH,tests/unit/mcpReadiness.test.ts,tests/unit/mcpReadiness.test.ts,42,66.7,100.0,False
DERIVED-HIGH,tests/unit/safeExec.test.ts,tests/unit/safeExec.test.ts,60,66.7,100.0,False
DERIVED-HIGH,tests/e2e/specs/ext-skills.e2e.ts,tests/e2e/specs/ext-skills.e2e.ts,18,66.7,100.0,False
DERIVED-HIGH,src/renderer/hooks/chat/useAutoScroll.ts,src/renderer/hooks/chat/useAutoScroll.ts,15,66.7,100.0,False
DERIVED-HIGH,tests/unit/renderer/conversation/SkillSuggestCard.dom.test.tsx,tests/unit/renderer/conversation/SkillSuggestCard.dom.test.tsx,120,66.7,98.0,False
DERIVED-HIGH,tests/unit/extensions/entryPointResolver.test.ts,tests/unit/extensions/entryPointResolver.test.ts,21,66.7,83.3,False
DERIVED-HIGH,src/renderer/pages/team/hooks/useTeamList.ts,src/renderer/pages/team/hooks/useTeamList.ts,18,66.7,80.0,False
DERIVED-HIGH,src/process/services/mcpServices/agents/CodexMcpAgent.ts,src/process/services/mcpServices/agents/CodexMcpAgent.ts,141,66.7,78.8,False
DERIVED-HIGH,tests/unit/common/i18n-config.test.ts,tests/unit/common/i18n-config.test.ts,6,66.7,76.9,False
DERIVED-HIGH,src/process/bridge/updateBridge.ts,src/process/bridge/updateBridge.ts,363,66.7,74.9,False
DERIVED-HIGH,src/common/config/constants.ts,src/common/config/constants.ts,12,66.7,70.6,False
DERIVED-HIGH,src/process/channels/plugins/wecom/WecomPlugin.ts,src/process/channels/plugins/wecom/WecomPlugin.ts,279,66.3,81.4,False
DERIVED-HIGH,tests/unit/conversationBridge.tray.test.ts,tests/unit/conversationBridge.tray.test.ts,136,66.2,79.7,False
DERIVED-HIGH,tests/unit/channels/weixinTyping.test.ts,tests/unit/channels/weixinTyping.test.ts,127,66.1,100.0,False
DERIVED-HIGH,tests/unit/cronBridge.test.ts,tests/unit/cronBridge.test.ts,171,66.1,90.0,False
DERIVED-HIGH,tests/unit/acpConversationBridge.test.ts,tests/unit/acpConversationBridge.test.ts,112,66.1,79.8,False
DERIVED-HIGH,src/process/bridge/pptPreviewBridge.ts,src/process/bridge/pptPreviewBridge.ts,97,66.0,75.0,False
DERIVED-HIGH,src/process/agent/acp/acpConnectors.ts,src/process/agent/acp/acpConnectors.ts,240,65.8,87.3,False
DERIVED-HIGH,tests/unit/fsBridge.skills.test.ts,tests/unit/fsBridge.skills.test.ts,473,65.8,82.5,False
DERIVED-HIGH,tests/unit/createConversationParams.test.ts,tests/unit/createConversationParams.test.ts,134,65.7,93.1,False
DERIVED-HIGH,tests/e2e/features/conversations/acp/display/display-tools-plan.e2e.ts,tests/e2e/features/conversations/acp/display/display-tools-plan.e2e.ts,99,65.7,71.8,False
DERIVED-HIGH,src/process/team/repository/ITeamRepository.ts,src/process/team/repository/ITeamRepository.ts,35,65.7,64.2,False
DERIVED-HIGH,src/renderer/components/layout/Sider/SiderNav/SiderToolbar.tsx,src/renderer/components/layout/Sider/SiderNav/SiderToolbar.tsx,32,65.6,95.6,False
DERIVED-HIGH,src/renderer/pages/conversation/hooks/ConversationTabsContext.tsx,src/renderer/pages/conversation/hooks/ConversationTabsContext.tsx,96,65.6,77.5,False
DERIVED-HIGH,tests/unit/geminiWorkspaceRecovery.test.ts,tests/unit/geminiWorkspaceRecovery.test.ts,29,65.5,100.0,False
DERIVED-HIGH,tests/e2e/specs/ext-themes-stability.e2e.ts,tests/e2e/specs/ext-themes-stability.e2e.ts,58,65.5,100.0,False
DERIVED-HIGH,tests/unit/renderer/conversation/ScheduledTasksPage.dom.test.tsx,tests/unit/renderer/conversation/ScheduledTasksPage.dom.test.tsx,310,65.5,93.1,False
DERIVED-HIGH,tests/unit/previewFileWatch.dom.test.ts,tests/unit/previewFileWatch.dom.test.ts,95,65.3,100.0,False
DERIVED-HIGH,tests/unit/aionMcpServer.test.ts,tests/unit/aionMcpServer.test.ts,196,65.3,95.6,False
DERIVED-HIGH,tests/integration/process/acp/session/AcpSession.lifecycle.test.ts,tests/integration/process/acp/session/AcpSession.lifecycle.test.ts,121,65.3,86.4,False
DERIVED-HIGH,tests/unit/channels/weixinPluginActions.test.ts,tests/unit/channels/weixinPluginActions.test.ts,92,65.2,98.5,False
DERIVED-HIGH,tests/unit/common/useConversationShortcuts.dom.test.tsx,tests/unit/common/useConversationShortcuts.dom.test.tsx,86,65.1,100.0,False
DERIVED-HIGH,src/process/webserver/index.ts,src/process/webserver/index.ts,146,65.1,78.6,False
DERIVED-HIGH,tests/unit/process/initStorage.writeFile.test.ts,tests/unit/process/initStorage.writeFile.test.ts,20,65.0,96.9,False
DERIVED-HIGH,src/process/extensions/constants.ts,src/process/extensions/constants.ts,60,65.0,73.1,False
DERIVED-HIGH,src/renderer/components/layout/Sider/TeamSiderSection.tsx,src/renderer/components/layout/Sider/TeamSiderSection.tsx,148,64.9,75.9,False
DERIVED-HIGH,tests/unit/extensions/statePersistence.test.ts,tests/unit/extensions/statePersistence.test.ts,91,64.8,94.5,False
DERIVED-HIGH,src/renderer/pages/conversation/Preview/components/PreviewPanel/PreviewPanel.tsx,src/renderer/pages/conversation/Preview/components/PreviewPanel/PreviewPanel.tsx,372,64.8,86.2,False
DERIVED-HIGH,src/renderer/services/FileService.ts,src/renderer/services/FileService.ts,122,64.8,83.8,False
DERIVED-HIGH,src/process/services/database/SqliteConversationRepository.ts,src/process/services/database/SqliteConversationRepository.ts,51,64.7,81.0,False
DERIVED-HIGH,src/process/utils/shellEnv.ts,src/process/utils/shellEnv.ts,404,64.6,75.8,False
DERIVED-HIGH,src/process/channels/plugins/lark/LarkAdapter.ts,src/process/channels/plugins/lark/LarkAdapter.ts,152,64.5,72.9,False
DERIVED-HIGH,tests/unit/channels/channelSendProtocol.test.ts,tests/unit/channels/channelSendProtocol.test.ts,87,64.4,97.1,False
DERIVED-HIGH,src/renderer/pages/conversation/Preview/components/editors/MarkdownEditor.tsx,src/renderer/pages/conversation/Preview/components/editors/MarkdownEditor.tsx,28,64.3,100.0,False
DERIVED-HIGH,tests/unit/common/appEnv.test.ts,tests/unit/common/appEnv.test.ts,14,64.3,95.0,False
DERIVED-HIGH,src/renderer/utils/workspace/workspaceEvents.ts,src/renderer/utils/workspace/workspaceEvents.ts,14,64.3,94.4,False
DERIVED-HIGH,src/process/bridge/conversationBridge.ts,src/process/bridge/conversationBridge.ts,339,64.3,72.7,False
DERIVED-HIGH,src/renderer/pages/login/index.tsx,src/renderer/pages/login/index.tsx,128,64.1,88.6,False
DERIVED-HIGH,tests/unit/AgentPillBar.dom.test.tsx,tests/unit/AgentPillBar.dom.test.tsx,119,63.9,82.8,False
DERIVED-HIGH,tests/unit/process/acp/compat/LegacyConnectorFactory.test.ts,tests/unit/process/acp/compat/LegacyConnectorFactory.test.ts,94,63.8,89.9,False
DERIVED-HIGH,tests/unit/applicationBridge.test.ts,tests/unit/applicationBridge.test.ts,143,63.6,86.1,False
DERIVED-HIGH,src/renderer/pages/conversation/Preview/fileUtils.ts,src/renderer/pages/conversation/Preview/fileUtils.ts,33,63.6,72.0,False
DERIVED-HIGH,tests/e2e/features/conversations/acp/display/display-commands.e2e.ts,tests/e2e/features/conversations/acp/display/display-commands.e2e.ts,118,63.6,65.5,False
DERIVED-HIGH,tests/unit/chat/useConversationExport.dom.test.tsx,tests/unit/chat/useConversationExport.dom.test.tsx,142,63.4,100.0,False
DERIVED-HIGH,tests/e2e/features/conversations/acp/reliability/reliability-timeout.e2e.ts,tests/e2e/features/conversations/acp/reliability/reliability-timeout.e2e.ts,79,63.3,62.5,False
DERIVED-HIGH,src/renderer/services/i18n/locales/tr-TR/index.ts,src/renderer/services/i18n/locales/tr-TR/index.ts,30,63.3,52.6,False
DERIVED-HIGH,src/renderer/services/i18n/locales/ru-RU/index.ts,src/renderer/services/i18n/locales/ru-RU/index.ts,30,63.3,52.6,False
DERIVED-HIGH,src/renderer/services/i18n/locales/ja-JP/index.ts,src/renderer/services/i18n/locales/ja-JP/index.ts,30,63.3,52.6,False
DERIVED-HIGH,src/renderer/services/i18n/locales/zh-CN/index.ts,src/renderer/services/i18n/locales/zh-CN/index.ts,30,63.3,52.6,False
DERIVED-HIGH,src/renderer/services/i18n/locales/zh-TW/index.ts,src/renderer/services/i18n/locales/zh-TW/index.ts,30,63.3,52.6,False
DERIVED-HIGH,src/renderer/services/i18n/locales/ko-KR/index.ts,src/renderer/services/i18n/locales/ko-KR/index.ts,30,63.3,52.6,False
DERIVED-HIGH,src/renderer/services/i18n/locales/uk-UA/index.ts,src/renderer/services/i18n/locales/uk-UA/index.ts,30,63.3,52.6,False
DERIVED-HIGH,tests/unit/minimapPanel.dom.test.ts,tests/unit/minimapPanel.dom.test.ts,106,63.2,100.0,False
DERIVED-HIGH,tests/unit/RemoteAgentCore.test.ts,tests/unit/RemoteAgentCore.test.ts,608,63.2,100.0,False
DERIVED-HIGH,src/renderer/pages/conversation/Messages/components/MessagePlan.tsx,src/renderer/pages/conversation/Messages/components/MessagePlan.tsx,19,63.2,75.0,False
DERIVED-HIGH,src/process/services/database/drivers/BunSqliteDriver.ts,src/process/services/database/drivers/BunSqliteDriver.ts,35,62.9,48.6,False
DERIVED-HIGH,tests/unit/process/acp/compat/typeBridge.test.ts,tests/unit/process/acp/compat/typeBridge.test.ts,183,62.8,94.1,False
DERIVED-HIGH,tests/unit/extensions/extensionLoader.test.ts,tests/unit/extensions/extensionLoader.test.ts,67,62.7,74.4,False
DERIVED-HIGH,tests/e2e/features/conversations/acp/messaging/msg-history-btw.e2e.ts,tests/e2e/features/conversations/acp/messaging/msg-history-btw.e2e.ts,67,62.7,58.8,False
DERIVED-HIGH,tests/unit/chat/messageToolGroupSummary.dom.test.tsx,tests/unit/chat/messageToolGroupSummary.dom.test.tsx,48,62.5,100.0,False
DERIVED-HIGH,src/renderer/pages/settings/WebuiSettings.tsx,src/renderer/pages/settings/WebuiSettings.tsx,8,62.5,80.0,False
DERIVED-HIGH,src/renderer/pages/conversation/GroupedHistory/ConversationRow.tsx,src/renderer/pages/conversation/GroupedHistory/ConversationRow.tsx,136,62.5,78.8,False
DERIVED-HIGH,tests/unit/SkillSuggestWatcher.test.ts,tests/unit/SkillSuggestWatcher.test.ts,106,62.3,100.0,False
DERIVED-HIGH,src/process/channels/plugins/telegram/TelegramPlugin.ts,src/process/channels/plugins/telegram/TelegramPlugin.ts,281,62.3,77.3,False
DERIVED-HIGH,src/process/extensions/lifecycle/statePersistence.ts,src/process/extensions/lifecycle/statePersistence.ts,95,62.1,82.4,False
DERIVED-HIGH,src/renderer/main.tsx,src/renderer/main.tsx,66,62.1,65.1,False
DERIVED-HIGH,src/process/extensions/types.ts,src/process/extensions/types.ts,321,62.0,78.6,False
DERIVED-HIGH,src/renderer/components/settings/SettingsModal/contents/ExtensionSettingsTabContent.tsx,src/renderer/components/settings/SettingsModal/contents/ExtensionSettingsTabContent.tsx,71,62.0,73.6,False
DERIVED-HIGH,tests/e2e/features/conversations/acp/permissions/perm-init.e2e.ts,tests/e2e/features/conversations/acp/permissions/perm-init.e2e.ts,92,62.0,65.6,False
DERIVED-HIGH,src/renderer/hooks/assistant/useAssistantEditor.ts,src/renderer/hooks/assistant/useAssistantEditor.ts,210,61.9,86.2,False
DERIVED-HIGH,src/process/channels/plugins/weixin/WeixinPlugin.ts,src/process/channels/plugins/weixin/WeixinPlugin.ts,178,61.8,67.4,False
DERIVED-HIGH,src/process/services/cron/CronService.ts,src/process/services/cron/CronService.ts,394,61.7,74.4,False
DERIVED-HIGH,src/process/services/ConversationServiceImpl.ts,src/process/services/ConversationServiceImpl.ts,120,61.7,67.5,False
DERIVED-HIGH,tests/unit/channels/channelMessageService.test.ts,tests/unit/channels/channelMessageService.test.ts,172,61.6,100.0,False
DERIVED-HIGH,src/renderer/pages/cron/ScheduledTasksPage/CreateTaskDialog.tsx,src/renderer/pages/cron/ScheduledTasksPage/CreateTaskDialog.tsx,477,61.6,79.1,False
DERIVED-HIGH,src/process/utils/configMigration.ts,src/process/utils/configMigration.ts,65,61.5,96.7,False
DERIVED-HIGH,src/process/bridge/modelBridge.ts,src/process/bridge/modelBridge.ts,589,61.5,81.3,False
DERIVED-HIGH,tests/unit/renderer/useSpeechInput.test.ts,tests/unit/renderer/useSpeechInput.test.ts,145,61.4,86.5,False
DERIVED-HIGH,tests/unit/renderer/team-renderer.dom.test.tsx,tests/unit/renderer/team-renderer.dom.test.tsx,246,61.4,78.1,False
DERIVED-HIGH,src/renderer/components/layout/Layout.tsx,src/renderer/components/layout/Layout.tsx,332,61.4,71.0,False
DERIVED-HIGH,src/renderer/pages/settings/AssistantSettings/assistantUtils.ts,src/renderer/pages/settings/AssistantSettings/assistantUtils.ts,119,61.3,65.1,False
DERIVED-HIGH,src/renderer/services/i18n/locales/en-US/index.ts,src/renderer/services/i18n/locales/en-US/index.ts,31,61.3,50.0,False
DERIVED-HIGH,tests/unit/PasteService.dom.test.ts,tests/unit/PasteService.dom.test.ts,116,61.2,78.5,False
DERIVED-HIGH,tests/unit/acpAdapter.test.ts,tests/unit/acpAdapter.test.ts,131,61.1,100.0,False
DERIVED-HIGH,src/renderer/hooks/chat/useAutoTitle.ts,src/renderer/hooks/chat/useAutoTitle.ts,36,61.1,85.0,False
DERIVED-HIGH,src/renderer/hooks/system/useDeepLink.ts,src/renderer/hooks/system/useDeepLink.ts,36,61.1,82.4,False
DERIVED-HIGH,src/renderer/pages/conversation/Messages/hooks.ts,src/renderer/pages/conversation/Messages/hooks.ts,225,60.9,85.9,False
DERIVED-HIGH,src/process/channels/plugins/wecom/WecomCrypto.ts,src/process/channels/plugins/wecom/WecomCrypto.ts,46,60.9,76.6,False
DERIVED-HIGH,tests/unit/acpMcpInjection.test.ts,tests/unit/acpMcpInjection.test.ts,265,60.8,95.6,False
DERIVED-HIGH,tests/e2e/helpers/navigation.ts,tests/e2e/helpers/navigation.ts,51,60.8,72.3,False
DERIVED-HIGH,tests/unit/channelConversation-import.test.ts,tests/unit/channelConversation-import.test.ts,66,60.6,100.0,False
DERIVED-HIGH,tests/e2e/features/conversations/acp/permissions/perm-approval.e2e.ts,tests/e2e/features/conversations/acp/permissions/perm-approval.e2e.ts,103,60.2,55.9,False
DERIVED-HIGH,tests/unit/getNpxCacheDir.test.ts,tests/unit/getNpxCacheDir.test.ts,75,60.0,97.7,False
DERIVED-HIGH,src/renderer/components/base/ModalWrapper.tsx,src/renderer/components/base/ModalWrapper.tsx,15,60.0,83.3,False
DERIVED-HIGH,tests/unit/shellBridgeStandalone.test.ts,tests/unit/shellBridgeStandalone.test.ts,85,60.0,83.1,False
DERIVED-HIGH,tests/unit/FilePreview.dom.test.tsx,tests/unit/FilePreview.dom.test.tsx,75,60.0,79.5,False
DERIVED-HIGH,tests/unit/workspaceUtils.test.ts,tests/unit/workspaceUtils.test.ts,15,60.0,73.9,False
DERIVED-HIGH,tests/unit/webserver/authServiceConstantTimeVerify.test.ts,tests/unit/webserver/authServiceConstantTimeVerify.test.ts,15,60.0,73.1,False
DERIVED-HIGH,src/process/channels/plugins/dingtalk/DingTalkPlugin.ts,src/process/channels/plugins/dingtalk/DingTalkPlugin.ts,392,59.9,79.1,False
DERIVED-HIGH,src/renderer/components/settings/UpdateModal.tsx,src/renderer/components/settings/UpdateModal.tsx,267,59.9,76.7,False
DERIVED-HIGH,src/process/services/database/types.ts,src/process/services/database/types.ts,92,59.8,75.4,False
DERIVED-HIGH,tests/unit/renderer/services/registerPwa.dom.test.ts,tests/unit/renderer/services/registerPwa.dom.test.ts,52,59.6,100.0,False
DERIVED-HIGH,tests/unit/process/services/ccSwitchModelSource.test.ts,tests/unit/process/services/ccSwitchModelSource.test.ts,104,59.6,94.4,False
DERIVED-HIGH,src/renderer/components/layout/Sider/index.tsx,src/renderer/components/layout/Sider/index.tsx,109,59.6,78.6,False
DERIVED-HIGH,tests/e2e/features/conversations/acp/display/display-agents-health.e2e.ts,tests/e2e/features/conversations/acp/display/display-agents-health.e2e.ts,74,59.5,40.8,False
DERIVED-HIGH,src/process/webserver/auth/service/AuthService.ts,src/process/webserver/auth/service/AuthService.ts,229,59.4,72.6,False
DERIVED-HIGH,tests/unit/process/utils/initBridgeStandalone.test.ts,tests/unit/process/utils/initBridgeStandalone.test.ts,155,59.4,56.4,False
DERIVED-HIGH,tests/unit/hubInstaller.test.ts,tests/unit/hubInstaller.test.ts,214,59.3,78.1,False
DERIVED-HIGH,tests/e2e/features/conversations/acp/permissions/perm-yolo.e2e.ts,tests/e2e/features/conversations/acp/permissions/perm-yolo.e2e.ts,110,59.1,71.0,False
DERIVED-HIGH,src/renderer/pages/conversation/Messages/MessageList.tsx,src/renderer/pages/conversation/Messages/MessageList.tsx,308,59.1,70.7,False
DERIVED-HIGH,tests/unit/webuiChangeUsername.test.ts,tests/unit/webuiChangeUsername.test.ts,166,59.0,100.0,False
DERIVED-HIGH,src/common/utils/modelCapabilities.ts,src/common/utils/modelCapabilities.ts,34,58.8,83.0,False
DERIVED-HIGH,src/process/channels/plugins/lark/LarkPlugin.ts,src/process/channels/plugins/lark/LarkPlugin.ts,289,58.8,68.7,False
DERIVED-HIGH,src/renderer/pages/conversation/Messages/components/MessageText.tsx,src/renderer/pages/conversation/Messages/components/MessageText.tsx,177,58.8,58.7,False
DERIVED-HIGH,src/process/bridge/officeWatchBridge.ts,src/process/bridge/officeWatchBridge.ts,128,58.6,76.5,False
DERIVED-HIGH,src/process/task/AcpSkillManager.ts,src/process/task/AcpSkillManager.ts,203,58.6,68.8,False
DERIVED-HIGH,tests/e2e/specs/assistant-settings-skills.e2e.ts,tests/e2e/specs/assistant-settings-skills.e2e.ts,142,58.5,100.0,False
DERIVED-HIGH,src/renderer/pages/conversation/platforms/acp/useAcpMessage.ts,src/renderer/pages/conversation/platforms/acp/useAcpMessage.ts,190,58.4,82.0,False
DERIVED-HIGH,src/renderer/hooks/mcp/useMcpOperations.ts,src/renderer/hooks/mcp/useMcpOperations.ts,89,58.4,78.8,False
DERIVED-HIGH,src/process/webserver/auth/middleware/AuthMiddleware.ts,src/process/webserver/auth/middleware/AuthMiddleware.ts,60,58.3,80.6,False
DERIVED-HIGH,tests/unit/acpAgentManagerCronGuard.test.ts,tests/unit/acpAgentManagerCronGuard.test.ts,156,58.3,75.5,False
DERIVED-HIGH,src/process/task/IWorkerTaskManager.ts,src/process/task/IWorkerTaskManager.ts,12,58.3,57.9,False
DERIVED-HIGH,tests/unit/latexDelimiters.test.ts,tests/unit/latexDelimiters.test.ts,72,58.3,53.6,False
DERIVED-HIGH,tests/unit/WorkerTaskManagerJobExecutor.test.ts,tests/unit/WorkerTaskManagerJobExecutor.test.ts,162,58.0,97.6,False
DERIVED-HIGH,src/process/bridge/fsBridge.ts,src/process/bridge/fsBridge.ts,797,57.7,79.8,False
DERIVED-HIGH,tests/unit/download.dom.test.ts,tests/unit/download.dom.test.ts,59,57.6,81.4,False
DERIVED-HIGH,tests/unit/renderer/conversation/CronJobSiderSection.dom.test.tsx,tests/unit/renderer/conversation/CronJobSiderSection.dom.test.tsx,115,57.4,98.0,False
DERIVED-HIGH,tests/vitest.dom.setup.ts,tests/vitest.dom.setup.ts,47,57.4,66.1,False
DERIVED-HIGH,tests/unit/claudeMcpAgent.test.ts,tests/unit/claudeMcpAgent.test.ts,14,57.1,88.9,False
DERIVED-HIGH,src/renderer/pages/guid/hooks/agentSelectionUtils.ts,src/renderer/pages/guid/hooks/agentSelectionUtils.ts,28,57.1,74.1,False
DERIVED-HIGH,src/process/utils/safeExec.ts,src/process/utils/safeExec.ts,53,56.6,97.0,False
DERIVED-HIGH,tests/unit/webuiQR.test.ts,tests/unit/webuiQR.test.ts,53,56.6,84.8,False
DERIVED-HIGH,tests/unit/team-TeamMcpServer.test.ts,tests/unit/team-TeamMcpServer.test.ts,399,56.6,84.2,False
DERIVED-HIGH,src/process/task/GeminiAgentManager.ts,src/process/task/GeminiAgentManager.ts,641,56.6,67.8,False
DERIVED-HIGH,src/process/services/database/index.ts,src/process/services/database/index.ts,589,56.4,77.4,False
DERIVED-HIGH,src/process/services/mcpServices/McpProtocol.ts,src/process/services/mcpServices/McpProtocol.ts,174,56.3,76.7,False
DERIVED-HIGH,tests/unit/renderer/groupingHelpers.test.ts,tests/unit/renderer/groupingHelpers.test.ts,194,56.2,79.5,False
DERIVED-HIGH,tests/unit/autoUpdaterService.test.ts,tests/unit/autoUpdaterService.test.ts,269,56.1,86.4,False
DERIVED-HIGH,tests/e2e/specs/ext-settings-tabs.e2e.ts,tests/e2e/specs/ext-settings-tabs.e2e.ts,77,55.8,95.5,False
DERIVED-HIGH,electron.vite.config.ts,electron.vite.config.ts,104,55.8,85.0,False
DERIVED-HIGH,src/renderer/components/layout/Sider/SiderNav/SiderScheduledEntry.tsx,src/renderer/components/layout/Sider/SiderNav/SiderScheduledEntry.tsx,27,55.6,86.8,False
DERIVED-HIGH,tests/unit/JsonImportModal.dom.test.tsx,tests/unit/JsonImportModal.dom.test.tsx,108,55.6,84.1,False
DERIVED-HIGH,src/process/utils/initBridgeStandalone.ts,src/process/utils/initBridgeStandalone.ts,94,55.3,55.0,False
DERIVED-HIGH,tests/unit/chatLayoutHooks.dom.test.ts,tests/unit/chatLayoutHooks.dom.test.ts,212,55.2,86.0,False
DERIVED-HIGH,tests/unit/SettingsPageWrapper.test.ts,tests/unit/SettingsPageWrapper.test.ts,29,55.2,40.0,False
DERIVED-HIGH,tests/unit/extensions/sandboxHost.test.ts,tests/unit/extensions/sandboxHost.test.ts,158,55.1,100.0,False
DERIVED-HIGH,src/common/api/GeminiRotatingClient.ts,src/common/api/GeminiRotatingClient.ts,69,55.1,67.6,False
DERIVED-HIGH,tests/unit/process/acp/session/PromptTimer.test.ts,tests/unit/process/acp/session/PromptTimer.test.ts,40,55.0,100.0,False
DERIVED-HIGH,tests/unit/guidAgentSelection.dom.test.ts,tests/unit/guidAgentSelection.dom.test.ts,191,55.0,86.0,False
DERIVED-HIGH,tests/e2e/specs/conversation-full-cycle.e2e.ts,tests/e2e/specs/conversation-full-cycle.e2e.ts,366,54.9,85.0,False
DERIVED-HIGH,tests/unit/renderer/conversation/useConversationAgents.dom.test.ts,tests/unit/renderer/conversation/useConversationAgents.dom.test.ts,155,54.8,75.7,False
DERIVED-HIGH,src/renderer/pages/team/TeamPage.tsx,src/renderer/pages/team/TeamPage.tsx,352,54.8,66.0,False
DERIVED-HIGH,src/process/extensions/ExtensionRegistry.ts,src/process/extensions/ExtensionRegistry.ts,307,54.7,70.9,False
DERIVED-HIGH,src/process/services/WorkspaceSnapshotService.ts,src/process/services/WorkspaceSnapshotService.ts,223,54.7,65.6,False
DERIVED-HIGH,tests/unit/conversationBridge.test.ts,tests/unit/conversationBridge.test.ts,271,54.6,67.8,False
DERIVED-HIGH,tests/unit/ConversationServiceImpl.test.ts,tests/unit/ConversationServiceImpl.test.ts,319,54.5,76.5,False
DERIVED-HIGH,tests/unit/acpBunxCache.test.ts,tests/unit/acpBunxCache.test.ts,92,54.3,71.2,False
DERIVED-HIGH,src/renderer/utils/model/modelContextLimits.ts,src/renderer/utils/model/modelContextLimits.ts,48,54.2,80.0,False
DERIVED-HIGH,src/process/services/mcpServices/McpService.ts,src/process/services/mcpServices/McpService.ts,144,54.2,68.2,False
DERIVED-HIGH,src/renderer/pages/guid/GuidPage.tsx,src/renderer/pages/guid/GuidPage.tsx,647,54.1,65.6,False
DERIVED-HIGH,tests/unit/agentSelectionUtils.test.ts,tests/unit/agentSelectionUtils.test.ts,89,53.9,74.1,False
DERIVED-HIGH,tests/unit/renderer/components/WorkspaceFolderSelect.dom.test.tsx,tests/unit/renderer/components/WorkspaceFolderSelect.dom.test.tsx,158,53.8,99.1,False
DERIVED-HIGH,src/process/acp/session/MessageTranslator.ts,src/process/acp/session/MessageTranslator.ts,134,53.7,84.8,False
DERIVED-HIGH,tests/unit/previewHistoryService.test.ts,tests/unit/previewHistoryService.test.ts,54,53.7,58.2,False
DERIVED-HIGH,src/renderer/pages/conversation/Preview/components/editors/HTMLEditor.tsx,src/renderer/pages/conversation/Preview/components/editors/HTMLEditor.tsx,56,53.6,58.1,False
DERIVED-HIGH,tests/unit/useGuidSend.dom.test.ts,tests/unit/useGuidSend.dom.test.ts,170,53.5,84.7,False
DERIVED-HIGH,tests/e2e/features/conversations/acp/config/config-mode.e2e.ts,tests/e2e/features/conversations/acp/config/config-mode.e2e.ts,99,53.5,48.2,False
DERIVED-HIGH,tests/unit/updateBridgeCdnRewrite.test.ts,tests/unit/updateBridgeCdnRewrite.test.ts,90,53.3,76.1,False
DERIVED-HIGH,tests/unit/webserver/index.test.ts,tests/unit/webserver/index.test.ts,160,53.1,71.4,False
DERIVED-HIGH,src/process/bridge/applicationBridge.ts,src/process/bridge/applicationBridge.ts,132,53.0,59.5,False
DERIVED-HIGH,src/renderer/components/layout/Sider/SiderFooter.tsx,src/renderer/components/layout/Sider/SiderFooter.tsx,57,52.6,79.3,False
DERIVED-HIGH,src/process/team/Mailbox.ts,src/process/team/Mailbox.ts,23,52.2,58.1,False
DERIVED-HIGH,tests/unit/acpDetector.test.ts,tests/unit/acpDetector.test.ts,179,52.0,98.8,False
DERIVED-HIGH,tests/unit/process/acp/errors/errorNormalize.test.ts,tests/unit/process/acp/errors/errorNormalize.test.ts,50,52.0,71.8,False
DERIVED-HIGH,src/process/task/MessageMiddleware.ts,src/process/task/MessageMiddleware.ts,125,52.0,56.6,False
DERIVED-HIGH,src/process/utils/initStorage.ts,src/process/utils/initStorage.ts,695,51.9,57.3,False
DERIVED-HIGH,src/renderer/pages/conversation/components/ConversationTabs.tsx,src/renderer/pages/conversation/components/ConversationTabs.tsx,253,51.8,67.8,False
DERIVED-HIGH,tests/unit/shellBridge-new.test.ts,tests/unit/shellBridge-new.test.ts,185,51.4,73.7,False
DERIVED-HIGH,tests/unit/WorkspaceSnapshotService.test.ts,tests/unit/WorkspaceSnapshotService.test.ts,314,51.3,77.9,False
DERIVED-HIGH,src/process/team/TeamSessionService.ts,src/process/team/TeamSessionService.ts,650,50.8,55.6,False
DERIVED-HIGH,src/renderer/pages/team/components/TeamChatView.tsx,src/renderer/pages/team/components/TeamChatView.tsx,77,50.6,91.7,False
DERIVED-HIGH,tests/unit/hubIndexManager.test.ts,tests/unit/hubIndexManager.test.ts,109,50.5,76.5,False
DERIVED-HIGH,tests/unit/acpConnectors.test.ts,tests/unit/acpConnectors.test.ts,254,50.4,79.7,False
DERIVED-HIGH,src/common/chat/chatLib.ts,src/common/chat/chatLib.ts,351,50.4,66.7,False
DERIVED-HIGH,tests/unit/renderer/conversationCommandQueue.dom.test.tsx,tests/unit/renderer/conversationCommandQueue.dom.test.tsx,431,50.3,100.0,False
DERIVED-HIGH,src/process/task/AcpAgentManager.ts,src/process/task/AcpAgentManager.ts,1068,50.2,58.3,False
DERIVED-HIGH,src/renderer/pages/cron/cronUtils.ts,src/renderer/pages/cron/cronUtils.ts,54,50.0,78.0,False
DERIVED-HIGH,src/process/services/database/drivers/createDriver.ts,src/process/services/database/drivers/createDriver.ts,8,50.0,75.0,False
DERIVED-HIGH,tests/unit/geminiWorkspaceEacces.test.ts,tests/unit/geminiWorkspaceEacces.test.ts,42,50.0,70.2,False
DERIVED-HIGH,src/renderer/components/agent/AcpModelSelector.tsx,src/renderer/components/agent/AcpModelSelector.tsx,260,49.6,60.5,False
DERIVED-HIGH,tests/e2e/specs/assistant-settings-permissions.e2e.ts,tests/e2e/specs/assistant-settings-permissions.e2e.ts,103,49.5,100.0,False
DERIVED-HIGH,tests/unit/common/navigationHistoryContext.dom.test.tsx,tests/unit/common/navigationHistoryContext.dom.test.tsx,105,49.5,81.5,False
DERIVED-LIKELY,src/renderer/pages/TestShowcase.tsx,src/renderer/pages/TestShowcase.tsx,67,49.3,55.4,False
DERIVED-HIGH,src/renderer/components/settings/SettingsModal/contents/AboutModalContent.tsx,src/renderer/components/settings/SettingsModal/contents/AboutModalContent.tsx,120,49.2,64.0,False
DERIVED-HIGH,src/renderer/components/settings/ThemeSwitcher.tsx,src/renderer/components/settings/ThemeSwitcher.tsx,43,48.8,70.5,False
DERIVED-LIKELY,src/process/bridge/channelBridge.ts,src/process/bridge/channelBridge.ts,211,48.8,55.4,False
DERIVED-HIGH,src/common/types/codex/types/toolTypes.ts,src/common/types/codex/types/toolTypes.ts,37,48.6,100.0,False
DERIVED-HIGH,src/process/channels/core/ChannelManager.ts,src/process/channels/core/ChannelManager.ts,436,48.6,66.2,False
DERIVED-HIGH,tests/unit/standaloneAdapter.test.ts,tests/unit/standaloneAdapter.test.ts,33,48.5,61.9,False
DERIVED-HIGH,src/process/team/TeammateManager.ts,src/process/team/TeammateManager.ts,412,48.1,65.1,False
DERIVED-LIKELY,src/common/chat/imageGenCore.ts,src/common/chat/imageGenCore.ts,289,48.1,55.9,False
DERIVED-HIGH,src/process/team/types.ts,src/process/team/types.ts,23,47.8,64.8,False
DERIVED-HIGH,src/process/bridge/services/SpeechToTextService.ts,src/process/bridge/services/SpeechToTextService.ts,229,47.6,63.9,False
DERIVED-HIGH,tests/unit/renderer/conversation/CreateTaskDialog.dom.test.tsx,tests/unit/renderer/conversation/CreateTaskDialog.dom.test.tsx,545,47.5,91.1,False
DERIVED-LIKELY,src/renderer/pages/settings/AssistantSettings/types.ts,src/renderer/pages/settings/AssistantSettings/types.ts,17,47.1,48.7,False
DERIVED-HIGH,src/process/bridge/webuiBridge.ts,src/process/bridge/webuiBridge.ts,168,47.0,64.3,False
DERIVED-HIGH,tests/unit/useWorkspaceEvents.dom.test.ts,tests/unit/useWorkspaceEvents.dom.test.ts,118,46.6,100.0,False
DERIVED-HIGH,tests/unit/extensions/lifecycle.test.ts,tests/unit/extensions/lifecycle.test.ts,193,46.6,100.0,False
DERIVED-HIGH,src/common/api/AnthropicRotatingClient.ts,src/common/api/AnthropicRotatingClient.ts,73,46.6,61.3,False
DERIVED-LIKELY,tests/e2e/specs/navigation.e2e.ts,tests/e2e/specs/navigation.e2e.ts,71,46.5,41.6,False
DERIVED-HIGH,tests/unit/extensionConstants.test.ts,tests/unit/extensionConstants.test.ts,151,46.4,83.1,False
DERIVED-HIGH,tests/e2e/specs/assistant-settings-crud.e2e.ts,tests/e2e/specs/assistant-settings-crud.e2e.ts,255,46.3,100.0,False
DERIVED-HIGH,tests/unit/teamModelUtils.test.ts,tests/unit/teamModelUtils.test.ts,255,46.3,89.7,False
DERIVED-HIGH,tests/unit/process/services/mcpProtocol.test.ts,tests/unit/process/services/mcpProtocol.test.ts,183,45.9,70.7,False
DERIVED-HIGH,src/process/webserver/routes/authRoutes.ts,src/process/webserver/routes/authRoutes.ts,194,45.9,66.8,False
DERIVED-LIKELY,src/process/utils/initAgent.ts,src/process/utils/initAgent.ts,214,45.8,55.2,False
DERIVED-LIKELY,tests/e2e/features/conversations/acp/messaging/msg-file-reference.e2e.ts,tests/e2e/features/conversations/acp/messaging/msg-file-reference.e2e.ts,59,45.8,47.5,False
DERIVED-HIGH,tests/unit/process/bridge/conversationBridge.sendMessage.test.ts,tests/unit/process/bridge/conversationBridge.sendMessage.test.ts,162,45.7,68.9,False
DERIVED-LIKELY,src/process/webserver/middleware/errorHandler.ts,src/process/webserver/middleware/errorHandler.ts,35,45.7,48.6,False
DERIVED-HIGH,tests/unit/team-SqliteTeamRepository.test.ts,tests/unit/team-SqliteTeamRepository.test.ts,180,45.6,64.9,False
DERIVED-HIGH,src/renderer/pages/settings/components/AddMcpServerModal.tsx,src/renderer/pages/settings/components/AddMcpServerModal.tsx,22,45.5,81.0,False
DERIVED-HIGH,tests/unit/bridge/applicationBridge.startOnBoot.test.ts,tests/unit/bridge/applicationBridge.startOnBoot.test.ts,150,45.3,90.3,False
DERIVED-HIGH,tests/unit/acpBuiltinMcp.test.ts,tests/unit/acpBuiltinMcp.test.ts,148,45.3,74.8,False
DERIVED-HIGH,tests/unit/process/utils/configMigration.test.ts,tests/unit/process/utils/configMigration.test.ts,174,44.8,97.6,False
DERIVED-HIGH,src/renderer/pages/conversation/Messages/useAutoScroll.ts,src/renderer/pages/conversation/Messages/useAutoScroll.ts,168,44.6,63.6,False
DERIVED-LIKELY,tests/unit/chatLib.test.ts,tests/unit/chatLib.test.ts,307,44.6,58.0,False
DERIVED-HIGH,src/renderer/hooks/chat/useInputFocusRing.ts,src/renderer/hooks/chat/useInputFocusRing.ts,9,44.4,100.0,False
DERIVED-LIKELY,src/renderer/pages/guid/hooks/useGuidModelSelection.ts,src/renderer/pages/guid/hooks/useGuidModelSelection.ts,153,44.4,55.1,False
DERIVED-HIGH,tests/unit/cronService.test.ts,tests/unit/cronService.test.ts,368,44.3,67.4,False
DERIVED-LIKELY,src/process/webserver/setup.ts,src/process/webserver/setup.ts,84,44.0,51.7,False
DERIVED-HIGH,tests/unit/process/acp/session/PermissionResolver.test.ts,tests/unit/process/acp/session/PermissionResolver.test.ts,137,43.8,73.8,False
DERIVED-LIKELY,src/process/webserver/adapter.ts,src/process/webserver/adapter.ts,39,43.6,50.0,False
DERIVED-HIGH,tests/unit/pptPreviewBridge.test.ts,tests/unit/pptPreviewBridge.test.ts,207,43.5,65.5,False
DERIVED-HIGH,src/renderer/pages/conversation/components/ChatLayout/index.tsx,src/renderer/pages/conversation/components/ChatLayout/index.tsx,161,43.5,60.5,False
DERIVED-LIKELY,src/process/services/database/drivers/BetterSqlite3Driver.ts,src/process/services/database/drivers/BetterSqlite3Driver.ts,46,43.5,38.3,False
DERIVED-HIGH,tests/unit/treeUtils.test.ts,tests/unit/treeUtils.test.ts,122,43.4,69.4,False
DERIVED-HIGH,src/process/bridge/shellBridge.ts,src/process/bridge/shellBridge.ts,141,43.3,62.1,False
DERIVED-LIKELY,src/renderer/pages/settings/components/SettingsSider.tsx,src/renderer/pages/settings/components/SettingsSider.tsx,95,43.2,55.6,False
DERIVED-LIKELY,tests/unit/pptPreviewInstallGuard.test.ts,tests/unit/pptPreviewInstallGuard.test.ts,72,43.1,58.5,False
DERIVED-LIKELY,src/process/acp/session/PromptExecutor.ts,src/process/acp/session/PromptExecutor.ts,116,43.1,50.0,False
DERIVED-HIGH,tests/unit/previewPanelMessageApi.test.ts,tests/unit/previewPanelMessageApi.test.ts,28,42.9,65.0,False
DERIVED-HIGH,src/renderer/pages/settings/AssistantSettings/AssistantAvatar.tsx,src/renderer/pages/settings/AssistantSettings/AssistantAvatar.tsx,21,42.9,60.7,False
DERIVED-HIGH,tests/unit/process/teamSessionService.test.ts,tests/unit/process/teamSessionService.test.ts,251,42.6,73.4,False
DERIVED-LIKELY,src/process/bridge/index.ts,src/process/bridge/index.ts,176,41.5,37.4,False
DERIVED-HIGH,tests/unit/channels/weixinPlugin.test.ts,tests/unit/channels/weixinPlugin.test.ts,266,41.4,74.3,False
DERIVED-HIGH,src/process/utils/appMenu.ts,src/process/utils/appMenu.ts,29,41.4,60.9,False
DERIVED-HIGH,src/common/config/storage.ts,src/common/config/storage.ts,236,41.1,61.9,False
DERIVED-LIKELY,src/process/bridge/teamBridge.ts,src/process/bridge/teamBridge.ts,129,41.1,41.1,False
DERIVED-HIGH,tests/unit/channels/telegramPlugin.test.ts,tests/unit/channels/telegramPlugin.test.ts,130,40.8,60.8,False
DERIVED-HIGH,src/renderer/pages/conversation/components/ChatConversation.tsx,src/renderer/pages/conversation/components/ChatConversation.tsx,341,40.2,74.5,False
DERIVED-HIGH,src/common/types/conversion.ts,src/common/types/conversion.ts,30,40.0,100.0,False
DERIVED-HIGH,src/process/task/agentTypes.ts,src/process/task/agentTypes.ts,5,40.0,81.2,False
DERIVED-HIGH,tests/unit/process/team/formatHelpers.test.ts,tests/unit/process/team/formatHelpers.test.ts,35,40.0,60.0,False
DERIVED-LIKELY,src/process/agent/acp/mcpSessionConfig.ts,src/process/agent/acp/mcpSessionConfig.ts,73,39.7,55.3,False
DERIVED-HIGH,src/common/api/OpenAIRotatingClient.ts,src/common/api/OpenAIRotatingClient.ts,59,39.0,78.9,False
DERIVED-LIKELY,src/process/team/repository/SqliteTeamRepository.ts,src/process/team/repository/SqliteTeamRepository.ts,296,38.9,56.9,False
DERIVED-LIKELY,src/process/services/autoUpdaterService.ts,src/process/services/autoUpdaterService.ts,252,38.9,35.7,False
DERIVED-LIKELY,src/renderer/components/settings/SettingsModal/contents/SystemModalContent/PreferenceRow.tsx,src/renderer/components/settings/SettingsModal/contents/SystemModalContent/PreferenceRow.tsx,13,38.5,57.1,False
DERIVED-LIKELY,tests/unit/process/acp/compat/AcpAgentV2.test.ts,tests/unit/process/acp/compat/AcpAgentV2.test.ts,598,38.1,57.8,False
DERIVED-LIKELY,src/renderer/pages/cron/components/CronJobManager.tsx,src/renderer/pages/cron/components/CronJobManager.tsx,93,37.6,55.8,False
DERIVED-HIGH,tests/unit/officeWatchBridge.test.ts,tests/unit/officeWatchBridge.test.ts,307,37.1,60.7,False
DERIVED-HIGH,tests/unit/buildAgentConversationParams.test.ts,tests/unit/buildAgentConversationParams.test.ts,60,36.7,63.3,False
DERIVED-LIKELY,tests/unit/renderer/messageHooks.dom.test.tsx,tests/unit/renderer/messageHooks.dom.test.tsx,115,36.5,53.7,False
DERIVED-HIGH,tests/unit/process/acp/runtime/IdleReclaimer.test.ts,tests/unit/process/acp/runtime/IdleReclaimer.test.ts,44,36.4,80.0,False
DERIVED-LIKELY,src/renderer/pages/conversation/hooks/useConversationAgents.ts,src/renderer/pages/conversation/hooks/useConversationAgents.ts,55,36.4,58.2,False
DERIVED-LIKELY,src/process/services/database/drivers/BunSqliteDriver.bun.test.ts,src/process/services/database/drivers/BunSqliteDriver.bun.test.ts,94,36.2,41.8,False
DERIVED-HIGH,tests/unit/team-TeammateManager.test.ts,tests/unit/team-TeammateManager.test.ts,880,35.9,73.1,False
DERIVED-LIKELY,src/renderer/components/settings/SettingsModal/contents/ToolsModalContent.tsx,src/renderer/components/settings/SettingsModal/contents/ToolsModalContent.tsx,488,35.5,46.1,False
DERIVED-LIKELY,tests/unit/channels/telegramAdapter.test.ts,tests/unit/channels/telegramAdapter.test.ts,80,35.0,39.4,False
DERIVED-LIKELY,src/renderer/hooks/mcp/useMcpServers.ts,src/renderer/hooks/mcp/useMcpServers.ts,63,34.9,45.9,False
DERIVED-LIKELY,src/index.ts,src/index.ts,598,34.8,51.1,False
DERIVED-HIGH,tests/e2e/specs/team-create.e2e.ts,tests/e2e/specs/team-create.e2e.ts,102,34.3,60.2,False
DERIVED-LIKELY,src/process/services/database/migrations.ts,src/process/services/database/migrations.ts,1053,34.2,57.3,False
DERIVED-LIKELY,src/process/bridge/mcpBridge.ts,src/process/bridge/mcpBridge.ts,89,33.7,41.6,False
DERIVED-LIKELY,src/common/types/electron.ts,src/common/types/electron.ts,63,33.3,52.1,False
DERIVED-LIKELY,src/process/bridge/shellBridgeStandalone.ts,src/process/bridge/shellBridgeStandalone.ts,36,33.3,50.0,False
DERIVED-HIGH,tests/unit/bridge/modelBridge.test.ts,tests/unit/bridge/modelBridge.test.ts,170,32.9,72.1,False
DERIVED-LIKELY,tests/unit/acpKillChild.test.ts,tests/unit/acpKillChild.test.ts,98,32.7,39.5,False
DERIVED-HIGH,tests/unit/shellEnv.test.ts,tests/unit/shellEnv.test.ts,577,32.4,62.3,False
DERIVED-LIKELY,src/renderer/pages/team/index.tsx,src/renderer/pages/team/index.tsx,28,32.1,31.4,False
DERIVED-LIKELY,tests/e2e/fixtures.ts,tests/e2e/fixtures.ts,222,32.0,43.2,False
DERIVED-LIKELY,src/renderer/pages/guid/components/AgentPillBar.tsx,src/renderer/pages/guid/components/AgentPillBar.tsx,138,31.9,56.9,False
DERIVED-LIKELY,src/process/team/prompts/buildRolePrompt.ts,src/process/team/prompts/buildRolePrompt.ts,22,31.8,34.0,False
DERIVED-LIKELY,src/renderer/services/i18n/i18n-keys.d.ts,src/renderer/services/i18n/i18n-keys.d.ts,4746,31.3,41.9,False
DERIVED-LIKELY,src/process/task/WorkerTaskManager.ts,src/process/task/WorkerTaskManager.ts,126,31.0,57.1,False
DERIVED-LIKELY,tests/unit/imageGenCore.test.ts,tests/unit/imageGenCore.test.ts,331,29.9,51.0,False
DERIVED-LIKELY,tests/unit/SpeechToTextService.test.ts,tests/unit/SpeechToTextService.test.ts,119,29.4,63.1,False
DERIVED-LIKELY,tests/unit/renderer/useAcpMessage.dom.test.tsx,tests/unit/renderer/useAcpMessage.dom.test.tsx,133,29.3,56.0,False
DERIVED-LIKELY,src/renderer/hooks/mcp/useMcpOAuth.ts,src/renderer/hooks/mcp/useMcpOAuth.ts,97,28.9,45.8,False
DERIVED-LIKELY,src/renderer/hooks/chat/useSendBoxDraft.ts,src/renderer/hooks/chat/useSendBoxDraft.ts,143,28.0,38.8,False
DERIVED-LIKELY,src/renderer/pages/conversation/platforms/acp/AcpChat.tsx,src/renderer/pages/conversation/platforms/acp/AcpChat.tsx,75,28.0,33.0,False
DERIVED-LIKELY,tests/unit/AcpModelSelector.dom.test.tsx,tests/unit/AcpModelSelector.dom.test.tsx,179,27.9,53.4,False
DERIVED-LIKELY,src/process/acp/session/McpConfig.ts,src/process/acp/session/McpConfig.ts,76,27.6,39.2,False
DERIVED-LIKELY,src/renderer/hooks/agent/useConfigModelListWithImage.ts,src/renderer/hooks/agent/useConfigModelListWithImage.ts,29,27.6,35.7,False
DERIVED-LIKELY,src/process/services/mcpServices/McpOAuthService.ts,src/process/services/mcpServices/McpOAuthService.ts,165,27.3,38.6,False
DERIVED-LIKELY,src/renderer/components/layout/Router.tsx,src/renderer/components/layout/Router.tsx,157,26.8,40.7,False
DERIVED-LIKELY,tests/unit/process/bridge/speechToTextService.test.ts,tests/unit/process/bridge/speechToTextService.test.ts,170,26.5,56.5,False
DERIVED-LIKELY,tests/unit/process/acp/session/McpConfig.test.ts,tests/unit/process/acp/session/McpConfig.test.ts,106,26.4,20.8,False
DERIVED-LIKELY,tests/unit/platform/ElectronPlatformServices.test.ts,tests/unit/platform/ElectronPlatformServices.test.ts,61,26.2,47.7,False
DERIVED-LIKELY,src/common/types/agentModes.ts,src/common/types/agentModes.ts,23,26.1,43.5,False
DERIVED-LIKELY,src/process/team/TaskManager.ts,src/process/team/TaskManager.ts,97,25.8,44.6,False
DERIVED-LIKELY,src/renderer/hooks/mcp/useMcpServerCRUD.ts,src/renderer/hooks/mcp/useMcpServerCRUD.ts,209,25.8,41.6,False
DERIVED-LIKELY,src/common/config/storageKeys.ts,src/common/config/storageKeys.ts,8,25.0,46.7,False
DERIVED-LIKELY,src/renderer/pages/settings/components/SettingsPageWrapper.tsx,src/renderer/pages/settings/components/SettingsPageWrapper.tsx,116,25.0,34.0,False
DERIVED-LIKELY,src/renderer/components/layout/Sider/SiderNav/index.ts,src/renderer/components/layout/Sider/SiderNav/index.ts,12,25.0,25.0,False
DERIVED-LIKELY,tests/unit/process/services/database/index.test.ts,tests/unit/process/services/database/index.test.ts,207,24.6,50.3,False
DERIVED-LIKELY,src/renderer/components/settings/SettingsModal/contents/DisplayModalContent.tsx,src/renderer/components/settings/SettingsModal/contents/DisplayModalContent.tsx,91,24.2,23.0,False
DERIVED-LIKELY,src/common/utils/urlValidation.ts,src/common/utils/urlValidation.ts,50,24.0,47.2,False
DERIVED-LIKELY,tests/unit/useAutoScroll.dom.test.ts,tests/unit/useAutoScroll.dom.test.ts,453,23.6,69.4,False
DERIVED-LIKELY,tests/unit/channels/wecomCrypto.test.ts,tests/unit/channels/wecomCrypto.test.ts,44,22.7,35.7,False
DERIVED-LIKELY,tests/e2e/specs/channels.e2e.ts,tests/e2e/specs/channels.e2e.ts,31,22.6,47.4,False
DERIVED-LIKELY,src/process/channels/plugins/index.ts,src/process/channels/plugins/index.ts,37,21.6,17.5,False
DERIVED-LIKELY,src/process/bridge/extensionsBridge.ts,src/process/bridge/extensionsBridge.ts,392,21.4,23.8,False
DERIVED-LIKELY,tests/unit/process/acp/session/MessageTranslator.test.ts,tests/unit/process/acp/session/MessageTranslator.test.ts,137,21.2,48.1,False
DERIVED-LIKELY,src/common/adapter/ipcBridge.ts,src/common/adapter/ipcBridge.ts,1150,20.3,49.1,False
DERIVED-LIKELY,src/renderer/utils/file/fileTypes.ts,src/renderer/utils/file/fileTypes.ts,5,20.0,100.0,False
DERIVED-LIKELY,src/renderer/pages/guid/components/GuidModelSelector.tsx,src/renderer/pages/guid/components/GuidModelSelector.tsx,240,20.0,38.0,False
REVIEW,tests/unit/AuthServiceJwtSecret.test.ts,tests/unit/AuthServiceJwtSecret.test.ts,98,19.4,50.6,False
REVIEW,src/preload/main.ts,src/preload/main.ts,114,18.4,40.5,False
REVIEW,src/process/bridge/cronBridge.ts,src/process/bridge/cronBridge.ts,109,18.3,21.4,False
REVIEW,tests/integration/process/acp/session/AcpSession.prompt.test.ts,tests/integration/process/acp/session/AcpSession.prompt.test.ts,244,17.2,44.1,False
REVIEW,tests/unit/process/initStorage.jsonFileBuilder.test.ts,tests/unit/process/initStorage.jsonFileBuilder.test.ts,262,17.2,36.1,False
REVIEW,tests/unit/prepareBundledBun.test.ts,tests/unit/prepareBundledBun.test.ts,47,17.0,40.0,False
REVIEW,src/process/task/agentUtils.ts,src/process/task/agentUtils.ts,291,16.2,21.2,False
REVIEW,src/process/team/prompts/formatHelpers.ts,src/process/team/prompts/formatHelpers.ts,31,16.1,35.3,False
REVIEW,tests/unit/webserver/authServiceRefresh.test.ts,tests/unit/webserver/authServiceRefresh.test.ts,94,16.0,51.8,False
REVIEW,src/process/task/codexConfig.ts,src/process/task/codexConfig.ts,173,13.3,20.0,False
DERIVED-LIKELY,src/process/channels/utils/credentialCrypto.ts,src/process/channels/utils/credentialCrypto.ts,38,13.2,56.7,False
REVIEW,src/process/resources/builtinMcp/constants.ts,src/process/resources/builtinMcp/constants.ts,58,12.1,22.0,False
REVIEW,src/renderer/hooks/mcp/useMcpConnection.ts,src/renderer/hooks/mcp/useMcpConnection.ts,263,11.4,29.3,False
DERIVED-LIKELY,src/process/services/database/export.ts,src/process/services/database/export.ts,9,11.1,64.5,False
REVIEW,src/renderer/hooks/system/useTheme.ts,src/renderer/hooks/system/useTheme.ts,68,10.3,31.4,False
REVIEW,src/process/utils/initBridge.ts,src/process/utils/initBridge.ts,206,8.7,12.3,False
DIVERGED,tests/unit/useMcpServerCRUD.dom.test.tsx,tests/unit/useMcpServerCRUD.dom.test.tsx,890,3.9,16.5,False
DIVERGED,src/renderer/pages/settings/AgentSettings/index.tsx,src/renderer/pages/settings/AgentSettings/index.tsx,140,0.7,2.2,False
DIVERGED,tests/unit/team-permission-badge.dom.test.ts,tests/unit/team-permission-badge.dom.test.ts,91,0.0,34.7,False
DIVERGED,src/renderer/components/base/index.ts,src/renderer/components/base/index.ts,11,0.0,29.4,False
