tier,band,file,upstream,our_lines,upstream_lines,ferrox_lines,line_overlap,id_overlap
AUTO,identical,playwright.config.ts,playwright.config.ts,11,11,0,100.0,100.0
AUTO,identical,tests/vitest.setup.ts,tests/vitest.setup.ts,11,11,0,100.0,100.0
AUTO,identical,tests/unit/slashMatcher.test.ts,tests/unit/slashMatcher.test.ts,20,20,0,100.0,100.0
AUTO,identical,tests/unit/slashCommandAvailability.test.ts,tests/unit/slashCommandAvailability.test.ts,17,17,0,100.0,100.0
AUTO,identical,tests/unit/healthCheckClassify.test.ts,tests/unit/healthCheckClassify.test.ts,15,15,0,100.0,100.0
AUTO,identical,tests/unit/conversationCache.test.ts,tests/unit/conversationCache.test.ts,17,17,0,100.0,100.0
AUTO,identical,tests/unit/normalizeWsUrl.test.ts,tests/unit/normalizeWsUrl.test.ts,23,23,0,100.0,100.0
AUTO,identical,tests/unit/modelSourceLabel.test.ts,tests/unit/modelSourceLabel.test.ts,17,17,0,100.0,100.0
AUTO,identical,tests/unit/acpUtilsDecodeWindows.test.ts,tests/unit/acpUtilsDecodeWindows.test.ts,22,22,0,100.0,100.0
AUTO,identical,tests/unit/atFileQuery.test.ts,tests/unit/atFileQuery.test.ts,22,22,0,100.0,100.0
AUTO,identical,tests/unit/modelFallback.test.ts,tests/unit/modelFallback.test.ts,27,27,0,100.0,100.0
AUTO,identical,tests/unit/geminiAbortRecovery.test.ts,tests/unit/geminiAbortRecovery.test.ts,44,44,0,100.0,100.0
AUTO,identical,tests/unit/workspaceMentions.test.ts,tests/unit/workspaceMentions.test.ts,20,20,0,100.0,100.0
AUTO,identical,tests/unit/assistantPresets.i18n.test.ts,tests/unit/assistantPresets.i18n.test.ts,8,8,0,100.0,100.0
AUTO,identical,tests/unit/useIndexedItemRefs.dom.test.tsx,tests/unit/useIndexedItemRefs.dom.test.tsx,18,18,0,100.0,100.0
AUTO,identical,tests/unit/registry.test.ts,tests/unit/registry.test.ts,19,19,0,100.0,100.0
AUTO,identical,tests/unit/useConversationActions.dom.test.ts,tests/unit/useConversationActions.dom.test.ts,45,45,0,100.0,100.0
AUTO,identical,tests/unit/weixinLoginRoutes.test.ts,tests/unit/weixinLoginRoutes.test.ts,37,37,0,100.0,100.0
AUTO,identical,tests/unit/webui-favicon.test.ts,tests/unit/webui-favicon.test.ts,12,12,0,100.0,100.0
AUTO,identical,tests/unit/renderer/AcpConfigSelector.dom.test.tsx,tests/unit/renderer/AcpConfigSelector.dom.test.tsx,31,31,0,100.0,100.0
AUTO,identical,tests/unit/renderer/assertBridgeSuccess.test.ts,tests/unit/renderer/assertBridgeSuccess.test.ts,9,9,0,100.0,100.0
AUTO,identical,tests/unit/renderer/markdownShadowViewSpacing.dom.test.tsx,tests/unit/renderer/markdownShadowViewSpacing.dom.test.tsx,23,23,0,100.0,100.0
AUTO,identical,tests/unit/renderer/guidInputCard.dom.test.tsx,tests/unit/renderer/guidInputCard.dom.test.tsx,33,33,0,100.0,100.0
AUTO,identical,tests/unit/renderer/components/markdown/CodeBlock.dom.test.tsx,tests/unit/renderer/components/markdown/CodeBlock.dom.test.tsx,12,12,0,100.0,100.0
AUTO,identical,tests/unit/renderer/components/layout/siderOrder.test.ts,tests/unit/renderer/components/layout/siderOrder.test.ts,27,27,0,100.0,100.0
AUTO,identical,tests/unit/renderer/conversation/MessageCronTrigger.dom.test.tsx,tests/unit/renderer/conversation/MessageCronTrigger.dom.test.tsx,31,31,0,100.0,100.0
AUTO,identical,tests/unit/renderer/conversation/WorkspacePanelHeader.dom.test.tsx,tests/unit/renderer/conversation/WorkspacePanelHeader.dom.test.tsx,26,26,0,100.0,100.0
AUTO,identical,tests/unit/chat/autoTitle.test.ts,tests/unit/chat/autoTitle.test.ts,15,15,0,100.0,100.0
AUTO,identical,tests/unit/chat/sendboxSpellcheck.dom.test.tsx,tests/unit/chat/sendboxSpellcheck.dom.test.tsx,78,78,0,100.0,100.0
AUTO,identical,tests/unit/chat/getLastAssistantText.test.ts,tests/unit/chat/getLastAssistantText.test.ts,27,27,0,100.0,100.0
AUTO,identical,tests/unit/extensions/sandboxPermission.test.ts,tests/unit/extensions/sandboxPermission.test.ts,18,18,0,100.0,100.0
AUTO,identical,tests/unit/common/i18n.index.test.ts,tests/unit/common/i18n.index.test.ts,11,11,0,100.0,100.0
AUTO,identical,tests/unit/common/conversationHistoryContext.dom.test.tsx,tests/unit/common/conversationHistoryContext.dom.test.tsx,46,46,0,100.0,100.0
AUTO,identical,tests/unit/process/bridge/applicationBridgeCore.test.ts,tests/unit/process/bridge/applicationBridgeCore.test.ts,28,28,0,100.0,100.0
AUTO,identical,tests/unit/process/team/teammatePrompt.test.ts,tests/unit/process/team/teammatePrompt.test.ts,14,14,0,100.0,100.0
AUTO,identical,tests/unit/process/acp/infra/processUtils.test.ts,tests/unit/process/acp/infra/processUtils.test.ts,29,29,0,100.0,100.0
AUTO,identical,tests/unit/process/acp/session/emitCrashSignal.test.ts,tests/unit/process/acp/session/emitCrashSignal.test.ts,18,18,0,100.0,100.0
AUTO,identical,tests/integration/webui-favicon-build.test.ts,tests/integration/webui-favicon-build.test.ts,74,74,0,100.0,100.0
AUTO,identical,tests/e2e/specs/app-launch.e2e.ts,tests/e2e/specs/app-launch.e2e.ts,14,14,0,100.0,100.0
AUTO,identical,tests/e2e/helpers/teamConfig.ts,tests/e2e/helpers/teamConfig.ts,4,4,0,100.0,100.0
AUTO,identical,tests/e2e/helpers/extensions.ts,tests/e2e/helpers/extensions.ts,46,46,0,100.0,100.0
AUTO,identical,tests/e2e/helpers/assertions.ts,tests/e2e/helpers/assertions.ts,13,13,0,100.0,100.0
AUTO,identical,tests/e2e/helpers/bridge.ts,tests/e2e/helpers/bridge.ts,22,22,0,100.0,100.0
AUTO,identical,tests/e2e/helpers/screenshots.ts,tests/e2e/helpers/screenshots.ts,6,6,0,100.0,100.0
AUTO,identical,tests/e2e/helpers/index.ts,tests/e2e/helpers/index.ts,9,9,0,100.0,100.0
AUTO,identical,src/types.d.ts,src/types.d.ts,5,5,0,100.0,100.0
AUTO,identical,src/renderer/types.d.ts,src/renderer/types.d.ts,2,2,0,100.0,100.0
AUTO,identical,src/renderer/utils/common.ts,src/renderer/utils/common.ts,9,9,0,100.0,100.0
AUTO,identical,src/renderer/utils/ui/focus.ts,src/renderer/utils/ui/focus.ts,8,8,0,100.0,100.0
AUTO,identical,src/renderer/utils/ui/clipboard.ts,src/renderer/utils/ui/clipboard.ts,17,17,0,100.0,100.0
AUTO,identical,src/renderer/utils/ui/createContext.tsx,src/renderer/utils/ui/createContext.tsx,19,19,0,100.0,100.0
AUTO,identical,src/renderer/utils/ui/siderTooltip.ts,src/renderer/utils/ui/siderTooltip.ts,18,18,0,100.0,100.0
AUTO,identical,src/renderer/utils/chat/getLastAssistantText.ts,src/renderer/utils/chat/getLastAssistantText.ts,14,14,0,100.0,100.0
AUTO,identical,src/renderer/utils/chat/skillSuggestParser.ts,src/renderer/utils/chat/skillSuggestParser.ts,38,38,0,100.0,100.0
AUTO,identical,src/renderer/utils/chat/messageHistory.ts,src/renderer/utils/chat/messageHistory.ts,17,17,0,100.0,100.0
AUTO,identical,src/renderer/utils/file/fileType.ts,src/renderer/utils/file/fileType.ts,34,34,0,100.0,100.0
AUTO,identical,src/renderer/utils/file/fileSelection.ts,src/renderer/utils/file/fileSelection.ts,22,22,0,100.0,100.0
AUTO,identical,src/renderer/utils/file/base64.ts,src/renderer/utils/file/base64.ts,20,20,0,100.0,100.0
AUTO,identical,src/renderer/utils/model/modelPlatforms.ts,src/renderer/utils/model/modelPlatforms.ts,84,84,0,100.0,100.0
AUTO,identical,src/renderer/utils/model/presetAssistantResources.ts,src/renderer/utils/model/presetAssistantResources.ts,5,5,0,100.0,100.0
AUTO,identical,src/renderer/utils/model/agentTypes.ts,src/renderer/utils/model/agentTypes.ts,9,9,0,100.0,100.0
AUTO,identical,src/renderer/utils/model/modelFallback.ts,src/renderer/utils/model/modelFallback.ts,31,31,0,100.0,100.0
AUTO,identical,src/renderer/utils/model/modelSource.ts,src/renderer/utils/model/modelSource.ts,8,8,0,100.0,100.0
AUTO,identical,src/renderer/styles/colors.ts,src/renderer/styles/colors.ts,50,50,0,100.0,100.0
AUTO,identical,src/renderer/components/ShimmerText.tsx,src/renderer/components/ShimmerText.tsx,22,22,0,100.0,100.0
AUTO,identical,src/renderer/components/settings/SettingsModal/useSettingsModal.tsx,src/renderer/components/settings/SettingsModal/useSettingsModal.tsx,13,13,0,100.0,100.0
AUTO,identical,src/renderer/components/settings/SettingsModal/settingsViewContext.tsx,src/renderer/components/settings/SettingsModal/settingsViewContext.tsx,6,6,0,100.0,100.0
AUTO,identical,src/renderer/components/settings/SettingsModal/contents/healthCheckUtils.ts,src/renderer/components/settings/SettingsModal/contents/healthCheckUtils.ts,3,3,0,100.0,100.0
AUTO,identical,src/renderer/components/settings/SettingsModal/contents/feedbackModules.ts,src/renderer/components/settings/SettingsModal/contents/feedbackModules.ts,36,36,0,100.0,100.0
AUTO,identical,src/renderer/components/settings/SettingsModal/contents/channels/ChannelItem.tsx,src/renderer/components/settings/SettingsModal/contents/channels/ChannelItem.tsx,17,17,0,100.0,100.0
AUTO,identical,src/renderer/components/settings/SettingsModal/contents/channels/ChannelHeader.tsx,src/renderer/components/settings/SettingsModal/contents/channels/ChannelHeader.tsx,42,42,0,100.0,100.0
AUTO,identical,src/renderer/components/settings/SettingsModal/contents/channels/types.ts,src/renderer/components/settings/SettingsModal/contents/channels/types.ts,3,3,0,100.0,100.0
AUTO,identical,src/renderer/components/chat/SlashCommandMenu.tsx,src/renderer/components/chat/SlashCommandMenu.tsx,46,46,0,100.0,100.0
AUTO,identical,src/renderer/components/chat/ThoughtDisplay.tsx,src/renderer/components/chat/ThoughtDisplay.tsx,45,45,0,100.0,100.0
AUTO,identical,src/renderer/components/chat/AtFileMenu/index.tsx,src/renderer/components/chat/AtFileMenu/index.tsx,20,20,0,100.0,100.0
AUTO,identical,src/renderer/components/chat/BtwOverlay/index.tsx,src/renderer/components/chat/BtwOverlay/index.tsx,75,75,0,100.0,100.0
AUTO,identical,src/renderer/components/Markdown/markdownUtils.ts,src/renderer/components/Markdown/markdownUtils.ts,13,13,0,100.0,100.0
AUTO,identical,src/renderer/components/layout/AppLoader.tsx,src/renderer/components/layout/AppLoader.tsx,5,5,0,100.0,100.0
AUTO,identical,src/renderer/components/layout/PwaPullToRefresh.tsx,src/renderer/components/layout/PwaPullToRefresh.tsx,49,49,0,100.0,100.0
AUTO,identical,src/renderer/components/layout/FlexFullContainer.tsx,src/renderer/components/layout/FlexFullContainer.tsx,8,8,0,100.0,100.0
AUTO,identical,src/renderer/components/layout/Sider/siderOrder.ts,src/renderer/components/layout/Sider/siderOrder.ts,43,43,0,100.0,100.0
AUTO,identical,src/renderer/components/layout/Sider/useStoredSiderOrder.ts,src/renderer/components/layout/Sider/useStoredSiderOrder.ts,43,43,0,100.0,100.0
AUTO,identical,src/renderer/components/layout/Sider/SortableSiderEntry.tsx,src/renderer/components/layout/Sider/SortableSiderEntry.tsx,13,13,0,100.0,100.0
AUTO,identical,src/renderer/components/layout/Sider/CronJobSiderSection/index.ts,src/renderer/components/layout/Sider/CronJobSiderSection/index.ts,1,1,0,100.0,100.0
AUTO,identical,src/renderer/components/workspace/index.ts,src/renderer/components/workspace/index.ts,1,1,0,100.0,100.0
AUTO,identical,src/renderer/components/agent/MarqueePillLabel.tsx,src/renderer/components/agent/MarqueePillLabel.tsx,38,38,0,100.0,100.0
AUTO,identical,src/renderer/components/media/UploadProgressBar.tsx,src/renderer/components/media/UploadProgressBar.tsx,16,16,0,100.0,100.0
AUTO,identical,src/renderer/hooks/assistant/useDetectedAgents.ts,src/renderer/hooks/assistant/useDetectedAgents.ts,14,14,0,100.0,100.0
AUTO,identical,src/renderer/hooks/ui/useFontScale.ts,src/renderer/hooks/ui/useFontScale.ts,32,32,0,100.0,100.0
AUTO,identical,src/renderer/hooks/ui/useIndexedItemRefs.ts,src/renderer/hooks/ui/useIndexedItemRefs.ts,7,7,0,100.0,100.0
AUTO,identical,src/renderer/hooks/ui/useThrottle.ts,src/renderer/hooks/ui/useThrottle.ts,17,17,0,100.0,100.0
AUTO,identical,src/renderer/hooks/ui/useDebounce.ts,src/renderer/hooks/ui/useDebounce.ts,14,14,0,100.0,100.0
AUTO,identical,src/renderer/hooks/ui/useConversationShortcuts.ts,src/renderer/hooks/ui/useConversationShortcuts.ts,34,34,0,100.0,100.0
AUTO,identical,src/renderer/hooks/chat/useSendBoxFiles.ts,src/renderer/hooks/chat/useSendBoxFiles.ts,35,35,0,100.0,100.0
AUTO,identical,src/renderer/hooks/chat/useCompositionInput.ts,src/renderer/hooks/chat/useCompositionInput.ts,16,16,0,100.0,100.0
AUTO,identical,src/renderer/hooks/file/useUploadState.ts,src/renderer/hooks/file/useUploadState.ts,36,36,0,100.0,100.0
AUTO,identical,src/renderer/hooks/file/usePreviewLauncher.ts,src/renderer/hooks/file/usePreviewLauncher.ts,53,53,0,100.0,100.0
AUTO,identical,src/renderer/hooks/file/usePasteService.ts,src/renderer/hooks/file/usePasteService.ts,28,28,0,100.0,100.0
AUTO,identical,src/renderer/hooks/file/useOpenFileSelector.ts,src/renderer/hooks/file/useOpenFileSelector.ts,15,15,0,100.0,100.0
AUTO,identical,src/renderer/hooks/agent/useHubAgents.ts,src/renderer/hooks/agent/useHubAgents.ts,33,33,0,100.0,100.0
AUTO,identical,src/renderer/hooks/agent/useModeModeList.ts,src/renderer/hooks/agent/useModeModeList.ts,39,39,0,100.0,100.0
AUTO,identical,src/renderer/hooks/agent/useGeminiGoogleAuthModels.ts,src/renderer/hooks/agent/useGeminiGoogleAuthModels.ts,27,27,0,100.0,100.0
AUTO,identical,src/renderer/hooks/system/useAutoPreviewOfficeFilesEnabled.ts,src/renderer/hooks/system/useAutoPreviewOfficeFilesEnabled.ts,12,12,0,100.0,100.0
AUTO,identical,src/renderer/hooks/system/useExtI18n.ts,src/renderer/hooks/system/useExtI18n.ts,30,30,0,100.0,100.0
AUTO,identical,src/renderer/hooks/system/usePwaMode.ts,src/renderer/hooks/system/usePwaMode.ts,8,8,0,100.0,100.0
AUTO,identical,src/renderer/hooks/system/useNotificationClick.ts,src/renderer/hooks/system/useNotificationClick.ts,14,14,0,100.0,100.0
AUTO,identical,src/renderer/pages/settings/SystemSettings.tsx,src/renderer/pages/settings/SystemSettings.tsx,11,11,0,100.0,100.0
AUTO,identical,src/renderer/pages/settings/AgentSettings/RemoteAgents.tsx,src/renderer/pages/settings/AgentSettings/RemoteAgents.tsx,1,1,0,100.0,100.0
AUTO,identical,src/renderer/pages/settings/DisplaySettings/index.tsx,src/renderer/pages/settings/DisplaySettings/index.tsx,5,5,0,100.0,100.0
AUTO,identical,src/renderer/pages/team/components/AgentStatusBadge.tsx,src/renderer/pages/team/components/AgentStatusBadge.tsx,13,13,0,100.0,100.0
AUTO,identical,src/renderer/pages/guid/index.tsx,src/renderer/pages/guid/index.tsx,1,1,0,100.0,100.0
AUTO,identical,src/renderer/pages/guid/types.ts,src/renderer/pages/guid/types.ts,10,10,0,100.0,100.0
AUTO,identical,src/renderer/pages/guid/constants.ts,src/renderer/pages/guid/constants.ts,3,3,0,100.0,100.0
AUTO,identical,src/renderer/pages/guid/utils/modelUtils.ts,src/renderer/pages/guid/utils/modelUtils.ts,18,18,0,100.0,100.0
AUTO,identical,src/renderer/pages/guid/components/GuidSkeleton.tsx,src/renderer/pages/guid/components/GuidSkeleton.tsx,14,14,0,100.0,100.0
AUTO,identical,src/renderer/pages/guid/hooks/useAgentAvailability.ts,src/renderer/pages/guid/hooks/useAgentAvailability.ts,23,23,0,100.0,100.0
AUTO,identical,src/renderer/pages/cron/index.ts,src/renderer/pages/cron/index.ts,3,3,0,100.0,100.0
AUTO,identical,src/renderer/pages/cron/ScheduledTasksPage/CronStatusTag.tsx,src/renderer/pages/cron/ScheduledTasksPage/CronStatusTag.tsx,19,19,0,100.0,100.0
AUTO,identical,src/renderer/pages/conversation/index.tsx,src/renderer/pages/conversation/index.tsx,30,30,0,100.0,100.0
AUTO,identical,src/renderer/pages/conversation/platforms/assertBridgeSuccess.ts,src/renderer/pages/conversation/platforms/assertBridgeSuccess.ts,4,4,0,100.0,100.0
AUTO,identical,src/renderer/pages/conversation/platforms/gemini/useGeminiQuotaFallback.ts,src/renderer/pages/conversation/platforms/gemini/useGeminiQuotaFallback.ts,39,39,0,100.0,100.0
AUTO,identical,src/renderer/pages/conversation/platforms/gemini/useGeminiModelSelection.ts,src/renderer/pages/conversation/platforms/gemini/useGeminiModelSelection.ts,31,31,0,100.0,100.0
AUTO,identical,src/renderer/pages/conversation/platforms/openclaw/OpenClawChat.tsx,src/renderer/pages/conversation/platforms/openclaw/OpenClawChat.tsx,22,22,0,100.0,100.0
AUTO,identical,src/renderer/pages/conversation/platforms/nanobot/NanobotChat.tsx,src/renderer/pages/conversation/platforms/nanobot/NanobotChat.tsx,23,23,0,100.0,100.0
AUTO,identical,src/renderer/pages/conversation/platforms/remote/RemoteChat.tsx,src/renderer/pages/conversation/platforms/remote/RemoteChat.tsx,22,22,0,100.0,100.0
AUTO,identical,src/renderer/pages/conversation/Messages/types.ts,src/renderer/pages/conversation/Messages/types.ts,2,2,0,100.0,100.0
AUTO,identical,src/renderer/pages/conversation/Messages/constants.ts,src/renderer/pages/conversation/Messages/constants.ts,5,5,0,100.0,100.0
AUTO,identical,src/renderer/pages/conversation/Messages/codex/MessageCodexToolCall.tsx,src/renderer/pages/conversation/Messages/codex/MessageCodexToolCall.tsx,30,30,0,100.0,100.0
AUTO,identical,src/renderer/pages/conversation/Messages/codex/ToolCallComponent/TurnDiffDisplay.tsx,src/renderer/pages/conversation/Messages/codex/ToolCallComponent/TurnDiffDisplay.tsx,19,19,0,100.0,100.0
AUTO,identical,src/renderer/pages/conversation/Messages/codex/ToolCallComponent/PatchDisplay.tsx,src/renderer/pages/conversation/Messages/codex/ToolCallComponent/PatchDisplay.tsx,41,41,0,100.0,100.0
AUTO,identical,src/renderer/pages/conversation/Messages/components/MessageSkillSuggest.tsx,src/renderer/pages/conversation/Messages/components/MessageSkillSuggest.tsx,8,8,0,100.0,100.0
AUTO,identical,src/renderer/pages/conversation/Workspace/utils/filePreview.ts,src/renderer/pages/conversation/Workspace/utils/filePreview.ts,5,5,0,100.0,100.0
AUTO,identical,src/renderer/pages/conversation/Workspace/hooks/useWorkspaceCollapse.ts,src/renderer/pages/conversation/Workspace/hooks/useWorkspaceCollapse.ts,10,10,0,100.0,100.0
AUTO,identical,src/renderer/pages/conversation/Workspace/hooks/useWorkspaceModals.ts,src/renderer/pages/conversation/Workspace/hooks/useWorkspaceModals.ts,17,17,0,100.0,100.0
AUTO,identical,src/renderer/pages/conversation/GroupedHistory/SortableConversationRow.tsx,src/renderer/pages/conversation/GroupedHistory/SortableConversationRow.tsx,18,18,0,100.0,100.0
AUTO,identical,src/renderer/pages/conversation/GroupedHistory/utils/exportHelpers.ts,src/renderer/pages/conversation/GroupedHistory/utils/exportHelpers.ts,46,46,0,100.0,100.0
AUTO,identical,src/renderer/pages/conversation/GroupedHistory/hooks/useVisibleConversationIds.ts,src/renderer/pages/conversation/GroupedHistory/hooks/useVisibleConversationIds.ts,12,12,0,100.0,100.0
AUTO,identical,src/renderer/pages/conversation/utils/newConversationName.ts,src/renderer/pages/conversation/utils/newConversationName.ts,2,2,0,100.0,100.0
AUTO,identical,src/renderer/pages/conversation/utils/conversationCache.ts,src/renderer/pages/conversation/utils/conversationCache.ts,7,7,0,100.0,100.0
AUTO,identical,src/renderer/pages/conversation/utils/layoutCalc.ts,src/renderer/pages/conversation/utils/layoutCalc.ts,57,57,0,100.0,100.0
AUTO,identical,src/renderer/pages/conversation/components/ConversationTitleMinimap/minimapTypes.ts,src/renderer/pages/conversation/components/ConversationTitleMinimap/minimapTypes.ts,19,19,0,100.0,100.0
AUTO,identical,src/renderer/pages/conversation/hooks/useContainerWidth.ts,src/renderer/pages/conversation/hooks/useContainerWidth.ts,15,15,0,100.0,100.0
AUTO,identical,src/renderer/pages/conversation/hooks/useLayoutConstraints.ts,src/renderer/pages/conversation/hooks/useLayoutConstraints.ts,26,26,0,100.0,100.0
AUTO,identical,src/renderer/pages/conversation/hooks/usePreviewAutoCollapse.ts,src/renderer/pages/conversation/hooks/usePreviewAutoCollapse.ts,29,29,0,100.0,100.0
AUTO,identical,src/renderer/pages/conversation/Preview/types.ts,src/renderer/pages/conversation/Preview/types.ts,3,3,0,100.0,100.0
AUTO,identical,src/renderer/pages/conversation/Preview/constants.ts,src/renderer/pages/conversation/Preview/constants.ts,14,14,0,100.0,100.0
AUTO,identical,src/renderer/pages/conversation/Preview/index.ts,src/renderer/pages/conversation/Preview/index.ts,5,5,0,100.0,100.0
AUTO,identical,src/renderer/pages/conversation/Preview/context/index.ts,src/renderer/pages/conversation/Preview/context/index.ts,4,4,0,100.0,100.0
AUTO,identical,src/renderer/pages/conversation/Preview/context/PreviewToolbarExtrasContext.tsx,src/renderer/pages/conversation/Preview/context/PreviewToolbarExtrasContext.tsx,8,8,0,100.0,100.0
AUTO,identical,src/renderer/pages/conversation/Preview/components/index.ts,src/renderer/pages/conversation/Preview/components/index.ts,5,5,0,100.0,100.0
AUTO,identical,src/renderer/pages/conversation/Preview/components/renderers/index.ts,src/renderer/pages/conversation/Preview/components/renderers/index.ts,2,2,0,100.0,100.0
AUTO,identical,src/renderer/pages/conversation/Preview/components/PreviewPanel/index.ts,src/renderer/pages/conversation/Preview/components/PreviewPanel/index.ts,8,8,0,100.0,100.0
AUTO,identical,src/renderer/pages/conversation/Preview/components/viewers/ImageViewer.tsx,src/renderer/pages/conversation/Preview/components/viewers/ImageViewer.tsx,23,23,0,100.0,100.0
AUTO,identical,src/renderer/pages/conversation/Preview/components/viewers/OfficeDocViewer.tsx,src/renderer/pages/conversation/Preview/components/viewers/OfficeDocViewer.tsx,5,5,0,100.0,100.0
AUTO,identical,src/renderer/pages/conversation/Preview/components/viewers/PptViewer.tsx,src/renderer/pages/conversation/Preview/components/viewers/PptViewer.tsx,5,5,0,100.0,100.0
AUTO,identical,src/renderer/pages/conversation/Preview/components/viewers/URLViewer.tsx,src/renderer/pages/conversation/Preview/components/viewers/URLViewer.tsx,6,6,0,100.0,100.0
AUTO,identical,src/renderer/pages/conversation/Preview/components/viewers/index.ts,src/renderer/pages/conversation/Preview/components/viewers/index.ts,9,9,0,100.0,100.0
AUTO,identical,src/renderer/pages/conversation/Preview/components/viewers/ExcelViewer.tsx,src/renderer/pages/conversation/Preview/components/viewers/ExcelViewer.tsx,5,5,0,100.0,100.0
AUTO,identical,src/renderer/pages/conversation/Preview/hooks/useThemeDetection.ts,src/renderer/pages/conversation/Preview/hooks/useThemeDetection.ts,10,10,0,100.0,100.0
AUTO,identical,src/renderer/pages/conversation/Preview/hooks/index.ts,src/renderer/pages/conversation/Preview/hooks/index.ts,6,6,0,100.0,100.0
AUTO,identical,src/renderer/services/registerPwa.ts,src/renderer/services/registerPwa.ts,14,14,0,100.0,100.0
AUTO,identical,src/common/index.ts,src/common/index.ts,2,2,0,100.0,100.0
AUTO,identical,src/common/electronSafe.ts,src/common/electronSafe.ts,28,28,0,100.0,100.0
AUTO,identical,src/common/types/fileSnapshot.ts,src/common/types/fileSnapshot.ts,8,8,0,100.0,100.0
AUTO,identical,src/common/types/turndown-plugin-gfm.d.ts,src/common/types/turndown-plugin-gfm.d.ts,6,6,0,100.0,100.0
AUTO,identical,src/common/types/database.ts,src/common/types/database.ts,8,8,0,100.0,100.0
AUTO,identical,src/common/types/codex/codexModes.ts,src/common/types/codex/codexModes.ts,7,7,0,100.0,100.0
AUTO,identical,src/common/types/codex/types/index.ts,src/common/types/codex/types/index.ts,24,24,0,100.0,100.0
AUTO,identical,src/common/types/codex/types/errorTypes.ts,src/common/types/codex/types/errorTypes.ts,15,15,0,100.0,100.0
AUTO,identical,src/common/types/codex/types/permissionTypes.ts,src/common/types/codex/types/permissionTypes.ts,20,20,0,100.0,100.0
AUTO,identical,src/common/types/codex/utils/index.ts,src/common/types/codex/utils/index.ts,2,2,0,100.0,100.0
AUTO,identical,src/common/chat/sideQuestion.ts,src/common/chat/sideQuestion.ts,7,7,0,100.0,100.0
AUTO,identical,src/common/chat/atCommandParser.ts,src/common/chat/atCommandParser.ts,37,37,0,100.0,100.0
AUTO,identical,src/common/chat/navigation/index.ts,src/common/chat/navigation/index.ts,2,2,0,100.0,100.0
AUTO,identical,src/common/chat/slash/availability.ts,src/common/chat/slash/availability.ts,6,6,0,100.0,100.0
AUTO,identical,src/common/chat/approval/ApprovalStore.ts,src/common/chat/approval/ApprovalStore.ts,14,14,0,100.0,100.0
AUTO,identical,src/common/chat/approval/index.ts,src/common/chat/approval/index.ts,1,1,0,100.0,100.0
AUTO,identical,src/common/platform/register-electron.ts,src/common/platform/register-electron.ts,3,3,0,100.0,100.0
AUTO,identical,src/common/platform/register-node.ts,src/common/platform/register-node.ts,3,3,0,100.0,100.0
AUTO,identical,src/common/utils/utils.ts,src/common/utils/utils.ts,25,25,0,100.0,100.0
AUTO,identical,src/common/utils/platformAuthType.ts,src/common/utils/platformAuthType.ts,22,22,0,100.0,100.0
AUTO,identical,src/common/utils/platformConstants.ts,src/common/utils/platformConstants.ts,3,3,0,100.0,100.0
AUTO,identical,src/common/utils/geminiModes.ts,src/common/utils/geminiModes.ts,32,32,0,100.0,100.0
AUTO,identical,src/common/utils/index.ts,src/common/utils/index.ts,1,1,0,100.0,100.0
AUTO,identical,src/common/utils/shims/xterm-headless.ts,src/common/utils/shims/xterm-headless.ts,3,3,0,100.0,100.0
AUTO,identical,src/common/adapter/constant.ts,src/common/adapter/constant.ts,2,2,0,100.0,100.0
AUTO,identical,src/common/adapter/registry.ts,src/common/adapter/registry.ts,12,12,0,100.0,100.0
AUTO,identical,src/common/api/ProtocolConverter.ts,src/common/api/ProtocolConverter.ts,6,6,0,100.0,100.0
AUTO,identical,src/common/api/index.ts,src/common/api/index.ts,5,5,0,100.0,100.0
AUTO,identical,src/process/bridge/databaseBridge.ts,src/process/bridge/databaseBridge.ts,28,28,0,100.0,100.0
AUTO,identical,src/process/bridge/workspaceSnapshotBridge.ts,src/process/bridge/workspaceSnapshotBridge.ts,31,31,0,100.0,100.0
AUTO,identical,src/process/bridge/migrationUtils.ts,src/process/bridge/migrationUtils.ts,18,18,0,100.0,100.0
AUTO,identical,src/process/bridge/speechToTextBridge.ts,src/process/bridge/speechToTextBridge.ts,5,5,0,100.0,100.0
AUTO,identical,src/process/bridge/geminiBridge.ts,src/process/bridge/geminiBridge.ts,7,7,0,100.0,100.0
AUTO,identical,src/process/bridge/starOfficeBridge.ts,src/process/bridge/starOfficeBridge.ts,75,75,0,100.0,100.0
AUTO,identical,src/process/bridge/testCustomAgentConnection.ts,src/process/bridge/testCustomAgentConnection.ts,24,24,0,100.0,100.0
AUTO,identical,src/process/bridge/previewHistoryBridge.ts,src/process/bridge/previewHistoryBridge.ts,10,10,0,100.0,100.0
AUTO,identical,src/process/bridge/geminiConversationBridge.ts,src/process/bridge/geminiConversationBridge.ts,11,11,0,100.0,100.0
AUTO,identical,src/process/resources/skills/mermaid/scripts/render.ts,src/process/resources/skills/mermaid/scripts/render.ts,59,59,0,100.0,100.0
AUTO,identical,src/process/utils/configureConsole.ts,src/process/utils/configureConsole.ts,3,3,0,100.0,100.0
AUTO,identical,src/process/utils/previewUtils.ts,src/process/utils/previewUtils.ts,16,16,0,100.0,100.0
AUTO,identical,src/process/utils/openclawUtils.ts,src/process/utils/openclawUtils.ts,12,12,0,100.0,100.0
AUTO,identical,src/process/utils/mainWindowLifecycle.ts,src/process/utils/mainWindowLifecycle.ts,15,15,0,100.0,100.0
AUTO,identical,src/process/utils/mainLogger.ts,src/process/utils/mainLogger.ts,14,14,0,100.0,100.0
AUTO,identical,src/process/utils/index.ts,src/process/utils/index.ts,2,2,0,100.0,100.0
AUTO,identical,src/process/utils/configureConsoleLog.ts,src/process/utils/configureConsoleLog.ts,7,7,0,100.0,100.0
AUTO,identical,src/process/agent/gemini/GeminiApprovalStore.ts,src/process/agent/gemini/GeminiApprovalStore.ts,17,17,0,100.0,100.0
AUTO,identical,src/process/agent/gemini/cli/tools/tool-error.ts,src/process/agent/gemini/cli/tools/tool-error.ts,17,17,0,100.0,100.0
AUTO,identical,src/process/agent/gemini/cli/tools/utils.ts,src/process/agent/gemini/cli/tools/utils.ts,9,9,0,100.0,100.0
AUTO,identical,src/process/agent/gemini/cli/tools/index.ts,src/process/agent/gemini/cli/tools/index.ts,3,3,0,100.0,100.0
AUTO,identical,src/process/agent/gemini/cli/utils/schemaValidator.ts,src/process/agent/gemini/cli/utils/schemaValidator.ts,10,10,0,100.0,100.0
AUTO,identical,src/process/agent/acp/constants.ts,src/process/agent/acp/constants.ts,5,5,0,100.0,100.0
AUTO,identical,src/process/agent/acp/modelInfo.ts,src/process/agent/acp/modelInfo.ts,38,38,0,100.0,100.0
AUTO,identical,src/process/agent/remote/index.ts,src/process/agent/remote/index.ts,2,2,0,100.0,100.0
AUTO,identical,src/process/extensions/lifecycle/lifecycleRunner.ts,src/process/extensions/lifecycle/lifecycleRunner.ts,29,29,0,100.0,100.0
AUTO,identical,src/process/extensions/protocol/uiProtocol.ts,src/process/extensions/protocol/uiProtocol.ts,43,43,0,100.0,100.0
AUTO,identical,src/process/extensions/resolvers/AcpAdapterResolver.ts,src/process/extensions/resolvers/AcpAdapterResolver.ts,29,29,0,100.0,100.0
AUTO,identical,src/process/extensions/resolvers/ModelProviderResolver.ts,src/process/extensions/resolvers/ModelProviderResolver.ts,29,29,0,100.0,100.0
AUTO,identical,src/process/extensions/resolvers/SkillResolver.ts,src/process/extensions/resolvers/SkillResolver.ts,18,18,0,100.0,100.0
AUTO,identical,src/process/extensions/resolvers/ThemeResolver.ts,src/process/extensions/resolvers/ThemeResolver.ts,32,32,0,100.0,100.0
AUTO,identical,src/process/extensions/resolvers/McpServerResolver.ts,src/process/extensions/resolvers/McpServerResolver.ts,14,14,0,100.0,100.0
AUTO,identical,src/process/extensions/resolvers/utils/fileResolver.ts,src/process/extensions/resolvers/utils/fileResolver.ts,41,41,0,100.0,100.0
AUTO,identical,src/process/extensions/resolvers/utils/entryPointResolver.ts,src/process/extensions/resolvers/utils/entryPointResolver.ts,25,25,0,100.0,100.0
AUTO,identical,src/process/extensions/sandbox/pathSafety.ts,src/process/extensions/sandbox/pathSafety.ts,25,25,0,100.0,100.0
AUTO,identical,src/process/webserver/middleware/security.ts,src/process/webserver/middleware/security.ts,22,22,0,100.0,100.0
AUTO,identical,src/process/webserver/types/express.d.ts,src/process/webserver/types/express.d.ts,4,4,0,100.0,100.0
AUTO,identical,src/process/webserver/auth/index.ts,src/process/webserver/auth/index.ts,7,7,0,100.0,100.0
AUTO,identical,src/process/webserver/routes/weixinLoginRoutes.ts,src/process/webserver/routes/weixinLoginRoutes.ts,14,14,0,100.0,100.0
AUTO,identical,src/process/team/googleAuthCheck.ts,src/process/team/googleAuthCheck.ts,8,8,0,100.0,100.0
AUTO,identical,src/process/team/index.ts,src/process/team/index.ts,3,3,0,100.0,100.0
AUTO,identical,src/process/team/teamEventBus.ts,src/process/team/teamEventBus.ts,5,5,0,100.0,100.0
AUTO,identical,src/process/team/mcp/modelListHandler.ts,src/process/team/mcp/modelListHandler.ts,25,25,0,100.0,100.0
AUTO,identical,src/process/team/mcp/guide/teamGuideSingleton.ts,src/process/team/mcp/guide/teamGuideSingleton.ts,11,11,0,100.0,100.0
AUTO,identical,src/process/team/prompts/teamGuideCapability.ts,src/process/team/prompts/teamGuideCapability.ts,5,5,0,100.0,100.0
AUTO,identical,src/process/team/prompts/teamGuideAssistant.ts,src/process/team/prompts/teamGuideAssistant.ts,18,18,0,100.0,100.0
AUTO,identical,src/process/team/prompts/toolDescriptions.ts,src/process/team/prompts/toolDescriptions.ts,14,14,0,100.0,100.0
AUTO,identical,src/process/task/AgentFactory.ts,src/process/task/AgentFactory.ts,13,13,0,100.0,100.0
AUTO,identical,src/process/task/IAgentEventEmitter.ts,src/process/task/IAgentEventEmitter.ts,11,11,0,100.0,100.0
AUTO,identical,src/process/task/IAgentFactory.ts,src/process/task/IAgentFactory.ts,11,11,0,100.0,100.0
AUTO,identical,src/process/worker/utils.ts,src/process/worker/utils.ts,10,10,0,100.0,100.0
AUTO,identical,src/process/worker/WorkerProtocol.ts,src/process/worker/WorkerProtocol.ts,8,8,0,100.0,100.0
AUTO,identical,src/process/acp/index.ts,src/process/acp/index.ts,9,9,0,100.0,100.0
AUTO,identical,src/process/acp/metrics/AcpMetrics.ts,src/process/acp/metrics/AcpMetrics.ts,11,11,0,100.0,100.0
AUTO,identical,src/process/acp/infra/processUtils.ts,src/process/acp/infra/processUtils.ts,45,45,0,100.0,100.0
AUTO,identical,src/process/acp/compat/index.ts,src/process/acp/compat/index.ts,2,2,0,100.0,100.0
AUTO,identical,src/process/acp/runtime/IdleReclaimer.ts,src/process/acp/runtime/IdleReclaimer.ts,15,15,0,100.0,100.0
AUTO,identical,src/process/acp/errors/errorExtract.ts,src/process/acp/errors/errorExtract.ts,16,16,0,100.0,100.0
AUTO,identical,src/process/services/geminiSubscription.ts,src/process/services/geminiSubscription.ts,27,27,0,100.0,100.0
AUTO,identical,src/process/services/conversationServiceSingleton.ts,src/process/services/conversationServiceSingleton.ts,5,5,0,100.0,100.0
AUTO,identical,src/process/services/database/IChannelRepository.ts,src/process/services/database/IChannelRepository.ts,7,7,0,100.0,100.0
AUTO,identical,src/process/services/database/SqliteAcpSessionRepository.ts,src/process/services/database/SqliteAcpSessionRepository.ts,51,51,0,100.0,100.0
AUTO,identical,src/process/services/database/IAcpSessionRepository.ts,src/process/services/database/IAcpSessionRepository.ts,15,15,0,100.0,100.0
AUTO,identical,src/process/services/cron/IpcCronEventEmitter.ts,src/process/services/cron/IpcCronEventEmitter.ts,15,15,0,100.0,100.0
AUTO,identical,src/process/services/cron/cronServiceSingleton.ts,src/process/services/cron/cronServiceSingleton.ts,12,12,0,100.0,100.0
AUTO,identical,src/process/services/cron/SqliteCronRepository.ts,src/process/services/cron/SqliteCronRepository.ts,19,19,0,100.0,100.0
AUTO,identical,src/process/services/cron/ICronRepository.ts,src/process/services/cron/ICronRepository.ts,10,10,0,100.0,100.0
AUTO,identical,src/process/services/cron/ICronEventEmitter.ts,src/process/services/cron/ICronEventEmitter.ts,7,7,0,100.0,100.0
AUTO,identical,src/process/channels/index.ts,src/process/channels/index.ts,13,13,0,100.0,100.0
AUTO,identical,src/process/channels/pairing/index.ts,src/process/channels/pairing/index.ts,1,1,0,100.0,100.0
AUTO,identical,src/process/channels/plugins/dingtalk/index.ts,src/process/channels/plugins/dingtalk/index.ts,3,3,0,100.0,100.0
AUTO,identical,src/process/channels/plugins/lark/index.ts,src/process/channels/plugins/lark/index.ts,3,3,0,100.0,100.0
AUTO,identical,src/process/channels/plugins/weixin/index.ts,src/process/channels/plugins/weixin/index.ts,1,1,0,100.0,100.0
AUTO,identical,src/process/channels/plugins/telegram/index.ts,src/process/channels/plugins/telegram/index.ts,3,3,0,100.0,100.0
AUTO,identical,src/process/channels/utils/channelConversation.ts,src/process/channels/utils/channelConversation.ts,16,16,0,100.0,100.0
AUTO,identical,src/process/channels/utils/index.ts,src/process/channels/utils/index.ts,3,3,0,100.0,100.0
AUTO,identical,src/process/channels/agent/index.ts,src/process/channels/agent/index.ts,1,1,0,100.0,100.0
AUTO,identical,src/process/channels/actions/types.ts,src/process/channels/actions/types.ts,36,36,0,100.0,100.0
AUTO,identical,src/process/channels/actions/index.ts,src/process/channels/actions/index.ts,3,3,0,100.0,100.0
AUTO,identical,src/process/channels/gateway/index.ts,src/process/channels/gateway/index.ts,2,2,0,100.0,100.0
AUTO,identical,src/process/agent/types.ts,src/process/agent/types.ts,2,2,0,100.0,92.3
AUTO,near-verbatim,src/renderer/pages/conversation/components/ConversationTitleMinimap/minimapUtils.ts,src/renderer/pages/conversation/components/ConversationTitleMinimap/minimapUtils.ts,113,112,1,99.1,100.0
AUTO,near-verbatim,tests/unit/renderer/team/TeamEmptyState.dom.test.tsx,tests/unit/renderer/team/TeamEmptyState.dom.test.tsx,95,94,1,98.9,100.0
AUTO,near-verbatim,tests/integration/webui-pwa-build.test.ts,tests/integration/webui-pwa-build.test.ts,86,85,1,98.8,100.0
AUTO,near-verbatim,src/renderer/hooks/assistant/useAssistantSkills.ts,src/renderer/hooks/assistant/useAssistantSkills.ts,81,80,1,98.8,100.0
AUTO,near-verbatim,src/process/extensions/sandbox/sandboxWorker.ts,src/process/extensions/sandbox/sandboxWorker.ts,82,81,1,98.8,100.0
AUTO,near-verbatim,src/process/acp/session/ConfigTracker.ts,src/process/acp/session/ConfigTracker.ts,76,75,1,98.7,100.0
AUTO,near-verbatim,tests/e2e/specs/team-create-preset-leader.e2e.ts,tests/e2e/specs/team-create-preset-leader.e2e.ts,69,68,1,98.6,100.0
AUTO,near-verbatim,src/renderer/utils/chat/conversationExport.ts,src/renderer/utils/chat/conversationExport.ts,68,67,1,98.5,100.0
AUTO,near-verbatim,src/renderer/pages/conversation/Preview/components/renderers/htmlInspectScript.ts,src/renderer/pages/conversation/Preview/components/renderers/htmlInspectScript.ts,65,64,1,98.5,100.0
AUTO,near-verbatim,src/renderer/pages/conversation/Preview/components/viewers/OfficeWatchViewer.tsx,src/renderer/pages/conversation/Preview/components/viewers/OfficeWatchViewer.tsx,66,65,1,98.5,100.0
AUTO,near-verbatim,src/process/utils/message.ts,src/process/utils/message.ts,65,64,1,98.5,100.0
AUTO,near-verbatim,src/process/agent/gemini/cli/extension.ts,src/process/agent/gemini/cli/extension.ts,65,64,1,98.5,100.0
AUTO,near-verbatim,src/common/api/ApiKeyManager.ts,src/common/api/ApiKeyManager.ts,63,62,1,98.4,100.0
AUTO,near-verbatim,src/common/api/RotatingApiClient.ts,src/common/api/RotatingApiClient.ts,64,63,1,98.4,100.0
AUTO,near-verbatim,src/process/agent/openclaw/types.ts,src/process/agent/openclaw/types.ts,62,61,1,98.4,100.0
AUTO,near-verbatim,tests/unit/inlineAgentEditorUtils.test.ts,tests/unit/inlineAgentEditorUtils.test.ts,60,59,1,98.3,100.0
AUTO,near-verbatim,src/process/services/cron/SkillSuggestWatcher.ts,src/process/services/cron/SkillSuggestWatcher.ts,59,58,1,98.3,100.0
AUTO,near-verbatim,tests/unit/process/bridge/fsBridge.standalone.test.ts,tests/unit/process/bridge/fsBridge.standalone.test.ts,57,56,1,98.2,98.8
AUTO,near-verbatim,tests/unit/test_acp_connection_disconnect.ts,tests/unit/test_acp_connection_disconnect.ts,53,52,1,98.1,100.0
AUTO,near-verbatim,src/process/extensions/sandbox/permissions.ts,src/process/extensions/sandbox/permissions.ts,49,48,1,98.0,100.0
AUTO,near-verbatim,src/process/utils/zoom.ts,src/process/utils/zoom.ts,47,46,1,97.9,98.1
AUTO,near-verbatim,tests/unit/chat/conversationIndex.dom.test.tsx,tests/unit/chat/conversationIndex.dom.test.tsx,46,45,1,97.8,100.0
AUTO,near-verbatim,src/renderer/pages/team/hooks/useSiderTeamBadges.ts,src/renderer/pages/team/hooks/useSiderTeamBadges.ts,44,43,1,97.7,100.0
AUTO,near-verbatim,src/renderer/pages/conversation/platforms/gemini/useGeminiInitialMessage.ts,src/renderer/pages/conversation/platforms/gemini/useGeminiInitialMessage.ts,44,43,1,97.7,100.0
AUTO,near-verbatim,src/renderer/pages/conversation/Messages/codex/ToolCallComponent/GenericDisplay.tsx,src/renderer/pages/conversation/Messages/codex/ToolCallComponent/GenericDisplay.tsx,41,40,1,97.6,100.0
AUTO,near-verbatim,src/renderer/pages/conversation/components/ChatLayout/MobileWorkspaceOverlay.tsx,src/renderer/pages/conversation/components/ChatLayout/MobileWorkspaceOverlay.tsx,42,41,1,97.6,100.0
AUTO,near-verbatim,tests/unit/renderer/useAcpInitialMessage.dom.test.tsx,tests/unit/renderer/useAcpInitialMessage.dom.test.tsx,40,39,1,97.5,100.0
AUTO,near-verbatim,src/renderer/utils/ui/runtimePatches.ts,src/renderer/utils/ui/runtimePatches.ts,80,78,2,97.5,100.0
AUTO,near-verbatim,src/renderer/pages/conversation/platforms/acp/useAcpInitialMessage.ts,src/renderer/pages/conversation/platforms/acp/useAcpInitialMessage.ts,38,37,1,97.4,100.0
AUTO,near-verbatim,src/renderer/pages/conversation/hooks/useTitleRename.ts,src/renderer/pages/conversation/hooks/useTitleRename.ts,39,38,1,97.4,100.0
AUTO,near-verbatim,tests/unit/geminiToolNameCompat.test.ts,tests/unit/geminiToolNameCompat.test.ts,37,36,1,97.3,100.0
AUTO,near-verbatim,tests/unit/sendboxUploadGuard.dom.test.tsx,tests/unit/sendboxUploadGuard.dom.test.tsx,74,72,2,97.3,100.0
AUTO,near-verbatim,tests/unit/process/team/modelListHandler.test.ts,tests/unit/process/team/modelListHandler.test.ts,37,36,1,97.3,100.0
AUTO,near-verbatim,src/renderer/hooks/ui/useColorScheme.ts,src/renderer/hooks/ui/useColorScheme.ts,37,36,1,97.3,96.2
AUTO,near-verbatim,src/renderer/pages/conversation/Workspace/hooks/useWorkspaceEvents.ts,src/renderer/pages/conversation/Workspace/hooks/useWorkspaceEvents.ts,71,69,2,97.2,100.0
AUTO,near-verbatim,src/renderer/utils/model/modelCapabilities.ts,src/renderer/utils/model/modelCapabilities.ts,35,34,1,97.1,100.0
AUTO,near-verbatim,src/renderer/hooks/agent/useAgentReadinessCheck.ts,src/renderer/hooks/agent/useAgentReadinessCheck.ts,69,67,2,97.1,100.0
AUTO,near-verbatim,src/process/team/mcp/guide/teamGuideMcpStdio.ts,src/process/team/mcp/guide/teamGuideMcpStdio.ts,34,33,1,97.1,98.6
AUTO,near-verbatim,tests/unit/bridge/fileWatchBridge.test.ts,tests/unit/bridge/fileWatchBridge.test.ts,34,33,1,97.1,97.3
AUTO,near-verbatim,tests/unit/renderer/components/chat/ThoughtDisplay.dom.test.tsx,tests/unit/renderer/components/chat/ThoughtDisplay.dom.test.tsx,32,31,1,96.9,100.0
AUTO,near-verbatim,tests/e2e/specs/team-describe-assistant.e2e.ts,tests/e2e/specs/team-describe-assistant.e2e.ts,97,94,3,96.9,100.0
AUTO,near-verbatim,tests/e2e/specs/team-whitelist.e2e.ts,tests/e2e/specs/team-whitelist.e2e.ts,32,31,1,96.9,100.0
AUTO,near-verbatim,src/process/acp/infra/NdjsonTransport.ts,src/process/acp/infra/NdjsonTransport.ts,32,31,1,96.9,100.0
AUTO,near-verbatim,scripts/run-benchmarks.ts,scripts/run-benchmarks.ts,295,286,9,96.9,99.6
AUTO,near-verbatim,src/renderer/pages/conversation/Preview/components/viewers/DiffViewer.tsx,src/renderer/pages/conversation/Preview/components/viewers/DiffViewer.tsx,98,95,3,96.9,97.4
AUTO,near-verbatim,tests/e2e/helpers/selectors.ts,tests/e2e/helpers/selectors.ts,65,63,2,96.9,96.6
AUTO,near-verbatim,src/process/worker/fork/pipe.ts,src/process/worker/fork/pipe.ts,64,62,2,96.9,83.3
AUTO,near-verbatim,src/renderer/hooks/chat/useInitialMessage.ts,src/renderer/hooks/chat/useInitialMessage.ts,31,30,1,96.8,100.0
AUTO,near-verbatim,src/process/agent/gemini/cli/tools/tools.ts,src/process/agent/gemini/cli/tools/tools.ts,124,120,4,96.8,100.0
AUTO,near-verbatim,src/process/extensions/resolvers/I18nResolver.ts,src/process/extensions/resolvers/I18nResolver.ts,63,61,2,96.8,100.0
AUTO,near-verbatim,src/process/acp/session/InputPreprocessor.ts,src/process/acp/session/InputPreprocessor.ts,62,60,2,96.8,100.0
AUTO,near-verbatim,src/renderer/pages/conversation/components/ChatLayout/WorkspaceOpenButton.tsx,src/renderer/pages/conversation/components/ChatLayout/WorkspaceOpenButton.tsx,62,60,2,96.8,97.6
AUTO,near-verbatim,src/process/acp/session/AuthNegotiator.ts,src/process/acp/session/AuthNegotiator.ts,30,29,1,96.7,100.0
AUTO,near-verbatim,tests/unit/OpenClawAgentManagerBootstrap.test.ts,tests/unit/OpenClawAgentManagerBootstrap.test.ts,58,56,2,96.6,100.0
AUTO,near-verbatim,src/renderer/pages/settings/CapabilitiesSettings.tsx,src/renderer/pages/settings/CapabilitiesSettings.tsx,29,28,1,96.6,100.0
AUTO,near-verbatim,src/renderer/pages/guid/hooks/useGuidMention.ts,src/renderer/pages/guid/hooks/useGuidMention.ts,89,86,3,96.6,98.6
AUTO,near-verbatim,src/renderer/components/chat/EmojiPicker.tsx,src/renderer/components/chat/EmojiPicker.tsx,57,55,2,96.5,98.5
AUTO,near-verbatim,tests/unit/geminiAgentManagerCrash.test.ts,tests/unit/geminiAgentManagerCrash.test.ts,84,81,3,96.4,100.0
AUTO,near-verbatim,src/renderer/utils/file/workspaceMentions.ts,src/renderer/utils/file/workspaceMentions.ts,28,27,1,96.4,100.0
AUTO,near-verbatim,src/process/agent/acp/ApprovalStore.ts,src/process/agent/acp/ApprovalStore.ts,28,27,1,96.4,100.0
AUTO,near-verbatim,src/process/acp/infra/IAcpClient.ts,src/process/acp/infra/IAcpClient.ts,28,27,1,96.4,100.0
AUTO,near-verbatim,scripts/debug-wecom-verify-url.ts,scripts/debug-wecom-verify-url.ts,28,27,1,96.4,95.8
AUTO,near-verbatim,src/renderer/utils/ui/ModalHOC.tsx,src/renderer/utils/ui/ModalHOC.tsx,27,26,1,96.3,100.0
AUTO,near-verbatim,src/renderer/pages/conversation/Preview/hooks/useTabOverflow.ts,src/renderer/pages/conversation/Preview/hooks/useTabOverflow.ts,27,26,1,96.3,100.0
AUTO,near-verbatim,tests/unit/LocalAgents.dom.test.tsx,tests/unit/LocalAgents.dom.test.tsx,81,78,3,96.3,99.2
AUTO,near-verbatim,tests/bench/serialization.bench.ts,tests/bench/serialization.bench.ts,80,77,3,96.2,100.0
AUTO,near-verbatim,src/process/services/conversionService.ts,src/process/services/conversionService.ts,206,198,8,96.1,99.3
AUTO,near-verbatim,tests/unit/forkTaskExit.test.ts,tests/unit/forkTaskExit.test.ts,25,24,1,96.0,100.0
AUTO,near-verbatim,tests/e2e/specs/team-communication.e2e.ts,tests/e2e/specs/team-communication.e2e.ts,25,24,1,96.0,100.0
AUTO,near-verbatim,src/common/api/OpenAI2GeminiConverter.ts,src/common/api/OpenAI2GeminiConverter.ts,75,72,3,96.0,100.0
AUTO,near-verbatim,tests/unit/schema.test.ts,tests/unit/schema.test.ts,25,24,1,96.0,97.5
AUTO,near-verbatim,src/process/services/IConversationService.ts,src/process/services/IConversationService.ts,25,24,1,96.0,95.6
AUTO,near-verbatim,src/process/task/ConversationTurnCompletionService.ts,src/process/task/ConversationTurnCompletionService.ts,49,47,2,95.9,94.9
AUTO,near-verbatim,src/process/extensions/lifecycle/ExtensionEventBus.ts,src/process/extensions/lifecycle/ExtensionEventBus.ts,24,23,1,95.8,100.0
AUTO,near-verbatim,src/renderer/pages/team/hooks/TeamTabsContext.tsx,src/renderer/pages/team/hooks/TeamTabsContext.tsx,69,66,3,95.7,100.0
AUTO,near-verbatim,src/common/chat/navigation/NavigationInterceptor.ts,src/common/chat/navigation/NavigationInterceptor.ts,69,66,3,95.7,100.0
AUTO,near-verbatim,src/process/team/mcp/guide/TeamGuideMcpServer.ts,src/process/team/mcp/guide/TeamGuideMcpServer.ts,94,90,4,95.7,99.1
AUTO,near-verbatim,src/process/agent/gemini/cli/ide/ideContext.ts,src/process/agent/gemini/cli/ide/ideContext.ts,45,43,2,95.6,100.0
AUTO,near-verbatim,tests/unit/mcpAsarUnpack.test.ts,tests/unit/mcpAsarUnpack.test.ts,22,21,1,95.5,100.0
AUTO,near-verbatim,tests/e2e/specs/team-empty-state.e2e.ts,tests/e2e/specs/team-empty-state.e2e.ts,44,42,2,95.5,100.0
AUTO,near-verbatim,src/renderer/hooks/file/useDragUpload.ts,src/renderer/hooks/file/useDragUpload.ts,44,42,2,95.5,100.0
AUTO,near-verbatim,tests/integration/i18n-packaged.test.ts,tests/integration/i18n-packaged.test.ts,65,62,3,95.4,100.0
AUTO,near-verbatim,src/process/agent/openclaw/deviceIdentity.ts,src/process/agent/openclaw/deviceIdentity.ts,65,62,3,95.4,100.0
AUTO,near-verbatim,src/renderer/components/settings/FontSizeControl.tsx,src/renderer/components/settings/FontSizeControl.tsx,43,41,2,95.3,100.0
AUTO,near-verbatim,src/renderer/pages/team/hooks/useTeamPendingPermissions.ts,src/renderer/pages/team/hooks/useTeamPendingPermissions.ts,43,41,2,95.3,100.0
AUTO,near-verbatim,src/process/extensions/hub/HubStateManager.ts,src/process/extensions/hub/HubStateManager.ts,64,61,3,95.3,100.0
AUTO,near-verbatim,tests/unit/renderer/components/layout/Router.team-route.dom.test.tsx,tests/unit/renderer/components/layout/Router.team-route.dom.test.tsx,21,20,1,95.2,100.0
AUTO,near-verbatim,src/renderer/hooks/mcp/useMcpModal.ts,src/renderer/hooks/mcp/useMcpModal.ts,21,20,1,95.2,100.0
AUTO,near-verbatim,src/renderer/pages/conversation/GroupedHistory/hooks/useDragAndDrop.ts,src/renderer/pages/conversation/GroupedHistory/hooks/useDragAndDrop.ts,62,59,3,95.2,100.0
AUTO,near-verbatim,src/renderer/pages/conversation/Preview/components/PreviewPanel/PreviewContextMenu.tsx,src/renderer/pages/conversation/Preview/components/PreviewPanel/PreviewContextMenu.tsx,42,40,2,95.2,100.0
AUTO,near-verbatim,tests/e2e/specs/team-workspace-migration.e2e.ts,tests/e2e/specs/team-workspace-migration.e2e.ts,126,120,6,95.2,99.2
AUTO,near-verbatim,scripts/benchmark-acp-startup.ts,scripts/benchmark-acp-startup.ts,397,378,19,95.2,98.5
AUTO,near-verbatim,src/common/platform/IPlatformServices.ts,src/common/platform/IPlatformServices.ts,21,20,1,95.2,96.8
AUTO,near-verbatim,src/renderer/hooks/chat/useSlashCommands.ts,src/renderer/hooks/chat/useSlashCommands.ts,41,39,2,95.1,100.0
AUTO,near-verbatim,src/process/services/mcpServices/agents/OpencodeMcpAgent.ts,src/process/services/mcpServices/agents/OpencodeMcpAgent.ts,122,116,6,95.1,100.0
AUTO,near-verbatim,src/process/agent/gemini/utils.ts,src/process/agent/gemini/utils.ts,247,235,12,95.1,98.0
AUTO,near-verbatim,src/process/bridge/services/ActivitySnapshotBuilder.ts,src/process/bridge/services/ActivitySnapshotBuilder.ts,101,96,5,95.0,97.8
AUTO,near-verbatim,src/renderer/components/settings/SettingsModal/contents/FeedbackReportModal.tsx,src/renderer/components/settings/SettingsModal/contents/FeedbackReportModal.tsx,134,127,7,94.8,97.9
AUTO,near-verbatim,src/process/team/mcp/tcpHelpers.ts,src/process/team/mcp/tcpHelpers.ts,58,55,3,94.8,94.7
AUTO,near-verbatim,tests/unit/btwOverlay.dom.test.tsx,tests/unit/btwOverlay.dom.test.tsx,19,18,1,94.7,100.0
AUTO,near-verbatim,tests/unit/chat/messageHistory.test.ts,tests/unit/chat/messageHistory.test.ts,38,36,2,94.7,100.0
AUTO,near-verbatim,src/renderer/utils/chat/thinkTagFilter.ts,src/renderer/utils/chat/thinkTagFilter.ts,19,18,1,94.7,100.0
AUTO,near-verbatim,src/renderer/hooks/agent/useMultiAgentDetection.tsx,src/renderer/hooks/agent/useMultiAgentDetection.tsx,19,18,1,94.7,100.0
AUTO,near-verbatim,src/common/types/hub.ts,src/common/types/hub.ts,19,18,1,94.7,97.2
AUTO,near-verbatim,tests/unit/chat/sendboxHistory.dom.test.tsx,tests/unit/chat/sendboxHistory.dom.test.tsx,111,105,6,94.6,100.0
AUTO,near-verbatim,src/process/agent/openclaw/openclawConfig.ts,src/process/agent/openclaw/openclawConfig.ts,55,52,3,94.5,100.0
AUTO,near-verbatim,src/renderer/components/agent/AgentModeSelector.tsx,src/renderer/components/agent/AgentModeSelector.tsx,128,121,7,94.5,98.3
AUTO,near-verbatim,tests/unit/acpStartupError.test.ts,tests/unit/acpStartupError.test.ts,36,34,2,94.4,100.0
AUTO,near-verbatim,tests/unit/renderer/conversation/MobileWorkspaceOverlay.dom.test.tsx,tests/unit/renderer/conversation/MobileWorkspaceOverlay.dom.test.tsx,36,34,2,94.4,100.0
AUTO,near-verbatim,tests/e2e/specs/acp-conversation.e2e.ts,tests/e2e/specs/acp-conversation.e2e.ts,18,17,1,94.4,100.0
AUTO,near-verbatim,src/renderer/hooks/file/useDiffPreviewHandlers.ts,src/renderer/hooks/file/useDiffPreviewHandlers.ts,18,17,1,94.4,100.0
AUTO,near-verbatim,src/renderer/pages/conversation/GroupedHistory/utils/visibleConversationOrder.ts,src/renderer/pages/conversation/GroupedHistory/utils/visibleConversationOrder.ts,18,17,1,94.4,100.0
AUTO,near-verbatim,src/renderer/pages/conversation/components/ChatTitleEditor.tsx,src/renderer/pages/conversation/components/ChatTitleEditor.tsx,36,34,2,94.4,100.0
AUTO,near-verbatim,tests/unit/platform/inlinePlatformServices.test.ts,tests/unit/platform/inlinePlatformServices.test.ts,18,17,1,94.4,96.2
AUTO,near-verbatim,tests/unit/deviceAuthStore.test.ts,tests/unit/deviceAuthStore.test.ts,35,33,2,94.3,100.0
AUTO,near-verbatim,src/process/agent/gemini/cli/settings.ts,src/process/agent/gemini/cli/settings.ts,193,182,11,94.3,100.0
AUTO,near-verbatim,tests/e2e/specs/ext-capabilities.e2e.ts,tests/e2e/specs/ext-capabilities.e2e.ts,70,66,4,94.3,99.0
AUTO,near-verbatim,src/process/channels/plugins/telegram/TelegramKeyboards.ts,src/process/channels/plugins/telegram/TelegramKeyboards.ts,52,49,3,94.2,100.0
AUTO,near-verbatim,tests/unit/renderer/team/TeamCreateModal.dom.test.tsx,tests/unit/renderer/team/TeamCreateModal.dom.test.tsx,104,98,6,94.2,98.8
AUTO,near-verbatim,src/process/extensions/resolvers/ChannelPluginResolver.ts,src/process/extensions/resolvers/ChannelPluginResolver.ts,103,97,6,94.2,92.8
AUTO,near-verbatim,tests/unit/base64.test.ts,tests/unit/base64.test.ts,34,32,2,94.1,100.0
AUTO,near-verbatim,tests/unit/fileChanges.test.ts,tests/unit/fileChanges.test.ts,34,32,2,94.1,100.0
AUTO,near-verbatim,src/renderer/pages/guid/utils/caretUtils.ts,src/renderer/pages/guid/utils/caretUtils.ts,17,16,1,94.1,100.0
AUTO,near-verbatim,src/renderer/pages/conversation/utils/detectPlatform.ts,src/renderer/pages/conversation/utils/detectPlatform.ts,17,16,1,94.1,100.0
AUTO,near-verbatim,src/process/channels/agent/ChannelEventBus.ts,src/process/channels/agent/ChannelEventBus.ts,17,16,1,94.1,100.0
AUTO,near-verbatim,tests/unit/renderer/i18n.index.dom.test.ts,tests/unit/renderer/i18n.index.dom.test.ts,51,48,3,94.1,96.2
AUTO,near-verbatim,src/process/bridge/notificationBridge.ts,src/process/bridge/notificationBridge.ts,17,16,1,94.1,95.5
AUTO,near-verbatim,src/process/index.ts,src/process/index.ts,17,16,1,94.1,95.2
AUTO,near-verbatim,src/renderer/pages/conversation/platforms/gemini/GeminiSendBox.tsx,src/renderer/pages/conversation/platforms/gemini/GeminiSendBox.tsx,200,188,12,94.0,97.9
AUTO,near-verbatim,tests/unit/apiRoutes-helpers.test.ts,tests/unit/apiRoutes-helpers.test.ts,67,63,4,94.0,94.7
AUTO,near-verbatim,src/renderer/components/layout/Sider/CronJobSiderSection/CronJobSiderSection.tsx,src/renderer/components/layout/Sider/CronJobSiderSection/CronJobSiderSection.tsx,50,47,3,94.0,94.3
AUTO,near-verbatim,tests/unit/feedbackBridge.test.ts,tests/unit/feedbackBridge.test.ts,33,31,2,93.9,100.0
AUTO,near-verbatim,src/common/update/models/VersionInfo.ts,src/common/update/models/VersionInfo.ts,66,62,4,93.9,100.0
AUTO,near-verbatim,src/process/worker/gemini.ts,src/process/worker/gemini.ts,33,31,2,93.9,96.0
AUTO,near-verbatim,tests/unit/EditModeModal.dom.test.tsx,tests/unit/EditModeModal.dom.test.tsx,97,91,6,93.8,99.2
AUTO,near-verbatim,src/renderer/pages/conversation/platforms/nanobot/NanobotSendBox.tsx,src/renderer/pages/conversation/platforms/nanobot/NanobotSendBox.tsx,192,180,12,93.8,98.9
AUTO,near-verbatim,tests/unit/test_version_info.ts,tests/unit/test_version_info.ts,79,74,5,93.7,100.0
AUTO,near-verbatim,src/process/agent/gemini/cli/types.ts,src/process/agent/gemini/cli/types.ts,63,59,4,93.7,100.0
AUTO,near-verbatim,src/process/agent/openclaw/OpenClawGatewayConnection.ts,src/process/agent/openclaw/OpenClawGatewayConnection.ts,207,194,13,93.7,99.4
AUTO,near-verbatim,src/process/bridge/remoteAgentBridge.ts,src/process/bridge/remoteAgentBridge.ts,110,103,7,93.6,100.0
AUTO,near-verbatim,src/renderer/pages/conversation/Preview/components/PreviewPanel/PreviewHistoryDropdown.tsx,src/renderer/pages/conversation/Preview/components/PreviewPanel/PreviewHistoryDropdown.tsx,31,29,2,93.5,100.0
AUTO,near-verbatim,src/renderer/pages/conversation/Preview/hooks/usePreviewHistory.ts,src/renderer/pages/conversation/Preview/hooks/usePreviewHistory.ts,62,58,4,93.5,100.0
AUTO,near-verbatim,src/renderer/pages/conversation/Messages/components/SelectionReplyButton.tsx,src/renderer/pages/conversation/Messages/components/SelectionReplyButton.tsx,62,58,4,93.5,97.5
AUTO,near-verbatim,src/process/team/mcp/team/teamMcpStdio.ts,src/process/team/mcp/team/teamMcpStdio.ts,93,87,6,93.5,95.7
AUTO,near-verbatim,src/server.ts,src/server.ts,46,43,3,93.5,94.1
AUTO,near-verbatim,src/renderer/components/Markdown/ShadowView.tsx,src/renderer/components/Markdown/ShadowView.tsx,91,85,6,93.4,100.0
AUTO,near-verbatim,tests/unit/WorkspaceOpenButton.dom.test.tsx,tests/unit/WorkspaceOpenButton.dom.test.tsx,45,42,3,93.3,100.0
AUTO,near-verbatim,tests/unit/process/team/teamMcpToolDescriptions.test.ts,tests/unit/process/team/teamMcpToolDescriptions.test.ts,15,14,1,93.3,100.0
AUTO,near-verbatim,src/renderer/pages/conversation/Workspace/hooks/useWorkspaceSearch.ts,src/renderer/pages/conversation/Workspace/hooks/useWorkspaceSearch.ts,30,28,2,93.3,100.0
AUTO,near-verbatim,src/process/team/mcpReadiness.ts,src/process/team/mcpReadiness.ts,15,14,1,93.3,100.0
AUTO,near-verbatim,src/process/task/IpcAgentEventEmitter.ts,src/process/task/IpcAgentEventEmitter.ts,15,14,1,93.3,100.0
AUTO,near-verbatim,src/renderer/hooks/ui/useResizableSplit.tsx,src/renderer/hooks/ui/useResizableSplit.tsx,103,96,7,93.2,100.0
AUTO,near-verbatim,src/common/utils/presetAssistantResources.ts,src/common/utils/presetAssistantResources.ts,59,55,4,93.2,100.0
AUTO,near-verbatim,tests/unit/acpTypesSkillsDirs.test.ts,tests/unit/acpTypesSkillsDirs.test.ts,59,55,4,93.2,97.7
AUTO,near-verbatim,src/renderer/pages/conversation/GroupedHistory/hooks/useBatchSelection.ts,src/renderer/pages/conversation/GroupedHistory/hooks/useBatchSelection.ts,29,27,2,93.1,100.0
AUTO,near-verbatim,src/renderer/pages/conversation/components/ConversationSkillsIndicator.tsx,src/renderer/pages/conversation/components/ConversationSkillsIndicator.tsx,29,27,2,93.1,97.6
AUTO,near-verbatim,src/process/extensions/resolvers/SettingsTabResolver.ts,src/process/extensions/resolvers/SettingsTabResolver.ts,72,67,5,93.1,95.6
AUTO,near-verbatim,src/process/bridge/feedbackBridge.ts,src/process/bridge/feedbackBridge.ts,29,27,2,93.1,92.6
AUTO,near-verbatim,src/renderer/pages/conversation/Messages/codex/ToolCallComponent/McpToolDisplay.tsx,src/renderer/pages/conversation/Messages/codex/ToolCallComponent/McpToolDisplay.tsx,43,40,3,93.0,100.0
AUTO,near-verbatim,src/process/agent/gemini/cli/config.ts,src/process/agent/gemini/cli/config.ts,171,159,12,93.0,98.3
AUTO,near-verbatim,src/process/utils/webuiConfig.ts,src/process/utils/webuiConfig.ts,57,53,4,93.0,93.5
AUTO,near-verbatim,tests/unit/process/conversationToolConfig.test.ts,tests/unit/process/conversationToolConfig.test.ts,28,26,2,92.9,97.4
AUTO,near-verbatim,src/renderer/components/media/LocalImageView.tsx,src/renderer/components/media/LocalImageView.tsx,28,26,2,92.9,93.1
AUTO,near-verbatim,src/renderer/pages/settings/AssistantSettings/AddSkillsModal.tsx,src/renderer/pages/settings/AssistantSettings/AddSkillsModal.tsx,69,64,5,92.8,97.6
AUTO,near-verbatim,src/common/api/OpenAI2AnthropicConverter.ts,src/common/api/OpenAI2AnthropicConverter.ts,96,89,7,92.7,96.4
AUTO,near-verbatim,src/renderer/hooks/file/useWorkspaceSelector.ts,src/renderer/hooks/file/useWorkspaceSelector.ts,27,25,2,92.6,100.0
AUTO,near-verbatim,src/renderer/hooks/file/useDirectorySelection.tsx,src/renderer/hooks/file/useDirectorySelection.tsx,27,25,2,92.6,100.0
AUTO,near-verbatim,src/common/types/codex/utils/permissionUtils.ts,src/common/types/codex/utils/permissionUtils.ts,54,50,4,92.6,100.0
AUTO,near-verbatim,tests/integration/bundled-bun-packaged.test.ts,tests/integration/bundled-bun-packaged.test.ts,81,75,6,92.6,98.6
AUTO,near-verbatim,tests/unit/mainWindowLifecycle.test.ts,tests/unit/mainWindowLifecycle.test.ts,40,37,3,92.5,100.0
AUTO,near-verbatim,tests/unit/teamGuideWhitelist.test.ts,tests/unit/teamGuideWhitelist.test.ts,53,49,4,92.5,100.0
AUTO,near-verbatim,tests/unit/webuiServiceWorker.test.ts,tests/unit/webuiServiceWorker.test.ts,53,49,4,92.5,100.0
AUTO,near-verbatim,src/renderer/pages/conversation/components/SkillRuleGenerator.tsx,src/renderer/pages/conversation/components/SkillRuleGenerator.tsx,134,124,10,92.5,99.4
AUTO,near-verbatim,src/renderer/pages/conversation/components/ChatHistory.tsx,src/renderer/pages/conversation/components/ChatHistory.tsx,120,111,9,92.5,96.1
AUTO,near-verbatim,src/renderer/hooks/file/useConversationExport.tsx,src/renderer/hooks/file/useConversationExport.tsx,132,122,10,92.4,100.0
AUTO,near-verbatim,src/process/agent/gemini/cli/oauthTokenManager.ts,src/process/agent/gemini/cli/oauthTokenManager.ts,118,109,9,92.4,100.0
AUTO,near-verbatim,tests/unit/tcpHelpers.test.ts,tests/unit/tcpHelpers.test.ts,52,48,4,92.3,100.0
AUTO,near-verbatim,tests/unit/renderer/conversationCommandQueue.drag.dom.test.tsx,tests/unit/renderer/conversationCommandQueue.drag.dom.test.tsx,65,60,5,92.3,100.0
AUTO,near-verbatim,tests/unit/renderer/hooks/useSendBoxDraft.dom.test.ts,tests/unit/renderer/hooks/useSendBoxDraft.dom.test.ts,13,12,1,92.3,100.0
AUTO,near-verbatim,src/renderer/pages/guid/hooks/useTypewriterPlaceholder.ts,src/renderer/pages/guid/hooks/useTypewriterPlaceholder.ts,13,12,1,92.3,100.0
AUTO,near-verbatim,src/process/bridge/__tests__/webuiQR.test.ts,src/process/bridge/__tests__/webuiQR.test.ts,26,24,2,92.3,100.0
AUTO,near-verbatim,src/process/channels/actions/ChatActions.ts,src/process/channels/actions/ChatActions.ts,52,48,4,92.3,100.0
AUTO,near-verbatim,src/renderer/pages/settings/ToolsSettings/McpAgentStatusDisplay.tsx,src/renderer/pages/settings/ToolsSettings/McpAgentStatusDisplay.tsx,39,36,3,92.3,95.0
AUTO,near-verbatim,src/renderer/hooks/assistant/useAssistantList.ts,src/renderer/hooks/assistant/useAssistantList.ts,39,36,3,92.3,93.0
AUTO,near-verbatim,src/process/worker/fork/ForkTask.ts,src/process/worker/fork/ForkTask.ts,51,47,4,92.2,100.0
AUTO,near-verbatim,tests/unit/geminiConversationBridge.test.ts,tests/unit/geminiConversationBridge.test.ts,38,35,3,92.1,100.0
AUTO,near-verbatim,src/renderer/components/workspace/WorkspaceFolderSelect.tsx,src/renderer/components/workspace/WorkspaceFolderSelect.tsx,101,93,8,92.1,97.6
AUTO,near-verbatim,src/renderer/pages/guid/components/GuidInputCard.tsx,src/renderer/pages/guid/components/GuidInputCard.tsx,63,58,5,92.1,95.3
AUTO,near-verbatim,src/common/utils/buildAgentConversationParams.ts,src/common/utils/buildAgentConversationParams.ts,38,35,3,92.1,90.5
AUTO,near-verbatim,src/renderer/utils/ui/HOC.tsx,src/renderer/utils/ui/HOC.tsx,25,23,2,92.0,100.0
AUTO,near-verbatim,tests/unit/ConversationSearchPopover.dom.test.tsx,tests/unit/ConversationSearchPopover.dom.test.tsx,88,81,7,92.0,99.2
AUTO,near-verbatim,src/renderer/pages/conversation/components/ConversationTitleMinimap/index.tsx,src/renderer/pages/conversation/components/ConversationTitleMinimap/index.tsx,88,81,7,92.0,99.2
AUTO,near-verbatim,tests/unit/process/acp/errors/errorExtract.test.ts,tests/unit/process/acp/errors/errorExtract.test.ts,37,34,3,91.9,100.0
AUTO,near-verbatim,tests/unit/FileChangeList.dom.test.tsx,tests/unit/FileChangeList.dom.test.tsx,37,34,3,91.9,98.7
AUTO,near-verbatim,src/process/channels/utils/channelSendProtocol.ts,src/process/channels/utils/channelSendProtocol.ts,86,79,7,91.9,98.6
AUTO,near-verbatim,tests/e2e/helpers/conversation.ts,tests/e2e/helpers/conversation.ts,85,78,7,91.8,100.0
AUTO,near-verbatim,src/process/team/prompts/teamGuidePrompt.ts,src/process/team/prompts/teamGuidePrompt.ts,49,45,4,91.8,100.0
AUTO,near-verbatim,src/renderer/pages/settings/components/AddModelModal.tsx,src/renderer/pages/settings/components/AddModelModal.tsx,61,56,5,91.8,98.6
AUTO,near-verbatim,src/process/extensions/sandbox/sandbox.ts,src/process/extensions/sandbox/sandbox.ts,110,101,9,91.8,96.9
AUTO,near-verbatim,src/renderer/utils/chat/latexDelimiters.ts,src/renderer/utils/chat/latexDelimiters.ts,12,11,1,91.7,100.0
AUTO,near-verbatim,src/renderer/components/settings/SettingsModal/contents/SystemModalContent/DirInputItem.tsx,src/renderer/components/settings/SettingsModal/contents/SystemModalContent/DirInputItem.tsx,24,22,2,91.7,97.4
AUTO,near-verbatim,tests/unit/RemoteAgentManagement.dom.test.tsx,tests/unit/RemoteAgentManagement.dom.test.tsx,71,65,6,91.5,100.0
AUTO,near-verbatim,tests/unit/webserver/authRoutesLogin.test.ts,tests/unit/webserver/authRoutesLogin.test.ts,71,65,6,91.5,100.0
AUTO,near-verbatim,src/process/webserver/auth/middleware/TokenMiddleware.ts,src/process/webserver/auth/middleware/TokenMiddleware.ts,59,54,5,91.5,100.0
AUTO,near-verbatim,src/renderer/components/settings/SettingsModal/contents/GeminiModalContent.tsx,src/renderer/components/settings/SettingsModal/contents/GeminiModalContent.tsx,118,108,10,91.5,99.1
AUTO,near-verbatim,src/process/bridge/services/ConversationSideQuestionService.ts,src/process/bridge/services/ConversationSideQuestionService.ts,105,96,9,91.4,100.0
AUTO,near-verbatim,src/process/agent/gemini/cli/errorParsing.ts,src/process/agent/gemini/cli/errorParsing.ts,70,64,6,91.4,100.0
AUTO,near-verbatim,tests/unit/chat/exportHelpers.test.ts,tests/unit/chat/exportHelpers.test.ts,46,42,4,91.3,100.0
AUTO,near-verbatim,src/process/extensions/sandbox/ExtensionStorage.ts,src/process/extensions/sandbox/ExtensionStorage.ts,46,42,4,91.3,100.0
AUTO,near-verbatim,tests/unit/team-agentSelectUtils.test.ts,tests/unit/team-agentSelectUtils.test.ts,114,104,10,91.2,100.0
AUTO,near-verbatim,tests/unit/baseAgentManagerStop.test.ts,tests/unit/baseAgentManagerStop.test.ts,34,31,3,91.2,100.0
AUTO,near-verbatim,src/renderer/pages/conversation/Messages/components/MessageAgentStatus.tsx,src/renderer/pages/conversation/Messages/components/MessageAgentStatus.tsx,34,31,3,91.2,97.4
AUTO,near-verbatim,src/renderer/pages/conversation/GroupedHistory/ConversationSearchPopover.tsx,src/renderer/pages/conversation/GroupedHistory/ConversationSearchPopover.tsx,217,198,19,91.2,96.8
AUTO,near-verbatim,src/renderer/components/chat/BtwOverlay/useBtwCommand.ts,src/renderer/components/chat/BtwOverlay/useBtwCommand.ts,45,41,4,91.1,100.0
AUTO,near-verbatim,src/process/agent/gemini/cli/streamResilience.ts,src/process/agent/gemini/cli/streamResilience.ts,112,102,10,91.1,100.0
AUTO,near-verbatim,src/renderer/pages/conversation/Messages/components/SkillSuggestCard.tsx,src/renderer/pages/conversation/Messages/components/SkillSuggestCard.tsx,45,41,4,91.1,94.9
AUTO,near-verbatim,src/renderer/pages/conversation/platforms/openclaw/StarOfficeMonitorCard.tsx,src/renderer/pages/conversation/platforms/openclaw/StarOfficeMonitorCard.tsx,234,213,21,91.0,99.0
AUTO,near-verbatim,tests/unit/feedbackModules.test.ts,tests/unit/feedbackModules.test.ts,22,20,2,90.9,100.0
AUTO,near-verbatim,tests/unit/team-teamEventBus.test.ts,tests/unit/team-teamEventBus.test.ts,44,40,4,90.9,100.0
AUTO,near-verbatim,src/renderer/components/media/Diff2Html.tsx,src/renderer/components/media/Diff2Html.tsx,88,80,8,90.9,95.3
AUTO,near-verbatim,src/process/webserver/routes/staticRoutes.ts,src/process/webserver/routes/staticRoutes.ts,66,60,6,90.9,88.4
AUTO,near-verbatim,tests/bench/database.bench.bun.ts,tests/bench/database.bench.bun.ts,129,117,12,90.7,100.0
AUTO,near-verbatim,tests/unit/acpPendingConfigOptions.test.ts,tests/unit/acpPendingConfigOptions.test.ts,97,88,9,90.7,100.0
AUTO,near-verbatim,src/renderer/hooks/context/AuthContext.tsx,src/renderer/hooks/context/AuthContext.tsx,86,78,8,90.7,100.0
AUTO,near-verbatim,src/process/bridge/bedrockBridge.ts,src/process/bridge/bedrockBridge.ts,43,39,4,90.7,100.0
AUTO,near-verbatim,src/process/acp/compat/typeBridge.ts,src/process/acp/compat/typeBridge.ts,129,117,12,90.7,95.0
AUTO,near-verbatim,tests/unit/sentry.test.ts,tests/unit/sentry.test.ts,32,29,3,90.6,100.0
AUTO,near-verbatim,src/renderer/pages/conversation/Preview/hooks/useScrollSyncHelpers.ts,src/renderer/pages/conversation/Preview/hooks/useScrollSyncHelpers.ts,53,48,5,90.6,100.0
AUTO,near-verbatim,tests/e2e/specs/ext-no-extensions.e2e.ts,tests/e2e/specs/ext-no-extensions.e2e.ts,64,58,6,90.6,91.9
AUTO,near-verbatim,src/renderer/hooks/mcp/messageQueue.ts,src/renderer/hooks/mcp/messageQueue.ts,21,19,2,90.5,100.0
AUTO,near-verbatim,src/process/extensions/resolvers/WebuiResolver.ts,src/process/extensions/resolvers/WebuiResolver.ts,84,76,8,90.5,100.0
AUTO,near-verbatim,src/process/services/cron/CronStore.ts,src/process/services/cron/CronStore.ts,126,114,12,90.5,100.0
AUTO,near-verbatim,tests/unit/renderer/conversation/Messages/components/MessageThinking.dom.test.tsx,tests/unit/renderer/conversation/Messages/components/MessageThinking.dom.test.tsx,42,38,4,90.5,96.4
AUTO,near-verbatim,src/process/utils/resetPasswordCLI.ts,src/process/utils/resetPasswordCLI.ts,74,67,7,90.5,95.9
AUTO,near-verbatim,src/common/adapter/browser.ts,src/common/adapter/browser.ts,73,66,7,90.4,100.0
AUTO,near-verbatim,src/renderer/pages/settings/AssistantSettings/SkillConfirmModals.tsx,src/renderer/pages/settings/AssistantSettings/SkillConfirmModals.tsx,62,56,6,90.3,100.0
AUTO,near-verbatim,src/renderer/pages/conversation/Messages/codex/ToolCallComponent/BaseToolCallDisplay.tsx,src/renderer/pages/conversation/Messages/codex/ToolCallComponent/BaseToolCallDisplay.tsx,31,28,3,90.3,100.0
AUTO,near-verbatim,src/process/webserver/directoryApi.ts,src/process/webserver/directoryApi.ts,124,112,12,90.3,99.1
AUTO,near-verbatim,src/renderer/components/Markdown/index.tsx,src/renderer/components/Markdown/index.tsx,72,65,7,90.3,94.7
AUTO,near-verbatim,src/renderer/components/settings/DirectorySelectionModal.tsx,src/renderer/components/settings/DirectorySelectionModal.tsx,72,65,7,90.3,94.6
AUTO,near-verbatim,tests/unit/actionExecutor-helpers.test.ts,tests/unit/actionExecutor-helpers.test.ts,153,138,15,90.2,100.0
AUTO,near-verbatim,src/process/acp/errors/AcpError.ts,src/process/acp/errors/AcpError.ts,41,37,4,90.2,100.0
AUTO,near-verbatim,scripts/benchmark-startup.ts,scripts/benchmark-startup.ts,328,296,32,90.2,98.0
AUTO,near-verbatim,tests/unit/renderer/team/TeamAgentIdentity.dom.test.tsx,tests/unit/renderer/team/TeamAgentIdentity.dom.test.tsx,41,37,4,90.2,93.0
AUTO,near-verbatim,src/renderer/pages/team/components/TeamCreateModal.tsx,src/renderer/pages/team/components/TeamCreateModal.tsx,121,109,12,90.1,98.2
AUTO,near-verbatim,tests/unit/useFileChanges.dom.test.ts,tests/unit/useFileChanges.dom.test.ts,50,45,5,90.0,100.0
AUTO,near-verbatim,tests/unit/bridge/useAutoPreviewOfficeFilesEnabled.test.ts,tests/unit/bridge/useAutoPreviewOfficeFilesEnabled.test.ts,20,18,2,90.0,100.0
AUTO,near-verbatim,src/renderer/utils/theme/customCssProcessor.ts,src/renderer/utils/theme/customCssProcessor.ts,20,18,2,90.0,100.0
AUTO,near-verbatim,tests/unit/process/utils/resetPasswordCLI.test.ts,tests/unit/process/utils/resetPasswordCLI.test.ts,40,36,4,90.0,97.9
AUTO,near-verbatim,src/renderer/pages/conversation/Messages/components/MessageToolCall.tsx,src/renderer/pages/conversation/Messages/components/MessageToolCall.tsx,40,36,4,90.0,94.1
AUTO,near-verbatim,src/renderer/pages/conversation/GroupedHistory/DragOverlayContent.tsx,src/renderer/pages/conversation/GroupedHistory/DragOverlayContent.tsx,20,18,2,90.0,91.7
AUTO,near-verbatim,src/process/task/BaseAgentManager.ts,src/process/task/BaseAgentManager.ts,40,36,4,90.0,91.1
AUTO,majority-upstream,src/renderer/pages/settings/components/EditModeModal.tsx,src/renderer/pages/settings/components/EditModeModal.tsx,188,169,19,89.9,98.3
AUTO,majority-upstream,tests/unit/taskBridge.test.ts,tests/unit/taskBridge.test.ts,49,44,5,89.8,100.0
AUTO,majority-upstream,src/renderer/pages/conversation/Workspace/components/PasteConfirmModal.tsx,src/renderer/pages/conversation/Workspace/components/PasteConfirmModal.tsx,59,53,6,89.8,98.2
AUTO,majority-upstream,tests/e2e/specs/team-agent-lifecycle.e2e.ts,tests/e2e/specs/team-agent-lifecycle.e2e.ts,58,52,6,89.7,100.0
AUTO,majority-upstream,src/renderer/pages/conversation/GroupedHistory/hooks/useExport.ts,src/renderer/pages/conversation/GroupedHistory/hooks/useExport.ts,165,148,17,89.7,100.0
AUTO,majority-upstream,src/renderer/pages/conversation/Workspace/hooks/useWorkspaceDragImport.ts,src/renderer/pages/conversation/Workspace/hooks/useWorkspaceDragImport.ts,97,87,10,89.7,97.7
AUTO,majority-upstream,src/renderer/pages/settings/AgentSettings/PresetManagement.tsx,src/renderer/pages/settings/AgentSettings/PresetManagement.tsx,87,78,9,89.7,97.2
AUTO,majority-upstream,tests/e2e/helpers/assistantSettings.ts,tests/e2e/helpers/assistantSettings.ts,78,70,8,89.7,95.5
AUTO,majority-upstream,tests/unit/formatMessageTime.test.ts,tests/unit/formatMessageTime.test.ts,29,26,3,89.7,88.0
AUTO,majority-upstream,tests/unit/uploadErrorPaths.dom.test.tsx,tests/unit/uploadErrorPaths.dom.test.tsx,57,51,6,89.5,100.0
AUTO,majority-upstream,tests/unit/platform/platformRegistry.test.ts,tests/unit/platform/platformRegistry.test.ts,19,17,2,89.5,100.0
AUTO,majority-upstream,src/renderer/pages/team/hooks/TeamPermissionContext.tsx,src/renderer/pages/team/hooks/TeamPermissionContext.tsx,19,17,2,89.5,100.0
AUTO,majority-upstream,tests/unit/team-Mailbox.test.ts,tests/unit/team-Mailbox.test.ts,85,76,9,89.4,100.0
AUTO,majority-upstream,src/renderer/components/chat/SpeechInputButton.tsx,src/renderer/components/chat/SpeechInputButton.tsx,104,93,11,89.4,93.2
AUTO,majority-upstream,src/process/services/cron/cronSkillFile.ts,src/process/services/cron/cronSkillFile.ts,75,67,8,89.3,100.0
AUTO,majority-upstream,src/process/extensions/hub/HubIndexManager.ts,src/process/extensions/hub/HubIndexManager.ts,56,50,6,89.3,96.2
AUTO,majority-upstream,src/renderer/pages/conversation/Workspace/components/WorkspaceDialogs.tsx,src/renderer/pages/conversation/Workspace/components/WorkspaceDialogs.tsx,37,33,4,89.2,100.0
AUTO,majority-upstream,src/renderer/pages/conversation/components/ConversationTitleMinimap/useMinimapPanel.ts,src/renderer/pages/conversation/components/ConversationTitleMinimap/useMinimapPanel.ts,183,163,20,89.1,100.0
AUTO,majority-upstream,src/renderer/pages/conversation/Messages/acp/MessageAcpToolCall.tsx,src/renderer/pages/conversation/Messages/acp/MessageAcpToolCall.tsx,55,49,6,89.1,98.2
AUTO,majority-upstream,tests/unit/apiRoutesUploadWorkspace.test.ts,tests/unit/apiRoutesUploadWorkspace.test.ts,27,24,3,88.9,100.0
AUTO,majority-upstream,src/process/extensions/resolvers/utils/dependencyResolver.ts,src/process/extensions/resolvers/utils/dependencyResolver.ts,81,72,9,88.9,100.0
AUTO,majority-upstream,src/renderer/components/settings/SettingsModal/contents/AgentModalContent.tsx,src/renderer/components/settings/SettingsModal/contents/AgentModalContent.tsx,27,24,3,88.9,97.2
AUTO,majority-upstream,src/renderer/pages/settings/AgentSettings/AgentHubModal.tsx,src/renderer/pages/settings/AgentSettings/AgentHubModal.tsx,63,56,7,88.9,95.3
AUTO,majority-upstream,src/renderer/pages/conversation/GroupedHistory/hooks/useWorkspaceExpansionState.ts,src/renderer/pages/conversation/GroupedHistory/hooks/useWorkspaceExpansionState.ts,27,24,3,88.9,93.3
AUTO,majority-upstream,src/common/utils/appConfig.ts,src/common/utils/appConfig.ts,9,8,1,88.9,87.5
AUTO,majority-upstream,src/process/agent/gemini/cli/tools/img-gen.ts,src/process/agent/gemini/cli/tools/img-gen.ts,107,95,12,88.8,98.6
AUTO,majority-upstream,tests/unit/chat/conversationExport.test.ts,tests/unit/chat/conversationExport.test.ts,53,47,6,88.7,100.0
AUTO,majority-upstream,tests/e2e/specs/guid-mode-to-conversation.e2e.ts,tests/e2e/specs/guid-mode-to-conversation.e2e.ts,53,47,6,88.7,100.0
AUTO,majority-upstream,src/renderer/hooks/file/useAutoPreviewOfficeFiles.ts,src/renderer/hooks/file/useAutoPreviewOfficeFiles.ts,71,63,8,88.7,100.0
AUTO,majority-upstream,src/process/agent/gemini/cli/tools/web-search.ts,src/process/agent/gemini/cli/tools/web-search.ts,70,62,8,88.6,98.9
AUTO,majority-upstream,src/renderer/pages/conversation/Workspace/components/WorkspaceToolbar.tsx,src/renderer/pages/conversation/Workspace/components/WorkspaceToolbar.tsx,79,70,9,88.6,96.0
AUTO,majority-upstream,src/renderer/pages/settings/AssistantSettings/AddCustomPathModal.tsx,src/renderer/pages/settings/AssistantSettings/AddCustomPathModal.tsx,35,31,4,88.6,94.5
AUTO,majority-upstream,tests/unit/skillSuggestParser.test.ts,tests/unit/skillSuggestParser.test.ts,78,69,9,88.5,100.0
AUTO,majority-upstream,src/renderer/pages/conversation/GroupedHistory/utils/sortOrderHelpers.ts,src/renderer/pages/conversation/GroupedHistory/utils/sortOrderHelpers.ts,26,23,3,88.5,100.0
AUTO,majority-upstream,src/renderer/pages/conversation/GroupedHistory/hooks/useConversations.ts,src/renderer/pages/conversation/GroupedHistory/hooks/useConversations.ts,52,46,6,88.5,98.0
AUTO,majority-upstream,src/process/agent/nanobot/NanobotConnection.ts,src/process/agent/nanobot/NanobotConnection.ts,43,38,5,88.4,96.3
AUTO,majority-upstream,src/renderer/components/Markdown/CodeBlock.tsx,src/renderer/components/Markdown/CodeBlock.tsx,95,84,11,88.4,95.1
AUTO,majority-upstream,src/process/channels/plugins/weixin/WeixinTyping.ts,src/process/channels/plugins/weixin/WeixinTyping.ts,103,91,12,88.3,100.0
AUTO,majority-upstream,src/renderer/components/layout/Sider/CronJobSiderSection/CronJobSiderItem.tsx,src/renderer/components/layout/Sider/CronJobSiderSection/CronJobSiderItem.tsx,205,181,24,88.3,96.9
AUTO,majority-upstream,tests/unit/useGeminiMessage.dom.test.ts,tests/unit/useGeminiMessage.dom.test.ts,102,90,12,88.2,100.0
AUTO,majority-upstream,tests/unit/geminiAgentManagerThinking.test.ts,tests/unit/geminiAgentManagerThinking.test.ts,153,135,18,88.2,100.0
AUTO,majority-upstream,tests/unit/process/acp/infra/NdjsonTransport.test.ts,tests/unit/process/acp/infra/NdjsonTransport.test.ts,17,15,2,88.2,100.0
AUTO,majority-upstream,src/renderer/pages/settings/AgentSettings/InlineAgentEditor.tsx,src/renderer/pages/settings/AgentSettings/InlineAgentEditor.tsx,186,164,22,88.2,96.2
AUTO,majority-upstream,src/renderer/hooks/system/useSpeechInput.ts,src/renderer/hooks/system/useSpeechInput.ts,203,179,24,88.2,90.6
AUTO,majority-upstream,src/process/services/database/IConversationRepository.ts,src/process/services/database/IConversationRepository.ts,17,15,2,88.2,90.0
AUTO,majority-upstream,tests/unit/OfficeDocViewer.dom.test.tsx,tests/unit/OfficeDocViewer.dom.test.tsx,59,52,7,88.1,100.0
AUTO,majority-upstream,tests/unit/renderer/ConversationRow.dom.test.tsx,tests/unit/renderer/ConversationRow.dom.test.tsx,59,52,7,88.1,100.0
AUTO,majority-upstream,src/process/agent/gemini/cli/atCommandProcessor.ts,src/process/agent/gemini/cli/atCommandProcessor.ts,226,199,27,88.1,100.0
AUTO,majority-upstream,src/process/agent/gemini/cli/tools/conversation-tool-config.ts,src/process/agent/gemini/cli/tools/conversation-tool-config.ts,67,59,8,88.1,98.6
AUTO,majority-upstream,tests/unit/renderer/GuidActionRow.dom.test.tsx,tests/unit/renderer/GuidActionRow.dom.test.tsx,84,74,10,88.1,98.3
AUTO,majority-upstream,tests/unit/renderer/components/MessageText.dom.test.tsx,tests/unit/renderer/components/MessageText.dom.test.tsx,67,59,8,88.1,90.8
AUTO,majority-upstream,src/process/webserver/middleware/csrfClient.ts,src/process/webserver/middleware/csrfClient.ts,50,44,6,88.0,100.0
AUTO,majority-upstream,src/renderer/components/chat/CommandQueuePanel.tsx,src/renderer/components/chat/CommandQueuePanel.tsx,150,132,18,88.0,97.5
AUTO,majority-upstream,src/renderer/hooks/agent/usePresetAssistantInfo.ts,src/renderer/hooks/agent/usePresetAssistantInfo.ts,184,162,22,88.0,96.4
AUTO,majority-upstream,src/renderer/components/layout/WindowControls.tsx,src/renderer/components/layout/WindowControls.tsx,33,29,4,87.9,97.0
AUTO,majority-upstream,tests/unit/databaseBridge.test.ts,tests/unit/databaseBridge.test.ts,98,86,12,87.8,100.0
AUTO,majority-upstream,src/renderer/pages/conversation/Preview/components/PreviewPanel/PreviewConfirmModals.tsx,src/renderer/pages/conversation/Preview/components/PreviewPanel/PreviewConfirmModals.tsx,41,36,5,87.8,100.0
AUTO,majority-upstream,tests/unit/builtinSkillsSync.test.ts,tests/unit/builtinSkillsSync.test.ts,98,86,12,87.8,98.4
AUTO,majority-upstream,src/process/acp/types.ts,src/process/acp/types.ts,90,79,11,87.8,96.8
AUTO,majority-upstream,src/process/agent/openclaw/deviceAuthStore.ts,src/process/agent/openclaw/deviceAuthStore.ts,57,50,7,87.7,100.0
AUTO,majority-upstream,src/renderer/pages/settings/components/AddPlatformModal.tsx,src/renderer/pages/settings/components/AddPlatformModal.tsx,293,257,36,87.7,97.9
AUTO,majority-upstream,tests/unit/browserAdapterReconnect.test.ts,tests/unit/browserAdapterReconnect.test.ts,48,42,6,87.5,100.0
AUTO,majority-upstream,tests/unit/renderer/useGeminiInitialMessage.dom.test.tsx,tests/unit/renderer/useGeminiInitialMessage.dom.test.tsx,88,77,11,87.5,100.0
AUTO,majority-upstream,tests/e2e/specs/ext-lifecycle.e2e.ts,tests/e2e/specs/ext-lifecycle.e2e.ts,48,42,6,87.5,100.0
AUTO,majority-upstream,src/renderer/pages/conversation/Preview/hooks/usePreviewKeyboardShortcuts.ts,src/renderer/pages/conversation/Preview/hooks/usePreviewKeyboardShortcuts.ts,8,7,1,87.5,100.0
AUTO,majority-upstream,tests/unit/SkillsHubSettings.dom.test.tsx,tests/unit/SkillsHubSettings.dom.test.tsx,120,105,15,87.5,99.3
AUTO,majority-upstream,src/process/extensions/resolvers/utils/envResolver.ts,src/process/extensions/resolvers/utils/envResolver.ts,32,28,4,87.5,93.8
AUTO,majority-upstream,src/renderer/pages/settings/AssistantSettings/index.tsx,src/renderer/pages/settings/AssistantSettings/index.tsx,128,112,16,87.5,89.9
AUTO,majority-upstream,src/renderer/components/base/StepsWrapper.tsx,src/renderer/components/base/StepsWrapper.tsx,8,7,1,87.5,80.0
AUTO,majority-upstream,tests/unit/common/toolsModalContent.dom.test.tsx,tests/unit/common/toolsModalContent.dom.test.tsx,157,137,20,87.3,93.2
AUTO,majority-upstream,src/process/extensions/ExtensionLoader.ts,src/process/extensions/ExtensionLoader.ts,55,48,7,87.3,89.1
AUTO,majority-upstream,tests/unit/geminiBootstrapRejection.test.ts,tests/unit/geminiBootstrapRejection.test.ts,39,34,5,87.2,100.0
AUTO,majority-upstream,tests/unit/chat/messageText.dom.test.tsx,tests/unit/chat/messageText.dom.test.tsx,47,41,6,87.2,100.0
AUTO,majority-upstream,src/renderer/pages/conversation/Messages/codex/MessageFileChanges.tsx,src/renderer/pages/conversation/Messages/codex/MessageFileChanges.tsx,47,41,6,87.2,100.0
AUTO,majority-upstream,src/process/agent/remote/RemoteAgentCore.ts,src/process/agent/remote/RemoteAgentCore.ts,304,265,39,87.2,99.5
AUTO,majority-upstream,tests/unit/renderer/conversation/Messages/components/MessageToolGroupSummary.dom.test.tsx,tests/unit/renderer/conversation/Messages/components/MessageToolGroupSummary.dom.test.tsx,31,27,4,87.1,100.0
AUTO,majority-upstream,src/process/channels/plugins/wecom/WecomStreamState.ts,src/process/channels/plugins/wecom/WecomStreamState.ts,85,74,11,87.1,93.9
AUTO,majority-upstream,src/renderer/utils/chat/timeline.ts,src/renderer/utils/chat/timeline.ts,31,27,4,87.1,75.8
AUTO,majority-upstream,tests/unit/minimapUtils.test.ts,tests/unit/minimapUtils.test.ts,108,94,14,87.0,100.0
AUTO,majority-upstream,tests/unit/AuthServicePasswordValidation.test.ts,tests/unit/AuthServicePasswordValidation.test.ts,23,20,3,87.0,100.0
AUTO,majority-upstream,tests/unit/renderer/conversation/WorkspaceOpenButton.dom.test.tsx,tests/unit/renderer/conversation/WorkspaceOpenButton.dom.test.tsx,69,60,9,87.0,100.0
AUTO,majority-upstream,tests/unit/process/team/teamDescribeAssistant.test.ts,tests/unit/process/team/teamDescribeAssistant.test.ts,69,60,9,87.0,100.0
AUTO,majority-upstream,src/process/channels/plugins/weixin/WeixinAdapter.ts,src/process/channels/plugins/weixin/WeixinAdapter.ts,23,20,3,87.0,100.0
AUTO,majority-upstream,src/renderer/pages/conversation/Messages/codex/ToolCallComponent/ExecCommandDisplay.tsx,src/renderer/pages/conversation/Messages/codex/ToolCallComponent/ExecCommandDisplay.tsx,54,47,7,87.0,98.0
AUTO,majority-upstream,src/renderer/pages/conversation/Workspace/types.ts,src/renderer/pages/conversation/Workspace/types.ts,23,20,3,87.0,97.7
AUTO,majority-upstream,src/renderer/hooks/chat/useSlashCommandController.ts,src/renderer/hooks/chat/useSlashCommandController.ts,61,53,8,86.9,95.7
AUTO,majority-upstream,src/renderer/utils/model/agentLogo.ts,src/renderer/utils/model/agentLogo.ts,61,53,8,86.9,90.0
AUTO,majority-upstream,src/process/agent/openclaw/index.ts,src/process/agent/openclaw/index.ts,326,283,43,86.8,98.6
AUTO,majority-upstream,src/renderer/utils/chat/atFileQuery.ts,src/renderer/utils/chat/atFileQuery.ts,45,39,6,86.7,100.0
AUTO,majority-upstream,src/renderer/utils/theme/themeCssSync.ts,src/renderer/utils/theme/themeCssSync.ts,30,26,4,86.7,100.0
AUTO,majority-upstream,src/renderer/pages/conversation/platforms/openclaw/OpenClawSendBox.tsx,src/renderer/pages/conversation/platforms/openclaw/OpenClawSendBox.tsx,286,248,38,86.7,99.2
AUTO,majority-upstream,src/renderer/pages/conversation/Messages/components/MessageCronBadge.tsx,src/renderer/pages/conversation/Messages/components/MessageCronBadge.tsx,15,13,2,86.7,95.8
AUTO,majority-upstream,src/process/services/mcpServices/agents/CodebuddyMcpAgent.ts,src/process/services/mcpServices/agents/CodebuddyMcpAgent.ts,105,91,14,86.7,94.9
AUTO,majority-upstream,src/process/extensions/lifecycle/hotReload.ts,src/process/extensions/lifecycle/hotReload.ts,30,26,4,86.7,91.9
AUTO,majority-upstream,tests/unit/extensions/webuiResolver.test.ts,tests/unit/extensions/webuiResolver.test.ts,30,26,4,86.7,79.2
AUTO,majority-upstream,tests/unit/acpConnectionDisconnectCrash.test.ts,tests/unit/acpConnectionDisconnectCrash.test.ts,59,51,8,86.4,100.0
AUTO,majority-upstream,tests/unit/ForkTaskPostMessage.test.ts,tests/unit/ForkTaskPostMessage.test.ts,22,19,3,86.4,100.0
AUTO,majority-upstream,tests/unit/renderer/ConversationSkillsIndicator.dom.test.tsx,tests/unit/renderer/ConversationSkillsIndicator.dom.test.tsx,59,51,8,86.4,96.6
AUTO,majority-upstream,tests/unit/acpSlashCommandsUpdatedEvent.test.ts,tests/unit/acpSlashCommandsUpdatedEvent.test.ts,110,95,15,86.4,95.4
AUTO,majority-upstream,src/process/bridge/services/WebuiService.ts,src/process/bridge/services/WebuiService.ts,73,63,10,86.3,98.5
AUTO,majority-upstream,src/process/channels/plugins/weixin/WeixinMonitor.ts,src/process/channels/plugins/weixin/WeixinMonitor.ts,328,283,45,86.3,91.1
AUTO,majority-upstream,tests/unit/IpcAgentEventEmitter.test.ts,tests/unit/IpcAgentEventEmitter.test.ts,29,25,4,86.2,100.0
AUTO,majority-upstream,tests/unit/common/visibleConversationOrder.test.ts,tests/unit/common/visibleConversationOrder.test.ts,29,25,4,86.2,100.0
AUTO,majority-upstream,src/process/utils/tray.ts,src/process/utils/tray.ts,80,69,11,86.2,98.7
AUTO,majority-upstream,src/renderer/pages/conversation/Workspace/components/FileChangeList.tsx,src/renderer/pages/conversation/Workspace/components/FileChangeList.tsx,167,144,23,86.2,93.7
AUTO,majority-upstream,src/renderer/pages/conversation/components/ChatLayout/WorkspacePanelHeader.tsx,src/renderer/pages/conversation/components/ChatLayout/WorkspacePanelHeader.tsx,29,25,4,86.2,91.7
AUTO,majority-upstream,tests/unit/configureConsoleLog.test.ts,tests/unit/configureConsoleLog.test.ts,36,31,5,86.1,100.0
AUTO,majority-upstream,tests/unit/renderer/deepLinkNavigate.dom.test.tsx,tests/unit/renderer/deepLinkNavigate.dom.test.tsx,36,31,5,86.1,100.0
AUTO,majority-upstream,src/renderer/pages/conversation/platforms/remote/RemoteSendBox.tsx,src/renderer/pages/conversation/platforms/remote/RemoteSendBox.tsx,209,180,29,86.1,98.9
AUTO,majority-upstream,tests/e2e/specs/extension-contributed.e2e.ts,tests/e2e/specs/extension-contributed.e2e.ts,57,49,8,86.0,100.0
AUTO,majority-upstream,src/process/agent/acp/AcpAdapter.ts,src/process/agent/acp/AcpAdapter.ts,100,86,14,86.0,100.0
AUTO,majority-upstream,src/renderer/pages/conversation/Preview/context/PreviewContext.tsx,src/renderer/pages/conversation/Preview/context/PreviewContext.tsx,241,207,34,85.9,97.2
AUTO,majority-upstream,tests/unit/adapterEmitGuard.test.ts,tests/unit/adapterEmitGuard.test.ts,64,55,9,85.9,93.0
AUTO,majority-upstream,src/renderer/components/Markdown/MermaidBlock.tsx,src/renderer/components/Markdown/MermaidBlock.tsx,106,91,15,85.8,93.8
AUTO,majority-upstream,tests/unit/channels/weixinAdapter.test.ts,tests/unit/channels/weixinAdapter.test.ts,56,48,8,85.7,100.0
AUTO,majority-upstream,src/renderer/hooks/ui/useLatestRef.ts,src/renderer/hooks/ui/useLatestRef.ts,7,6,1,85.7,100.0
AUTO,majority-upstream,src/process/bridge/documentBridge.ts,src/process/bridge/documentBridge.ts,21,18,3,85.7,100.0
AUTO,majority-upstream,src/process/agent/gemini/cli/tools/web-fetch.ts,src/process/agent/gemini/cli/tools/web-fetch.ts,84,72,12,85.7,98.3
AUTO,majority-upstream,tests/unit/sendboxQueue.dom.test.tsx,tests/unit/sendboxQueue.dom.test.tsx,266,228,38,85.7,97.1
AUTO,majority-upstream,tests/unit/renderer/AgentHubModal.dom.test.tsx,tests/unit/renderer/AgentHubModal.dom.test.tsx,70,60,10,85.7,97.0
AUTO,majority-upstream,src/common/types/detectedAgent.ts,src/common/types/detectedAgent.ts,14,12,2,85.7,96.9
AUTO,majority-upstream,src/renderer/utils/chat/chatMinimapEvents.ts,src/renderer/utils/chat/chatMinimapEvents.ts,7,6,1,85.7,92.3
AUTO,majority-upstream,src/process/extensions/resolvers/AssistantResolver.ts,src/process/extensions/resolvers/AssistantResolver.ts,56,48,8,85.7,91.2
AUTO,majority-upstream,src/renderer/hooks/mcp/index.ts,src/renderer/hooks/mcp/index.ts,7,6,1,85.7,87.5
AUTO,majority-upstream,src/process/utils/analyticsId.ts,src/process/utils/analyticsId.ts,14,12,2,85.7,86.7
AUTO,majority-upstream,src/renderer/pages/conversation/Workspace/hooks/useWorkspaceMigration.ts,src/renderer/pages/conversation/Workspace/hooks/useWorkspaceMigration.ts,104,89,15,85.6,96.8
AUTO,majority-upstream,src/common/types/codex/types/eventTypes.ts,src/common/types/codex/types/eventTypes.ts,62,53,9,85.5,100.0
AUTO,majority-upstream,tests/unit/transformMessage.test.ts,tests/unit/transformMessage.test.ts,34,29,5,85.3,100.0
AUTO,majority-upstream,src/renderer/services/i18n/index.ts,src/renderer/services/i18n/index.ts,75,64,11,85.3,100.0
AUTO,majority-upstream,src/renderer/pages/conversation/Preview/components/viewers/MarkdownViewer.tsx,src/renderer/pages/conversation/Preview/components/viewers/MarkdownViewer.tsx,191,163,28,85.3,98.1
AUTO,majority-upstream,src/renderer/pages/conversation/platforms/acp/AcpSendBox.tsx,src/renderer/pages/conversation/platforms/acp/AcpSendBox.tsx,196,167,29,85.2,91.1
AUTO,majority-upstream,src/common/utils/teamModelUtils.ts,src/common/utils/teamModelUtils.ts,54,46,8,85.2,89.1
AUTO,majority-upstream,tests/e2e/specs/ext-ipc-queries.e2e.ts,tests/e2e/specs/ext-ipc-queries.e2e.ts,148,126,22,85.1,99.0
AUTO,majority-upstream,tests/unit/cronSkillFile.test.ts,tests/unit/cronSkillFile.test.ts,126,107,19,84.9,100.0
AUTO,majority-upstream,tests/unit/GeminiModalContent.dom.test.tsx,tests/unit/GeminiModalContent.dom.test.tsx,66,56,10,84.8,98.8
AUTO,majority-upstream,src/process/channels/plugins/weixin/WeixinLoginHandler.ts,src/process/channels/plugins/weixin/WeixinLoginHandler.ts,33,28,5,84.8,88.7
AUTO,majority-upstream,src/renderer/pages/conversation/Workspace/hooks/useWorkspaceTree.ts,src/renderer/pages/conversation/Workspace/hooks/useWorkspaceTree.ts,72,61,11,84.7,100.0
AUTO,majority-upstream,tests/unit/AgentFactory.test.ts,tests/unit/AgentFactory.test.ts,26,22,4,84.6,100.0
AUTO,majority-upstream,src/process/agent/remote/types.ts,src/process/agent/remote/types.ts,13,11,2,84.6,100.0
AUTO,majority-upstream,src/process/extensions/lifecycle/lifecycle.ts,src/process/extensions/lifecycle/lifecycle.ts,91,77,14,84.6,97.1
AUTO,majority-upstream,src/process/channels/plugins/weixin/WeixinLogin.ts,src/process/channels/plugins/weixin/WeixinLogin.ts,65,55,10,84.6,87.8
AUTO,majority-upstream,src/renderer/pages/settings/AssistantSettings/DeleteAssistantModal.tsx,src/renderer/pages/settings/AssistantSettings/DeleteAssistantModal.tsx,26,22,4,84.6,81.4
AUTO,majority-upstream,tests/unit/tray.test.ts,tests/unit/tray.test.ts,168,142,26,84.5,99.3
AUTO,majority-upstream,tests/e2e/specs/cron-crud.e2e.ts,tests/e2e/specs/cron-crud.e2e.ts,128,108,20,84.4,100.0
AUTO,majority-upstream,src/renderer/pages/settings/components/JsonImportModal.tsx,src/renderer/pages/settings/components/JsonImportModal.tsx,147,124,23,84.4,96.5
AUTO,majority-upstream,src/renderer/components/media/FilePreview.tsx,src/renderer/components/media/FilePreview.tsx,64,54,10,84.4,88.0
AUTO,majority-upstream,tests/unit/sendboxBtw.dom.test.tsx,tests/unit/sendboxBtw.dom.test.tsx,134,113,21,84.3,100.0
AUTO,majority-upstream,tests/unit/conversationTitleMinimap.dom.test.tsx,tests/unit/conversationTitleMinimap.dom.test.tsx,70,59,11,84.3,100.0
AUTO,majority-upstream,src/renderer/pages/conversation/GroupedHistory/hooks/useConversationActions.ts,src/renderer/pages/conversation/GroupedHistory/hooks/useConversationActions.ts,121,102,19,84.3,97.3
AUTO,majority-upstream,src/renderer/pages/conversation/platforms/useConversationCommandQueue.ts,src/renderer/pages/conversation/platforms/useConversationCommandQueue.ts,322,271,51,84.2,100.0
AUTO,majority-upstream,src/common/types/codex/utils/toolUtils.ts,src/common/types/codex/utils/toolUtils.ts,165,139,26,84.2,100.0
AUTO,majority-upstream,src/process/services/cron/WorkerTaskManagerJobExecutor.ts,src/process/services/cron/WorkerTaskManagerJobExecutor.ts,361,304,57,84.2,97.8
AUTO,majority-upstream,tests/unit/uploadProgressState.test.ts,tests/unit/uploadProgressState.test.ts,44,37,7,84.1,100.0
AUTO,majority-upstream,tests/integration/acp-smoke.test.ts,tests/integration/acp-smoke.test.ts,88,74,14,84.1,100.0
AUTO,majority-upstream,tests/e2e/specs/acp-agent.e2e.ts,tests/e2e/specs/acp-agent.e2e.ts,44,37,7,84.1,100.0
AUTO,majority-upstream,src/renderer/pages/conversation/Workspace/components/MigrationModal.tsx,src/renderer/pages/conversation/Workspace/components/MigrationModal.tsx,107,90,17,84.1,98.6
AUTO,majority-upstream,tests/unit/minimapPanelWidth.dom.test.ts,tests/unit/minimapPanelWidth.dom.test.ts,25,21,4,84.0,100.0
AUTO,majority-upstream,tests/unit/AgentStatusBadge.dom.test.tsx,tests/unit/AgentStatusBadge.dom.test.tsx,25,21,4,84.0,100.0
AUTO,majority-upstream,tests/unit/ChannelModelSelectionRestore.dom.test.tsx,tests/unit/ChannelModelSelectionRestore.dom.test.tsx,81,68,13,84.0,97.0
AUTO,majority-upstream,src/process/bridge/webuiQR.ts,src/process/bridge/webuiQR.ts,50,42,8,84.0,91.8
AUTO,majority-upstream,tests/unit/team-TeamSession.test.ts,tests/unit/team-TeamSession.test.ts,87,73,14,83.9,100.0
AUTO,majority-upstream,src/renderer/pages/conversation/Workspace/hooks/useFileChanges.ts,src/renderer/pages/conversation/Workspace/hooks/useFileChanges.ts,62,52,10,83.9,100.0
AUTO,majority-upstream,src/process/channels/plugins/dingtalk/DingTalkCards.ts,src/process/channels/plugins/dingtalk/DingTalkCards.ts,118,99,19,83.9,99.2
AUTO,majority-upstream,tests/unit/team-TaskManager.test.ts,tests/unit/team-TaskManager.test.ts,161,135,26,83.9,96.2
AUTO,majority-upstream,src/process/agent/gemini/index.ts,src/process/agent/gemini/index.ts,392,329,63,83.9,92.4
AUTO,majority-upstream,tests/unit/GuidModelSelector.dom.test.tsx,tests/unit/GuidModelSelector.dom.test.tsx,37,31,6,83.8,100.0
AUTO,majority-upstream,src/renderer/pages/conversation/Preview/components/viewers/PDFViewer.tsx,src/renderer/pages/conversation/Preview/components/viewers/PDFViewer.tsx,68,57,11,83.8,95.7
AUTO,majority-upstream,tests/unit/webuiConfig.test.ts,tests/unit/webuiConfig.test.ts,99,83,16,83.8,94.6
AUTO,majority-upstream,src/renderer/pages/team/hooks/useTeamSession.ts,src/renderer/pages/team/hooks/useTeamSession.ts,37,31,6,83.8,87.8
AUTO,majority-upstream,src/common/adapter/main.ts,src/common/adapter/main.ts,37,31,6,83.8,84.1
AUTO,majority-upstream,src/renderer/components/base/FileChangesPanel.tsx,src/renderer/components/base/FileChangesPanel.tsx,43,36,7,83.7,95.8
AUTO,majority-upstream,src/process/resources/builtinMcp/imageGenServer.ts,src/process/resources/builtinMcp/imageGenServer.ts,49,41,8,83.7,94.5
AUTO,majority-upstream,tests/unit/process/bridge/fsBridge.listWorkspaceFiles.test.ts,tests/unit/process/bridge/fsBridge.listWorkspaceFiles.test.ts,123,103,20,83.7,92.3
AUTO,majority-upstream,src/renderer/pages/guid/components/MentionDropdown.tsx,src/renderer/pages/guid/components/MentionDropdown.tsx,43,36,7,83.7,91.4
AUTO,majority-upstream,src/process/acp/infra/AcpProtocol.ts,src/process/acp/infra/AcpProtocol.ts,61,51,10,83.6,98.5
AUTO,majority-upstream,src/renderer/pages/guid/hooks/useGuidInput.ts,src/renderer/pages/guid/hooks/useGuidInput.ts,61,51,10,83.6,90.5
AUTO,majority-upstream,src/renderer/components/settings/SettingsModal/index.tsx,src/renderer/components/settings/SettingsModal/index.tsx,152,127,25,83.6,88.4
AUTO,majority-upstream,tests/unit/process/utils/zoom.test.ts,tests/unit/process/utils/zoom.test.ts,36,30,6,83.3,100.0
AUTO,majority-upstream,src/common/types/preview.ts,src/common/types/preview.ts,6,5,1,83.3,100.0
AUTO,majority-upstream,src/common/chat/slash/types.ts,src/common/chat/slash/types.ts,6,5,1,83.3,100.0
AUTO,majority-upstream,src/renderer/pages/conversation/Preview/components/PreviewPanel/PreviewTabs.tsx,src/renderer/pages/conversation/Preview/components/PreviewPanel/PreviewTabs.tsx,42,35,7,83.3,96.4
AUTO,majority-upstream,src/renderer/components/agent/AgentSetupCard.tsx,src/renderer/components/agent/AgentSetupCard.tsx,186,155,31,83.3,96.2
AUTO,majority-upstream,src/renderer/pages/conversation/Messages/acp/MessageAvailableCommands.tsx,src/renderer/pages/conversation/Messages/acp/MessageAvailableCommands.tsx,24,20,4,83.3,90.3
AUTO,majority-upstream,src/process/team/prompts/leadPrompt.ts,src/process/team/prompts/leadPrompt.ts,107,89,18,83.2,98.3
AUTO,majority-upstream,tests/unit/apiRoutes-upload.test.ts,tests/unit/apiRoutes-upload.test.ts,65,54,11,83.1,100.0
AUTO,majority-upstream,src/process/acp/session/SessionLifecycle.ts,src/process/acp/session/SessionLifecycle.ts,183,152,31,83.1,96.0
AUTO,majority-upstream,src/process/webserver/routes/wecomChannelRoutes.ts,src/process/webserver/routes/wecomChannelRoutes.ts,77,64,13,83.1,87.3
AUTO,majority-upstream,src/renderer/pages/conversation/Messages/acp/MessageAcpPermission.tsx,src/renderer/pages/conversation/Messages/acp/MessageAcpPermission.tsx,59,49,10,83.1,86.5
AUTO,majority-upstream,tests/unit/test_tool_group_message_list.ts,tests/unit/test_tool_group_message_list.ts,94,78,16,83.0,100.0
AUTO,majority-upstream,src/renderer/pages/cron/components/CronJobIndicator.tsx,src/renderer/pages/cron/components/CronJobIndicator.tsx,29,24,5,82.8,93.5
AUTO,majority-upstream,src/renderer/pages/conversation/Messages/components/MessageToolGroupSummary.tsx,src/renderer/pages/conversation/Messages/components/MessageToolGroupSummary.tsx,110,91,19,82.7,93.4
AUTO,majority-upstream,src/renderer/pages/conversation/Workspace/index.tsx,src/renderer/pages/conversation/Workspace/index.tsx,330,273,57,82.7,90.3
AUTO,majority-upstream,tests/unit/workerTaskManagerSingleton.test.ts,tests/unit/workerTaskManagerSingleton.test.ts,46,38,8,82.6,100.0
AUTO,majority-upstream,tests/unit/renderer/conversation/CronJobSiderItem.dom.test.tsx,tests/unit/renderer/conversation/CronJobSiderItem.dom.test.tsx,207,171,36,82.6,99.5
AUTO,majority-upstream,src/renderer/pages/conversation/GroupedHistory/types.ts,src/renderer/pages/conversation/GroupedHistory/types.ts,40,33,7,82.5,89.5
AUTO,majority-upstream,src/renderer/pages/team/components/TeamTabs.tsx,src/renderer/pages/team/components/TeamTabs.tsx,126,104,22,82.5,87.5
AUTO,majority-upstream,tests/unit/channels/weixinLoginHandler.test.ts,tests/unit/channels/weixinLoginHandler.test.ts,51,42,9,82.4,100.0
AUTO,majority-upstream,tests/unit/slashCommandMenu.dom.test.tsx,tests/unit/slashCommandMenu.dom.test.tsx,17,14,3,82.4,96.9
AUTO,majority-upstream,src/renderer/components/media/WebviewHost.tsx,src/renderer/components/media/WebviewHost.tsx,271,223,48,82.3,93.2
AUTO,majority-upstream,src/renderer/pages/conversation/Workspace/hooks/useWorkspaceFileOps.ts,src/renderer/pages/conversation/Workspace/hooks/useWorkspaceFileOps.ts,163,134,29,82.2,91.8
AUTO,majority-upstream,src/renderer/pages/guid/components/AssistantSelectionArea.tsx,src/renderer/pages/guid/components/AssistantSelectionArea.tsx,168,138,30,82.1,90.1
AUTO,majority-upstream,tests/integration/i18n.test.ts,tests/integration/i18n.test.ts,133,109,24,82.0,100.0
AUTO,majority-upstream,src/renderer/pages/conversation/Workspace/components/WorkspaceTabBar.tsx,src/renderer/pages/conversation/Workspace/components/WorkspaceTabBar.tsx,72,59,13,81.9,90.0
AUTO,majority-upstream,tests/unit/newConversationName.test.ts,tests/unit/newConversationName.test.ts,11,9,2,81.8,100.0
AUTO,majority-upstream,tests/unit/channelConversation.test.ts,tests/unit/channelConversation.test.ts,55,45,10,81.8,100.0
AUTO,majority-upstream,tests/unit/process/bridge/fsBridge.downloadRemoteBuffer.test.ts,tests/unit/process/bridge/fsBridge.downloadRemoteBuffer.test.ts,110,90,20,81.8,99.0
AUTO,majority-upstream,src/renderer/utils/workspace/workspaceHistory.ts,src/renderer/utils/workspace/workspaceHistory.ts,11,9,2,81.8,92.3
AUTO,majority-upstream,src/renderer/hooks/context/ConversationHistoryContext.tsx,src/renderer/hooks/context/ConversationHistoryContext.tsx,22,18,4,81.8,92.0
AUTO,majority-upstream,src/process/agent/openclaw/OpenClawGatewayManager.ts,src/process/agent/openclaw/OpenClawGatewayManager.ts,143,117,26,81.8,87.1
AUTO,majority-upstream,src/renderer/pages/settings/AgentSettings/RemoteAgentManagement.tsx,src/renderer/pages/settings/AgentSettings/RemoteAgentManagement.tsx,224,183,41,81.7,95.1
AUTO,majority-upstream,tests/unit/RemoteAgentManager.test.ts,tests/unit/RemoteAgentManager.test.ts,174,142,32,81.6,100.0
AUTO,majority-upstream,tests/unit/process/bridge/conversationSideQuestionService.test.ts,tests/unit/process/bridge/conversationSideQuestionService.test.ts,114,93,21,81.6,100.0
AUTO,majority-upstream,tests/unit/conversationCreationGuard.dom.test.tsx,tests/unit/conversationCreationGuard.dom.test.tsx,43,35,8,81.4,100.0
AUTO,majority-upstream,src/process/agent/acp/AcpConnection.ts,src/process/agent/acp/AcpConnection.ts,431,351,80,81.4,94.9
AUTO,majority-upstream,tests/unit/renderer/conversationCommandQueue.test.ts,tests/unit/renderer/conversationCommandQueue.test.ts,96,78,18,81.2,100.0
AUTO,majority-upstream,src/process/bridge/taskBridge.ts,src/process/bridge/taskBridge.ts,16,13,3,81.2,100.0
AUTO,majority-upstream,src/renderer/components/settings/SettingsModal/contents/SystemModalContent/DevSettings.tsx,src/renderer/components/settings/SettingsModal/contents/SystemModalContent/DevSettings.tsx,112,91,21,81.2,98.2
AUTO,majority-upstream,tests/e2e/specs/ext-discovery.e2e.ts,tests/e2e/specs/ext-discovery.e2e.ts,16,13,3,81.2,96.3
AUTO,majority-upstream,src/process/acp/session/AcpSession.ts,src/process/acp/session/AcpSession.ts,224,182,42,81.2,91.0
AUTO,majority-upstream,tests/unit/updateBridgeI18n.test.ts,tests/unit/updateBridgeI18n.test.ts,32,26,6,81.2,82.1
AUTO,majority-upstream,tests/unit/acpConnectionStartupExit.test.ts,tests/unit/acpConnectionStartupExit.test.ts,74,60,14,81.1,100.0
AUTO,majority-upstream,src/renderer/hooks/mcp/useMcpAgentStatus.ts,src/renderer/hooks/mcp/useMcpAgentStatus.ts,95,77,18,81.1,95.2
AUTO,majority-upstream,src/process/agent/acp/index.ts,src/process/agent/acp/index.ts,720,584,136,81.1,91.2
AUTO,majority-upstream,tests/e2e/features/conversations/acp/config/config-persistence.e2e.ts,tests/e2e/features/conversations/acp/config/config-persistence.e2e.ts,53,43,10,81.1,70.1
AUTO,majority-upstream,tests/unit/teamMcpServerEvents.test.ts,tests/unit/teamMcpServerEvents.test.ts,84,68,16,81.0,100.0
AUTO,majority-upstream,tests/unit/process/utils/shellEnvDiagnostics.test.ts,tests/unit/process/utils/shellEnvDiagnostics.test.ts,100,81,19,81.0,98.6
AUTO,majority-upstream,src/renderer/pages/conversation/Preview/components/viewers/HTMLViewer.tsx,src/renderer/pages/conversation/Preview/components/viewers/HTMLViewer.tsx,153,124,29,81.0,95.8
AUTO,majority-upstream,src/process/acp/session/PermissionResolver.ts,src/process/acp/session/PermissionResolver.ts,79,64,15,81.0,84.9
AUTO,majority-upstream,tests/unit/process/utils/configureChromium.test.ts,tests/unit/process/utils/configureChromium.test.ts,47,38,9,80.9,97.8
AUTO,majority-upstream,tests/unit/acpAdapterUserMessageChunk.test.ts,tests/unit/acpAdapterUserMessageChunk.test.ts,26,21,5,80.8,100.0
AUTO,majority-upstream,src/process/webserver/auth/repository/UserRepository.ts,src/process/webserver/auth/repository/UserRepository.ts,73,59,14,80.8,100.0
AUTO,majority-upstream,tests/e2e/features/conversations/acp/display/display-streaming.e2e.ts,tests/e2e/features/conversations/acp/display/display-streaming.e2e.ts,78,63,15,80.8,70.7
AUTO,majority-upstream,tests/unit/process/acp/session/ApprovalCache.test.ts,tests/unit/process/acp/session/ApprovalCache.test.ts,36,29,7,80.6,100.0
AUTO,majority-upstream,tests/unit/cookieParsing.test.ts,tests/unit/cookieParsing.test.ts,36,29,7,80.6,97.9
AUTO,majority-upstream,src/common/types/acpTypes.ts,src/common/types/acpTypes.ts,350,282,68,80.6,93.6
AUTO,majority-upstream,tests/unit/renderer/components/markdown/MermaidBlock.dom.test.tsx,tests/unit/renderer/components/markdown/MermaidBlock.dom.test.tsx,82,66,16,80.5,100.0
AUTO,majority-upstream,tests/unit/AgentCard.dom.test.tsx,tests/unit/AgentCard.dom.test.tsx,87,70,17,80.5,93.3
AUTO,majority-upstream,tests/unit/useAutoPreviewOfficeFiles.dom.test.ts,tests/unit/useAutoPreviewOfficeFiles.dom.test.ts,102,82,20,80.4,100.0
AUTO,majority-upstream,tests/unit/readDirectoryRecursive.test.ts,tests/unit/readDirectoryRecursive.test.ts,112,90,22,80.4,98.7
AUTO,majority-upstream,src/renderer/components/chat/sendbox.tsx,src/renderer/components/chat/sendbox.tsx,764,614,150,80.4,94.3
AUTO,majority-upstream,src/renderer/components/agent/ContextUsageIndicator.tsx,src/renderer/components/agent/ContextUsageIndicator.tsx,51,41,10,80.4,93.8
AUTO,majority-upstream,tests/unit/team-workspace-sync.test.ts,tests/unit/team-workspace-sync.test.ts,208,167,41,80.3,92.6
AUTO,majority-upstream,tests/unit/assistantHooks.dom.test.ts,tests/unit/assistantHooks.dom.test.ts,206,165,41,80.1,100.0
AUTO,majority-upstream,tests/unit/OpenClawGatewayManager.test.ts,tests/unit/OpenClawGatewayManager.test.ts,60,48,12,80.0,96.6
AUTO,majority-upstream,src/common/config/appEnv.ts,src/common/config/appEnv.ts,5,4,1,80.0,87.5
AUTO,majority-upstream,tests/unit/assistantUtils.test.ts,tests/unit/assistantUtils.test.ts,195,156,39,80.0,86.4
AUTO,majority-upstream,src/process/extensions/protocol/assetProtocol.ts,src/process/extensions/protocol/assetProtocol.ts,5,4,1,80.0,85.7
AUTO,majority-upstream,src/renderer/pages/settings/AssistantSettings/AssistantListPanel.tsx,src/renderer/pages/settings/AssistantSettings/AssistantListPanel.tsx,145,116,29,80.0,81.8
AUTO,majority-upstream,src/process/services/database/drivers/ISqliteDriver.ts,src/process/services/database/drivers/ISqliteDriver.ts,10,8,2,80.0,75.0
AUTO,majority-upstream,tests/unit/extensions/extensionStorage.test.ts,tests/unit/extensions/extensionStorage.test.ts,84,67,17,79.8,100.0
AUTO,majority-upstream,src/common/types/codex/types/eventData.ts,src/common/types/codex/types/eventData.ts,129,103,26,79.8,100.0
AUTO,majority-upstream,src/renderer/pages/conversation/Messages/components/MessageThinking.tsx,src/renderer/pages/conversation/Messages/components/MessageThinking.tsx,49,39,10,79.6,97.7
AUTO,majority-upstream,tests/unit/process/agent/gemini/stripCodeExecutionBlocks.test.ts,tests/unit/process/agent/gemini/stripCodeExecutionBlocks.test.ts,44,35,9,79.5,100.0
AUTO,majority-upstream,tests/e2e/specs/ext-permissions.e2e.ts,tests/e2e/specs/ext-permissions.e2e.ts,44,35,9,79.5,100.0
AUTO,majority-upstream,src/process/agent/gemini/cli/useReactToolScheduler.ts,src/process/agent/gemini/cli/useReactToolScheduler.ts,127,101,26,79.5,100.0
AUTO,majority-upstream,src/process/task/ThinkTagDetector.ts,src/process/task/ThinkTagDetector.ts,39,31,8,79.5,100.0
AUTO,majority-upstream,src/renderer/pages/conversation/Preview/components/viewers/CodeViewer.tsx,src/renderer/pages/conversation/Preview/components/viewers/CodeViewer.tsx,88,70,18,79.5,97.9
AUTO,majority-upstream,src/process/task/RemoteAgentManager.ts,src/process/task/RemoteAgentManager.ts,127,101,26,79.5,88.3
AUTO,majority-upstream,tests/unit/extensions/envResolver.test.ts,tests/unit/extensions/envResolver.test.ts,39,31,8,79.5,76.5
AUTO,majority-upstream,src/process/services/i18n/index.ts,src/process/services/i18n/index.ts,34,27,7,79.4,100.0
AUTO,majority-upstream,tests/unit/renderer/conversation/TaskDetailPage.dom.test.tsx,tests/unit/renderer/conversation/TaskDetailPage.dom.test.tsx,286,227,59,79.4,97.3
AUTO,majority-upstream,tests/e2e/features/conversations/acp/config/config-options.e2e.ts,tests/e2e/features/conversations/acp/config/config-options.e2e.ts,68,54,14,79.4,59.3
AUTO,majority-upstream,tests/integration/team-real-components.test.ts,tests/integration/team-real-components.test.ts,489,388,101,79.3,96.6
AUTO,majority-upstream,src/process/bridge/fileWatchBridge.ts,src/process/bridge/fileWatchBridge.ts,58,46,12,79.3,79.7
AUTO,majority-upstream,tests/unit/previewEditorKeyRemount.test.ts,tests/unit/previewEditorKeyRemount.test.ts,24,19,5,79.2,100.0
AUTO,majority-upstream,src/process/webserver/auth/repository/RateLimitStore.ts,src/process/webserver/auth/repository/RateLimitStore.ts,24,19,5,79.2,100.0
AUTO,majority-upstream,src/renderer/utils/model/agentModes.ts,src/renderer/utils/model/agentModes.ts,43,34,9,79.1,98.0
AUTO,majority-upstream,src/renderer/pages/settings/components/ApiKeyEditorModal.tsx,src/renderer/pages/settings/components/ApiKeyEditorModal.tsx,91,72,19,79.1,93.3
AUTO,majority-upstream,src/process/team/mcp/team/TeamMcpServer.ts,src/process/team/mcp/team/TeamMcpServer.ts,320,253,67,79.1,91.6
AUTO,majority-upstream,src/renderer/components/agent/AcpConfigSelector.tsx,src/renderer/components/agent/AcpConfigSelector.tsx,76,60,16,78.9,93.5
AUTO,majority-upstream,src/renderer/utils/file/messageFiles.ts,src/renderer/utils/file/messageFiles.ts,19,15,4,78.9,92.0
AUTO,majority-upstream,src/process/agent/nanobot/index.ts,src/process/agent/nanobot/index.ts,33,26,7,78.8,100.0
AUTO,majority-upstream,src/renderer/pages/conversation/GroupedHistory/utils/groupingHelpers.ts,src/renderer/pages/conversation/GroupedHistory/utils/groupingHelpers.ts,66,52,14,78.8,88.7
AUTO,majority-upstream,src/process/services/database/StreamingMessageBuffer.ts,src/process/services/database/StreamingMessageBuffer.ts,47,37,10,78.7,100.0
AUTO,majority-upstream,src/renderer/pages/conversation/GroupedHistory/index.tsx,src/renderer/pages/conversation/GroupedHistory/index.tsx,216,170,46,78.7,86.0
AUTO,majority-upstream,tests/unit/team-permission-sendbox.dom.test.tsx,tests/unit/team-permission-sendbox.dom.test.tsx,117,92,25,78.6,100.0
AUTO,majority-upstream,tests/e2e/specs/ext-acp.e2e.ts,tests/e2e/specs/ext-acp.e2e.ts,28,22,6,78.6,100.0
AUTO,majority-upstream,src/process/services/database/SqliteChannelRepository.ts,src/process/services/database/SqliteChannelRepository.ts,28,22,6,78.6,100.0
AUTO,majority-upstream,src/process/task/NanoBotAgentManager.ts,src/process/task/NanoBotAgentManager.ts,84,66,18,78.6,94.8
AUTO,majority-upstream,src/process/agent/AgentRegistry.ts,src/process/agent/AgentRegistry.ts,112,88,24,78.6,86.3
AUTO,majority-upstream,src/renderer/pages/conversation/Messages/codex/ToolCallComponent/WebSearchDisplay.tsx,src/renderer/pages/conversation/Messages/codex/ToolCallComponent/WebSearchDisplay.tsx,28,22,6,78.6,77.8
AUTO,majority-upstream,src/common/adapter/standalone.ts,src/common/adapter/standalone.ts,14,11,3,78.6,66.7
AUTO,majority-upstream,src/renderer/pages/conversation/Workspace/utils/treeHelpers.ts,src/renderer/pages/conversation/Workspace/utils/treeHelpers.ts,107,84,23,78.5,83.1
AUTO,majority-upstream,tests/e2e/specs/ext-channels.e2e.ts,tests/e2e/specs/ext-channels.e2e.ts,51,40,11,78.4,100.0
AUTO,majority-upstream,src/renderer/pages/conversation/Preview/hooks/useScrollSync.ts,src/renderer/pages/conversation/Preview/hooks/useScrollSync.ts,51,40,11,78.4,100.0
AUTO,majority-upstream,src/renderer/components/agent/ChannelConflictWarning.tsx,src/renderer/components/agent/ChannelConflictWarning.tsx,37,29,8,78.4,94.8
AUTO,majority-upstream,tests/unit/BaseAgentManagerDecouple.test.ts,tests/unit/BaseAgentManagerDecouple.test.ts,120,94,26,78.3,100.0
AUTO,majority-upstream,tests/unit/openai2AnthropicConverter.test.ts,tests/unit/openai2AnthropicConverter.test.ts,23,18,5,78.3,100.0
AUTO,majority-upstream,src/process/services/openclawConflictDetector.ts,src/process/services/openclawConflictDetector.ts,69,54,15,78.3,95.5
AUTO,majority-upstream,src/renderer/utils/workspace/workspace.ts,src/renderer/utils/workspace/workspace.ts,23,18,5,78.3,95.0
AUTO,majority-upstream,src/process/bridge/authBridge.ts,src/process/bridge/authBridge.ts,46,36,10,78.3,76.6
AUTO,majority-upstream,tests/unit/CronCommandDetector.test.ts,tests/unit/CronCommandDetector.test.ts,119,93,26,78.2,100.0
AUTO,majority-upstream,tests/unit/acpModelInfo.test.ts,tests/unit/acpModelInfo.test.ts,55,43,12,78.2,100.0
AUTO,majority-upstream,tests/unit/AcpAgentManagerSkillInjection.test.ts,tests/unit/AcpAgentManagerSkillInjection.test.ts,119,93,26,78.2,90.6
AUTO,majority-upstream,src/renderer/pages/conversation/hooks/useWorkspaceCollapse.ts,src/renderer/pages/conversation/hooks/useWorkspaceCollapse.ts,73,57,16,78.1,98.0
AUTO,majority-upstream,tests/e2e/specs/ext-webui-contrib.e2e.ts,tests/e2e/specs/ext-webui-contrib.e2e.ts,59,46,13,78.0,100.0
AUTO,majority-upstream,tests/unit/acpSessionOwnership.test.ts,tests/unit/acpSessionOwnership.test.ts,82,64,18,78.0,97.8
AUTO,majority-upstream,src/renderer/pages/settings/AgentSettings/AgentCard.tsx,src/renderer/pages/settings/AgentSettings/AgentCard.tsx,59,46,13,78.0,89.9
AUTO,majority-upstream,src/process/services/previewHistoryService.ts,src/process/services/previewHistoryService.ts,91,71,20,78.0,87.3
AUTO,majority-upstream,uno.config.ts,uno.config.ts,68,53,15,77.9,100.0
AUTO,majority-upstream,tests/unit/remoteAgentBridge.test.ts,tests/unit/remoteAgentBridge.test.ts,213,166,47,77.9,100.0
AUTO,majority-upstream,src/renderer/pages/guid/hooks/usePresetAssistantResolver.ts,src/renderer/pages/guid/hooks/usePresetAssistantResolver.ts,68,53,15,77.9,93.6
AUTO,majority-upstream,tests/unit/slashScrollFollow.test.ts,tests/unit/slashScrollFollow.test.ts,9,7,2,77.8,100.0
AUTO,majority-upstream,tests/unit/RemoteSendBox.dom.test.tsx,tests/unit/RemoteSendBox.dom.test.tsx,167,130,37,77.8,100.0
AUTO,majority-upstream,tests/e2e/specs/webui.e2e.ts,tests/e2e/specs/webui.e2e.ts,45,35,10,77.8,100.0
AUTO,majority-upstream,tests/unit/initAgent.skills.test.ts,tests/unit/initAgent.skills.test.ts,153,119,34,77.8,98.9
AUTO,majority-upstream,tests/unit/webserver/cookieOptions.test.ts,tests/unit/webserver/cookieOptions.test.ts,36,28,8,77.8,97.8
AUTO,majority-upstream,src/renderer/hooks/agent/useModelProviderList.ts,src/renderer/hooks/agent/useModelProviderList.ts,63,49,14,77.8,86.4
AUTO,majority-upstream,tests/unit/messageQueue.test.ts,tests/unit/messageQueue.test.ts,94,73,21,77.7,100.0
AUTO,majority-upstream,src/renderer/pages/conversation/Workspace/hooks/useWorkspacePaste.ts,src/renderer/pages/conversation/Workspace/hooks/useWorkspacePaste.ts,112,87,25,77.7,99.0
AUTO,majority-upstream,src/process/webserver/routes/apiRoutes.ts,src/process/webserver/routes/apiRoutes.ts,300,233,67,77.7,84.4
AUTO,majority-upstream,src/renderer/services/PasteService.ts,src/renderer/services/PasteService.ts,116,90,26,77.6,95.5
AUTO,majority-upstream,tests/unit/geminiHooks.dom.test.ts,tests/unit/geminiHooks.dom.test.ts,80,62,18,77.5,100.0
AUTO,majority-upstream,tests/unit/adapterPayloadGuard.test.ts,tests/unit/adapterPayloadGuard.test.ts,62,48,14,77.4,93.3
AUTO,majority-upstream,src/renderer/pages/conversation/Workspace/components/WorkspaceContextMenu.tsx,src/renderer/pages/conversation/Workspace/components/WorkspaceContextMenu.tsx,53,41,12,77.4,93.1
AUTO,majority-upstream,tests/e2e/specs/ext-mcp.e2e.ts,tests/e2e/specs/ext-mcp.e2e.ts,22,17,5,77.3,100.0
AUTO,majority-upstream,tests/unit/analyticsId.test.ts,tests/unit/analyticsId.test.ts,44,34,10,77.3,97.7
AUTO,majority-upstream,src/renderer/utils/chat/autoTitle.ts,src/renderer/utils/chat/autoTitle.ts,22,17,5,77.3,95.2
AUTO,majority-upstream,src/renderer/pages/conversation/Messages/components/MessageCronTrigger.tsx,src/renderer/pages/conversation/Messages/components/MessageCronTrigger.tsx,22,17,5,77.3,93.8
AUTO,majority-upstream,src/renderer/components/settings/LanguageSwitcher.tsx,src/renderer/components/settings/LanguageSwitcher.tsx,22,17,5,77.3,88.5
AUTO,majority-upstream,src/renderer/pages/conversation/Messages/components/TeammateMessageAvatar.tsx,src/renderer/pages/conversation/Messages/components/TeammateMessageAvatar.tsx,22,17,5,77.3,85.2
AUTO,majority-upstream,src/process/bridge/acpConversationBridge.ts,src/process/bridge/acpConversationBridge.ts,114,88,26,77.2,96.0
AUTO,majority-upstream,src/renderer/hooks/system/useProtocolDetection.ts,src/renderer/hooks/system/useProtocolDetection.ts,48,37,11,77.1,100.0
AUTO,majority-upstream,tests/unit/renderer/useAutoScroll.dom.test.tsx,tests/unit/renderer/useAutoScroll.dom.test.tsx,70,54,16,77.1,97.4
AUTO,majority-upstream,src/renderer/components/chat/CollapsibleContent.tsx,src/renderer/components/chat/CollapsibleContent.tsx,70,54,16,77.1,96.2
AUTO,majority-upstream,src/process/webserver/websocket/WebSocketManager.ts,src/process/webserver/websocket/WebSocketManager.ts,96,74,22,77.1,87.9
AUTO,majority-upstream,tests/unit/extensions/fileResolver.test.ts,tests/unit/extensions/fileResolver.test.ts,48,37,11,77.1,66.7
AUTO,majority-upstream,src/process/channels/agent/ChannelMessageService.ts,src/process/channels/agent/ChannelMessageService.ts,134,103,31,76.9,93.8
AUTO,majority-upstream,src/renderer/pages/team/components/agentSelectUtils.tsx,src/renderer/pages/team/components/agentSelectUtils.tsx,39,30,9,76.9,91.1
AUTO,majority-upstream,src/process/task/IAgentManager.ts,src/process/task/IAgentManager.ts,13,10,3,76.9,90.5
AUTO,majority-upstream,src/process/bridge/applicationBridgeCore.ts,src/process/bridge/applicationBridgeCore.ts,26,20,6,76.9,87.1
AUTO,majority-upstream,src/process/utils/configureChromium.ts,src/process/utils/configureChromium.ts,130,100,30,76.9,81.7
AUTO,majority-upstream,src/process/bridge/weixinLoginBridge.ts,src/process/bridge/weixinLoginBridge.ts,13,10,3,76.9,80.0
AUTO,majority-upstream,tests/e2e/features/conversations/acp/session/session-reset-migrate.e2e.ts,tests/e2e/features/conversations/acp/session/session-reset-migrate.e2e.ts,52,40,12,76.9,73.7
AUTO,majority-upstream,tests/unit/acpSessionCapabilities.test.ts,tests/unit/acpSessionCapabilities.test.ts,163,125,38,76.7,100.0
AUTO,majority-upstream,vitest.config.ts,vitest.config.ts,30,23,7,76.7,91.4
AUTO,majority-upstream,src/process/task/OpenClawAgentManager.ts,src/process/task/OpenClawAgentManager.ts,146,112,34,76.7,85.0
AUTO,majority-upstream,src/renderer/components/layout/Titlebar/index.tsx,src/renderer/components/layout/Titlebar/index.tsx,180,138,42,76.7,84.4
AUTO,majority-upstream,tests/unit/extensions/pathSafety.test.ts,tests/unit/extensions/pathSafety.test.ts,30,23,7,76.7,70.0
AUTO,majority-upstream,tests/unit/process/opencodeMcpAgent.test.ts,tests/unit/process/opencodeMcpAgent.test.ts,77,59,18,76.6,98.7
AUTO,majority-upstream,src/renderer/utils/platform.ts,src/renderer/utils/platform.ts,47,36,11,76.6,73.8
AUTO,majority-upstream,tests/unit/customAcpAgentBridge.test.ts,tests/unit/customAcpAgentBridge.test.ts,51,39,12,76.5,100.0
AUTO,majority-upstream,src/renderer/hooks/context/NavigationHistoryContext.tsx,src/renderer/hooks/context/NavigationHistoryContext.tsx,51,39,12,76.5,84.6
AUTO,majority-upstream,vite.renderer.config.ts,vite.renderer.config.ts,51,39,12,76.5,83.3
AUTO,majority-upstream,tests/unit/extensionsBridge.test.ts,tests/unit/extensionsBridge.test.ts,76,58,18,76.3,100.0
AUTO,majority-upstream,tests/unit/weixinLoginHandler.test.ts,tests/unit/weixinLoginHandler.test.ts,59,45,14,76.3,98.0
AUTO,majority-upstream,src/renderer/utils/file/diffUtils.ts,src/renderer/utils/file/diffUtils.ts,42,32,10,76.2,100.0
AUTO,majority-upstream,tests/unit/PptViewer.dom.test.tsx,tests/unit/PptViewer.dom.test.tsx,71,54,17,76.1,100.0
AUTO,majority-upstream,tests/unit/process/acp/session/InputPreprocessor.test.ts,tests/unit/process/acp/session/InputPreprocessor.test.ts,71,54,17,76.1,100.0
AUTO,majority-upstream,src/process/channels/plugins/lark/LarkCards.ts,src/process/channels/plugins/lark/LarkCards.ts,201,153,48,76.1,99.3
AUTO,majority-upstream,src/process/bridge/systemSettingsBridge.ts,src/process/bridge/systemSettingsBridge.ts,71,54,17,76.1,83.1
AUTO,majority-upstream,src/renderer/components/layout/Sider/SiderNav/SiderSearchEntry.tsx,src/renderer/components/layout/Sider/SiderNav/SiderSearchEntry.tsx,25,19,6,76.0,100.0
AUTO,majority-upstream,src/process/bridge/hubBridge.ts,src/process/bridge/hubBridge.ts,25,19,6,76.0,100.0
AUTO,majority-upstream,src/renderer/pages/guid/components/GuidActionRow.tsx,src/renderer/pages/guid/components/GuidActionRow.tsx,125,95,30,76.0,91.7
AUTO,majority-upstream,src/common/update/updateTypes.ts,src/common/update/updateTypes.ts,25,19,6,76.0,70.5
AUTO,majority-upstream,tests/unit/mainWindowCloseHandler.test.ts,tests/unit/mainWindowCloseHandler.test.ts,29,22,7,75.9,100.0
AUTO,majority-upstream,src/common/api/ClientFactory.ts,src/common/api/ClientFactory.ts,58,44,14,75.9,97.9
AUTO,majority-upstream,src/renderer/pages/conversation/components/ConversationChatConfirm.tsx,src/renderer/pages/conversation/components/ConversationChatConfirm.tsx,145,110,35,75.9,91.3
AUTO,majority-upstream,src/renderer/pages/conversation/platforms/gemini/useGeminiMessage.ts,src/renderer/pages/conversation/platforms/gemini/useGeminiMessage.ts,157,119,38,75.8,100.0
AUTO,majority-upstream,tests/unit/ThinkTagDetector.test.ts,tests/unit/ThinkTagDetector.test.ts,231,175,56,75.8,98.9
AUTO,majority-upstream,src/process/services/ccSwitchModelSource.ts,src/process/services/ccSwitchModelSource.ts,120,91,29,75.8,91.3
AUTO,majority-upstream,src/renderer/pages/cron/ScheduledTasksPage/TaskDetailPage.tsx,src/renderer/pages/cron/ScheduledTasksPage/TaskDetailPage.tsx,169,128,41,75.7,86.7
AUTO,majority-upstream,src/renderer/pages/conversation/platforms/gemini/GeminiChat.tsx,src/renderer/pages/conversation/platforms/gemini/GeminiChat.tsx,37,28,9,75.7,72.0
AUTO,majority-upstream,tests/unit/guidAgentHooks.dom.test.ts,tests/unit/guidAgentHooks.dom.test.ts,123,93,30,75.6,100.0
AUTO,majority-upstream,src/common/platform/index.ts,src/common/platform/index.ts,41,31,10,75.6,88.5
AUTO,majority-upstream,src/renderer/components/settings/SettingsModal/contents/channels/ChannelModalContent.tsx,src/renderer/components/settings/SettingsModal/contents/channels/ChannelModalContent.tsx,454,343,111,75.6,76.6
AUTO,majority-upstream,tests/unit/acpApplySessionMode.test.ts,tests/unit/acpApplySessionMode.test.ts,98,74,24,75.5,88.0
AUTO,majority-upstream,src/renderer/pages/guid/hooks/useCustomAgentsLoader.ts,src/renderer/pages/guid/hooks/useCustomAgentsLoader.ts,53,40,13,75.5,87.5
AUTO,majority-upstream,src/renderer/services/SpeechToTextService.ts,src/renderer/services/SpeechToTextService.ts,53,40,13,75.5,76.9
AUTO,majority-upstream,tests/unit/sendboxWarmup.dom.test.ts,tests/unit/sendboxWarmup.dom.test.ts,122,92,30,75.4,100.0
AUTO,majority-upstream,src/process/team/prompts/teammatePrompt.ts,src/process/team/prompts/teammatePrompt.ts,61,46,15,75.4,82.0
AUTO,majority-upstream,src/renderer/pages/conversation/Messages/components/MessageToolGroup.tsx,src/renderer/pages/conversation/Messages/components/MessageToolGroup.tsx,231,174,57,75.3,93.5
AUTO,majority-upstream,src/renderer/pages/settings/ExtensionSettingsPage.tsx,src/renderer/pages/settings/ExtensionSettingsPage.tsx,81,61,20,75.3,84.8
AUTO,majority-upstream,tests/e2e/features/conversations/acp/messaging/msg-inject-hidden.e2e.ts,tests/e2e/features/conversations/acp/messaging/msg-inject-hidden.e2e.ts,73,55,18,75.3,64.0
AUTO,majority-upstream,tests/unit/directoryApi.test.ts,tests/unit/directoryApi.test.ts,157,118,39,75.2,100.0
AUTO,majority-upstream,tests/unit/acpAgentSetModel.test.ts,tests/unit/acpAgentSetModel.test.ts,117,88,29,75.2,98.3
AUTO,majority-upstream,src/renderer/pages/conversation/Preview/components/PreviewPanel/PreviewToolbar.tsx,src/renderer/pages/conversation/Preview/components/PreviewPanel/PreviewToolbar.tsx,117,88,29,75.2,96.9
AUTO,majority-upstream,src/process/services/mcpServices/agents/ClaudeMcpAgent.ts,src/process/services/mcpServices/agents/ClaudeMcpAgent.ts,101,76,25,75.2,92.7
AUTO,majority-upstream,tests/unit/slashCommandController.test.tsx,tests/unit/slashCommandController.test.tsx,24,18,6,75.0,100.0
AUTO,majority-upstream,tests/integration/i18n-performance.test.ts,tests/integration/i18n-performance.test.ts,88,66,22,75.0,100.0
AUTO,majority-upstream,src/common/utils/protocolDetector.ts,src/common/utils/protocolDetector.ts,112,84,28,75.0,99.1
AUTO,majority-upstream,tests/unit/updateBridgeAssetSelection.test.ts,tests/unit/updateBridgeAssetSelection.test.ts,32,24,8,75.0,97.8
AUTO,majority-upstream,tests/unit/agentModes.test.ts,tests/unit/agentModes.test.ts,56,42,14,75.0,97.4
AUTO,majority-upstream,tests/unit/messageFiles.test.ts,tests/unit/messageFiles.test.ts,28,21,7,75.0,93.5
AUTO,majority-upstream,src/process/services/cron/ICronJobExecutor.ts,src/process/services/cron/ICronJobExecutor.ts,8,6,2,75.0,91.7
AUTO,majority-upstream,src/renderer/components/agent/AgentBadge.tsx,src/renderer/components/agent/AgentBadge.tsx,32,24,8,75.0,78.6
AUTO,majority-upstream,src/renderer/pages/conversation/Preview/components/editors/index.ts,src/renderer/pages/conversation/Preview/components/editors/index.ts,4,3,1,75.0,75.0
AUTO,majority-upstream,src/renderer/utils/file/workspaceFs.ts,src/renderer/utils/file/workspaceFs.ts,8,6,2,75.0,73.3
AUTO,majority-upstream,src/renderer/hooks/context/LayoutContext.tsx,src/renderer/hooks/context/LayoutContext.tsx,8,6,2,75.0,61.5
AUTO,majority-upstream,tests/integration/autoUpdate.integration.test.ts,tests/integration/autoUpdate.integration.test.ts,103,77,26,74.8,97.9
AUTO,majority-upstream,src/process/channels/plugins/telegram/TelegramAdapter.ts,src/process/channels/plugins/telegram/TelegramAdapter.ts,130,97,33,74.6,80.8
AUTO,majority-upstream,tests/unit/modelBridge.test.ts,tests/unit/modelBridge.test.ts,51,38,13,74.5,100.0
AUTO,majority-upstream,tests/e2e/features/conversations/acp/messaging/msg-send-basic.e2e.ts,tests/e2e/features/conversations/acp/messaging/msg-send-basic.e2e.ts,55,41,14,74.5,58.6
AUTO,majority-upstream,tests/unit/FeedbackReportModal.dom.test.tsx,tests/unit/FeedbackReportModal.dom.test.tsx,164,122,42,74.4,100.0
AUTO,majority-upstream,tests/unit/InlineAgentEditor.dom.test.tsx,tests/unit/InlineAgentEditor.dom.test.tsx,117,87,30,74.4,100.0
AUTO,majority-upstream,tests/unit/channels/weixinSystemActions.test.ts,tests/unit/channels/weixinSystemActions.test.ts,121,90,31,74.4,100.0
AUTO,majority-upstream,src/renderer/pages/settings/SkillsHubSettings.tsx,src/renderer/pages/settings/SkillsHubSettings.tsx,344,256,88,74.4,93.4
AUTO,majority-upstream,tests/unit/team-migration-v19.test.ts,tests/unit/team-migration-v19.test.ts,70,52,18,74.3,94.4
AUTO,majority-upstream,src/renderer/pages/settings/components/OneClickImportModal.tsx,src/renderer/pages/settings/components/OneClickImportModal.tsx,136,101,35,74.3,90.0
AUTO,majority-upstream,src/common/platform/NodePlatformServices.ts,src/common/platform/NodePlatformServices.ts,35,26,9,74.3,86.0
AUTO,majority-upstream,src/process/acp/compat/LegacyConnectorFactory.ts,src/process/acp/compat/LegacyConnectorFactory.ts,31,23,8,74.2,97.5
AUTO,majority-upstream,src/common/types/teamTypes.ts,src/common/types/teamTypes.ts,31,23,8,74.2,80.7
AUTO,majority-upstream,tests/unit/process/team/leadPrompt.test.ts,tests/unit/process/team/leadPrompt.test.ts,54,40,14,74.1,94.4
AUTO,majority-upstream,src/process/acp/infra/ProcessAcpClient.ts,src/process/acp/infra/ProcessAcpClient.ts,232,172,60,74.1,81.5
AUTO,majority-upstream,tests/unit/acpTimeout.test.ts,tests/unit/acpTimeout.test.ts,200,148,52,74.0,100.0
AUTO,majority-upstream,src/renderer/pages/guid/hooks/useGuidAgentSelection.ts,src/renderer/pages/guid/hooks/useGuidAgentSelection.ts,242,179,63,74.0,85.4
AUTO,majority-upstream,tests/unit/authRoutesStatus.test.ts,tests/unit/authRoutesStatus.test.ts,88,65,23,73.9,100.0
AUTO,majority-upstream,src/renderer/pages/conversation/GroupedHistory/hooks/useConversationListSync.ts,src/renderer/pages/conversation/GroupedHistory/hooks/useConversationListSync.ts,138,102,36,73.9,86.5
AUTO,majority-upstream,src/renderer/hooks/context/ThemeContext.tsx,src/renderer/hooks/context/ThemeContext.tsx,23,17,6,73.9,84.6
AUTO,majority-upstream,src/renderer/pages/conversation/components/WorkspaceCollapse.tsx,src/renderer/pages/conversation/components/WorkspaceCollapse.tsx,19,14,5,73.7,92.3
AUTO,majority-upstream,src/renderer/utils/file/download.ts,src/renderer/utils/file/download.ts,19,14,5,73.7,84.0
AUTO,majority-upstream,src/renderer/pages/conversation/utils/createConversationParams.ts,src/renderer/pages/conversation/utils/createConversationParams.ts,118,87,31,73.7,79.8
AUTO,majority-upstream,src/process/utils/utils.ts,src/process/utils/utils.ts,213,157,56,73.7,79.5
AUTO,majority-upstream,tests/unit/chat/sendboxExport.dom.test.tsx,tests/unit/chat/sendboxExport.dom.test.tsx,129,95,34,73.6,100.0
AUTO,majority-upstream,tests/unit/sendboxAtFileMenu.dom.test.tsx,tests/unit/sendboxAtFileMenu.dom.test.tsx,223,164,59,73.5,99.2
AUTO,majority-upstream,src/process/team/TeamSession.ts,src/process/team/TeamSession.ts,109,80,29,73.4,79.1
AUTO,majority-upstream,tests/integration/team-stress-concurrency.test.ts,tests/integration/team-stress-concurrency.test.ts,427,313,114,73.3,90.1
AUTO,majority-upstream,src/process/utils/deepLink.ts,src/process/utils/deepLink.ts,30,22,8,73.3,84.8
AUTO,majority-upstream,src/process/bridge/dialogBridge.ts,src/process/bridge/dialogBridge.ts,15,11,4,73.3,70.8
AUTO,majority-upstream,tests/e2e/features/conversations/acp/session/session-create-delete.e2e.ts,tests/e2e/features/conversations/acp/session/session-create-delete.e2e.ts,60,44,16,73.3,68.7
AUTO,majority-upstream,tests/unit/agentLogo.test.ts,tests/unit/agentLogo.test.ts,75,55,20,73.3,67.7
AUTO,majority-upstream,src/renderer/components/layout/Sider/SiderItem.tsx,src/renderer/components/layout/Sider/SiderItem.tsx,56,41,15,73.2,87.9
AUTO,majority-upstream,tests/unit/extensions/dependencyResolver.test.ts,tests/unit/extensions/dependencyResolver.test.ts,41,30,11,73.2,80.0
AUTO,majority-upstream,src/process/bridge/windowControlsBridge.ts,src/process/bridge/windowControlsBridge.ts,26,19,7,73.1,100.0
AUTO,majority-upstream,src/process/acp/session/PromptTimer.ts,src/process/acp/session/PromptTimer.ts,26,19,7,73.1,100.0
AUTO,majority-upstream,src/process/acp/errors/errorNormalize.ts,src/process/acp/errors/errorNormalize.ts,52,38,14,73.1,90.4
AUTO,majority-upstream,tests/unit/webserver/authRoutesRefresh.test.ts,tests/unit/webserver/authRoutesRefresh.test.ts,100,73,27,73.0,100.0
AUTO,majority-upstream,src/renderer/components/media/HorizontalFileList.tsx,src/renderer/components/media/HorizontalFileList.tsx,63,46,17,73.0,95.5
AUTO,majority-upstream,src/process/agent/acp/utils.ts,src/process/agent/acp/utils.ts,115,84,31,73.0,78.4
AUTO,majority-upstream,tests/unit/layoutCalc.test.ts,tests/unit/layoutCalc.test.ts,166,121,45,72.9,100.0
AUTO,majority-upstream,tests/integration/hub-install-flow.test.ts,tests/integration/hub-install-flow.test.ts,195,142,53,72.8,100.0
AUTO,majority-upstream,src/renderer/pages/cron/useCronJobs.ts,src/renderer/pages/cron/useCronJobs.ts,191,139,52,72.8,88.5
AUTO,majority-upstream,src/process/webserver/middleware/rateLimiter.ts,src/process/webserver/middleware/rateLimiter.ts,66,48,18,72.7,100.0
AUTO,majority-upstream,tests/unit/webuiStaticRoutes.test.ts,tests/unit/webuiStaticRoutes.test.ts,33,24,9,72.7,83.3
AUTO,majority-upstream,tests/unit/process/acp/session/ConfigTracker.test.ts,tests/unit/process/acp/session/ConfigTracker.test.ts,73,53,20,72.6,100.0
AUTO,majority-upstream,src/renderer/utils/emitter.ts,src/renderer/utils/emitter.ts,62,45,17,72.6,65.6
AUTO,majority-upstream,src/renderer/pages/settings/AssistantSettings/AssistantEditDrawer.tsx,src/renderer/pages/settings/AssistantSettings/AssistantEditDrawer.tsx,287,208,79,72.5,95.0
AUTO,majority-upstream,tests/unit/shellBridge.test.ts,tests/unit/shellBridge.test.ts,142,103,39,72.5,90.3
AUTO,majority-upstream,src/common/platform/ElectronPlatformServices.ts,src/common/platform/ElectronPlatformServices.ts,40,29,11,72.5,76.8
AUTO,majority-upstream,tests/integration/team-mcp-server.test.ts,tests/integration/team-mcp-server.test.ts,412,298,114,72.3,99.2
AUTO,majority-upstream,src/process/acp/runtime/AcpRuntime.ts,src/process/acp/runtime/AcpRuntime.ts,130,94,36,72.3,78.7
AUTO,majority-upstream,tests/unit/process/initStorageMigration.test.ts,tests/unit/process/initStorageMigration.test.ts,90,65,25,72.2,100.0
AUTO,majority-upstream,src/process/task/workerTaskManagerSingleton.ts,src/process/task/workerTaskManagerSingleton.ts,36,26,10,72.2,92.9
AUTO,majority-upstream,src/common/config/presets/assistantPresets.ts,src/common/config/presets/assistantPresets.ts,557,402,155,72.2,72.8
AUTO,majority-upstream,src/process/channels/plugins/BasePlugin.ts,src/process/channels/plugins/BasePlugin.ts,68,49,19,72.1,70.4
AUTO,majority-upstream,tests/unit/renderer/CronJobManager.dom.test.tsx,tests/unit/renderer/CronJobManager.dom.test.tsx,75,54,21,72.0,92.0
AUTO,majority-upstream,tests/unit/CronStore.test.ts,tests/unit/CronStore.test.ts,267,192,75,71.9,100.0
AUTO,majority-upstream,src/renderer/pages/conversation/platforms/gemini/GeminiModelSelector.tsx,src/renderer/pages/conversation/platforms/gemini/GeminiModelSelector.tsx,110,79,31,71.8,83.1
AUTO,majority-upstream,src/process/agent/acp/AcpDetector.ts,src/process/agent/acp/AcpDetector.ts,106,76,30,71.7,93.3
AUTO,majority-upstream,src/renderer/pages/guid/components/PresetAgentTag.tsx,src/renderer/pages/guid/components/PresetAgentTag.tsx,53,38,15,71.7,85.7
AUTO,majority-upstream,src/process/extensions/resolvers/utils/engineValidator.ts,src/process/extensions/resolvers/utils/engineValidator.ts,46,33,13,71.7,68.1
AUTO,majority-upstream,tests/unit/SystemModalContent.dom.test.tsx,tests/unit/SystemModalContent.dom.test.tsx,285,204,81,71.6,92.7
AUTO,majority-upstream,src/renderer/pages/conversation/Messages/components/MessageTips.tsx,src/renderer/pages/conversation/Messages/components/MessageTips.tsx,28,20,8,71.4,84.8
AUTO,majority-upstream,src/renderer/pages/team/components/TeamChatEmptyState.tsx,src/renderer/pages/team/components/TeamChatEmptyState.tsx,112,80,32,71.4,77.2
AUTO,majority-upstream,src/renderer/pages/team/components/TeamAgentIdentity.tsx,src/renderer/pages/team/components/TeamAgentIdentity.tsx,35,25,10,71.4,76.0
AUTO,majority-upstream,src/renderer/hooks/assistant/index.ts,src/renderer/hooks/assistant/index.ts,7,5,2,71.4,71.4
AUTO,majority-upstream,src/process/services/mcpServices/agents/GeminiMcpAgent.ts,src/process/services/mcpServices/agents/GeminiMcpAgent.ts,108,77,31,71.3,89.1
AUTO,majority-upstream,tests/unit/platform/NodePlatformServices.test.ts,tests/unit/platform/NodePlatformServices.test.ts,66,47,19,71.2,97.7
AUTO,majority-upstream,src/process/webserver/config/constants.ts,src/process/webserver/config/constants.ts,66,47,19,71.2,94.2
AUTO,majority-upstream,src/process/channels/gateway/PluginManager.ts,src/process/channels/gateway/PluginManager.ts,139,99,40,71.2,82.9
AUTO,majority-upstream,tests/unit/systemSettingsBridge.test.ts,tests/unit/systemSettingsBridge.test.ts,83,59,24,71.1,100.0
AUTO,majority-upstream,src/process/extensions/index.ts,src/process/extensions/index.ts,38,27,11,71.1,84.3
AUTO,majority-upstream,src/process/acp/compat/AcpAgentV2.ts,src/process/acp/compat/AcpAgentV2.ts,425,302,123,71.1,81.8
AUTO,majority-upstream,tests/e2e/specs/agent-settings-detection.e2e.ts,tests/e2e/specs/agent-settings-detection.e2e.ts,31,22,9,71.0,100.0
AUTO,majority-upstream,src/process/channels/actions/SystemActions.ts,src/process/channels/actions/SystemActions.ts,354,251,103,70.9,98.8
AUTO,majority-upstream,tests/unit/SqliteConversationRepository.test.ts,tests/unit/SqliteConversationRepository.test.ts,75,53,22,70.7,71.2
AUTO,majority-upstream,tests/unit/webserver/csrfClient.dom.test.ts,tests/unit/webserver/csrfClient.dom.test.ts,85,60,25,70.6,100.0
AUTO,majority-upstream,tests/unit/channels/weixinConfigForm.dom.test.tsx,tests/unit/channels/weixinConfigForm.dom.test.tsx,180,127,53,70.6,100.0
AUTO,majority-upstream,src/renderer/hooks/ui/useTextSelection.ts,src/renderer/hooks/ui/useTextSelection.ts,34,24,10,70.6,100.0
AUTO,majority-upstream,src/common/config/i18n.ts,src/common/config/i18n.ts,44,31,13,70.5,83.8
AUTO,majority-upstream,tests/integration/team-stress-tcp.test.ts,tests/integration/team-stress-tcp.test.ts,243,171,72,70.4,100.0
AUTO,majority-upstream,tests/unit/configureChromium.test.ts,tests/unit/configureChromium.test.ts,135,95,40,70.4,97.0
AUTO,majority-upstream,src/process/channels/pairing/PairingService.ts,src/process/channels/pairing/PairingService.ts,142,100,42,70.4,96.3
AUTO,majority-upstream,src/process/channels/types.ts,src/process/channels/types.ts,186,131,55,70.4,73.2
AUTO,majority-upstream,tests/unit/channels/weixinLogin.test.ts,tests/unit/channels/weixinLogin.test.ts,64,45,19,70.3,81.7
AUTO,majority-upstream,src/process/extensions/hub/HubInstaller.ts,src/process/extensions/hub/HubInstaller.ts,148,104,44,70.3,78.5
AUTO,majority-upstream,tests/unit/process/agent/agentRegistryDeduplicate.test.ts,tests/unit/process/agent/agentRegistryDeduplicate.test.ts,107,75,32,70.1,100.0
AUTO,majority-upstream,tests/e2e/specs/hub-backend-install.e2e.ts,tests/e2e/specs/hub-backend-install.e2e.ts,147,103,44,70.1,100.0
AUTO,majority-upstream,src/renderer/pages/conversation/Preview/components/renderers/SelectionToolbar.tsx,src/renderer/pages/conversation/Preview/components/renderers/SelectionToolbar.tsx,30,21,9,70.0,100.0
AUTO,majority-upstream,tests/unit/usePresetAssistantInfo.dom.test.ts,tests/unit/usePresetAssistantInfo.dom.test.ts,73,51,22,69.9,100.0
AUTO,majority-upstream,src/renderer/pages/settings/AgentSettings/LocalAgents.tsx,src/renderer/pages/settings/AgentSettings/LocalAgents.tsx,113,79,34,69.9,92.0
AUTO,majority-upstream,src/renderer/components/settings/SettingsModal/contents/WebuiModalContent.tsx,src/renderer/components/settings/SettingsModal/contents/WebuiModalContent.tsx,503,351,152,69.8,83.0
AUTO,majority-upstream,tests/unit/channelBridge.test.ts,tests/unit/channelBridge.test.ts,152,106,46,69.7,78.7
AUTO,majority-upstream,tests/unit/chat/useAutoTitle.dom.test.tsx,tests/unit/chat/useAutoTitle.dom.test.tsx,46,32,14,69.6,82.4
AUTO,majority-upstream,src/renderer/utils/model/errorDetection.ts,src/renderer/utils/model/errorDetection.ts,46,32,14,69.6,75.6
AUTO,majority-upstream,tests/unit/renderer/platformSendBoxes.dom.test.tsx,tests/unit/renderer/platformSendBoxes.dom.test.tsx,367,255,112,69.5,90.6
AUTO,majority-upstream,src/process/services/mcpServices/agents/QwenMcpAgent.ts,src/process/services/mcpServices/agents/QwenMcpAgent.ts,95,66,29,69.5,89.7
AUTO,majority-upstream,tests/e2e/features/conversations/acp/session/session-stop-reply.e2e.ts,tests/e2e/features/conversations/acp/session/session-stop-reply.e2e.ts,49,34,15,69.4,68.7
AUTO,majority-upstream,src/renderer/pages/conversation/Preview/components/renderers/HTMLRenderer.tsx,src/renderer/pages/conversation/Preview/components/renderers/HTMLRenderer.tsx,277,192,85,69.3,87.6
AUTO,majority-upstream,src/renderer/hooks/chat/useTypingAnimation.ts,src/renderer/hooks/chat/useTypingAnimation.ts,39,27,12,69.2,100.0
AUTO,majority-upstream,src/process/services/cron/CronBusyGuard.ts,src/process/services/cron/CronBusyGuard.ts,52,36,16,69.2,78.8
AUTO,majority-upstream,tests/unit/apiRoutes-resolveUpload.test.ts,tests/unit/apiRoutes-resolveUpload.test.ts,58,40,18,69.0,100.0
AUTO,majority-upstream,tests/unit/useConversations.dom.test.ts,tests/unit/useConversations.dom.test.ts,84,58,26,69.0,98.6
AUTO,majority-upstream,src/process/channels/actions/PlatformActions.ts,src/process/channels/actions/PlatformActions.ts,116,80,36,69.0,97.9
AUTO,majority-upstream,tests/unit/presetAssistantResources.test.ts,tests/unit/presetAssistantResources.test.ts,58,40,18,69.0,82.5
AUTO,majority-upstream,src/renderer/pages/conversation/Preview/components/editors/TextEditor.tsx,src/renderer/pages/conversation/Preview/components/editors/TextEditor.tsx,32,22,10,68.8,100.0
AUTO,majority-upstream,src/common/types/speech.ts,src/common/types/speech.ts,16,11,5,68.8,85.7
AUTO,majority-upstream,src/process/channels/plugins/dingtalk/DingTalkAdapter.ts,src/process/channels/plugins/dingtalk/DingTalkAdapter.ts,147,101,46,68.7,81.0
AUTO,majority-upstream,tests/e2e/features/conversations/acp/reliability/reliability-recovery.e2e.ts,tests/e2e/features/conversations/acp/reliability/reliability-recovery.e2e.ts,134,92,42,68.7,56.9
AUTO,majority-upstream,tests/e2e/features/conversations/acp/session/session-reconnect-idle.e2e.ts,tests/e2e/features/conversations/acp/session/session-reconnect-idle.e2e.ts,51,35,16,68.6,55.1
AUTO,majority-upstream,src/renderer/components/settings/SettingsModal/contents/SystemModalContent/index.tsx,src/renderer/components/settings/SettingsModal/contents/SystemModalContent/index.tsx,254,174,80,68.5,74.9
AUTO,majority-upstream,src/renderer/pages/guid/hooks/useGuidSend.ts,src/renderer/pages/guid/hooks/useGuidSend.ts,225,154,71,68.4,89.4
AUTO,majority-upstream,src/process/services/database/schema.ts,src/process/services/database/schema.ts,79,54,25,68.4,80.0
AUTO,majority-upstream,src/renderer/hooks/context/ConversationContext.tsx,src/renderer/hooks/context/ConversationContext.tsx,19,13,6,68.4,69.0
AUTO,majority-upstream,tests/unit/process/bridge/fsBridge.readFile.test.ts,tests/unit/process/bridge/fsBridge.readFile.test.ts,123,84,39,68.3,81.1
AUTO,majority-upstream,tests/e2e/features/conversations/acp/session/session-connect-status.e2e.ts,tests/e2e/features/conversations/acp/session/session-connect-status.e2e.ts,60,41,19,68.3,63.8
AUTO,majority-upstream,src/renderer/pages/conversation/components/ChatSider.tsx,src/renderer/pages/conversation/components/ChatSider.tsx,22,15,7,68.2,100.0
AUTO,majority-upstream,tests/e2e/features/conversations/acp/config/config-model.e2e.ts,tests/e2e/features/conversations/acp/config/config-model.e2e.ts,107,73,34,68.2,60.7
AUTO,majority-upstream,src/process/channels/core/SessionManager.ts,src/process/channels/core/SessionManager.ts,94,64,30,68.1,91.4
AUTO,majority-upstream,tests/unit/WebSocketManager.test.ts,tests/unit/WebSocketManager.test.ts,50,34,16,68.0,94.9
AUTO,majority-upstream,tests/e2e/features/conversations/acp/skills/skills-inject.e2e.ts,tests/e2e/features/conversations/acp/skills/skills-inject.e2e.ts,97,66,31,68.0,55.9
AUTO,majority-upstream,tests/unit/MarqueePillLabel.dom.test.tsx,tests/unit/MarqueePillLabel.dom.test.tsx,90,61,29,67.8,100.0
AUTO,majority-upstream,src/renderer/pages/cron/ScheduledTasksPage/index.tsx,src/renderer/pages/cron/ScheduledTasksPage/index.tsx,118,80,38,67.8,77.9
AUTO,majority-upstream,tests/unit/channels/weixinMonitor.test.ts,tests/unit/channels/weixinMonitor.test.ts,279,189,90,67.7,99.5
AUTO,majority-upstream,src/process/task/CronCommandDetector.ts,src/process/task/CronCommandDetector.ts,65,44,21,67.7,82.1
AUTO,majority-upstream,tests/unit/process/acp/session/AuthNegotiator.test.ts,tests/unit/process/acp/session/AuthNegotiator.test.ts,74,50,24,67.6,100.0
AUTO,majority-upstream,tests/unit/WorkerTaskManager.test.ts,tests/unit/WorkerTaskManager.test.ts,123,83,40,67.5,93.6
AUTO,majority-upstream,tests/unit/errorDetection.test.ts,tests/unit/errorDetection.test.ts,154,104,50,67.5,63.9
AUTO,majority-upstream,tests/unit/useScrollSync.dom.test.ts,tests/unit/useScrollSync.dom.test.ts,86,58,28,67.4,100.0
AUTO,majority-upstream,tests/e2e/specs/guid-agent-selection.e2e.ts,tests/e2e/specs/guid-agent-selection.e2e.ts,104,70,34,67.3,98.6
AUTO,majority-upstream,src/renderer/components/media/FileAttachButton.tsx,src/renderer/components/media/FileAttachButton.tsx,49,33,16,67.3,84.1
AUTO,majority-upstream,tests/unit/deepLink.test.ts,tests/unit/deepLink.test.ts,58,39,19,67.2,97.8
AUTO,majority-upstream,src/process/channels/gateway/ActionExecutor.ts,src/process/channels/gateway/ActionExecutor.ts,384,258,126,67.2,84.9
AUTO,majority-upstream,tests/unit/openClawAgentDuplicate.test.ts,tests/unit/openClawAgentDuplicate.test.ts,94,63,31,67.0,100.0
AUTO,majority-upstream,tests/unit/chat/useExport.dom.test.tsx,tests/unit/chat/useExport.dom.test.tsx,136,91,45,66.9,100.0
AUTO,majority-upstream,tests/unit/renderer/SpeechInputButton.dom.test.tsx,tests/unit/renderer/SpeechInputButton.dom.test.tsx,148,99,49,66.9,90.6
AUTO,majority-upstream,tests/unit/mcpReadiness.test.ts,tests/unit/mcpReadiness.test.ts,42,28,14,66.7,100.0
AUTO,majority-upstream,tests/unit/safeExec.test.ts,tests/unit/safeExec.test.ts,60,40,20,66.7,100.0
AUTO,majority-upstream,tests/e2e/specs/ext-skills.e2e.ts,tests/e2e/specs/ext-skills.e2e.ts,18,12,6,66.7,100.0
AUTO,majority-upstream,src/renderer/hooks/chat/useAutoScroll.ts,src/renderer/hooks/chat/useAutoScroll.ts,15,10,5,66.7,100.0
AUTO,majority-upstream,tests/unit/renderer/conversation/SkillSuggestCard.dom.test.tsx,tests/unit/renderer/conversation/SkillSuggestCard.dom.test.tsx,120,80,40,66.7,98.0
AUTO,majority-upstream,tests/unit/extensions/entryPointResolver.test.ts,tests/unit/extensions/entryPointResolver.test.ts,21,14,7,66.7,83.3
AUTO,majority-upstream,src/renderer/pages/team/hooks/useTeamList.ts,src/renderer/pages/team/hooks/useTeamList.ts,18,12,6,66.7,80.0
AUTO,majority-upstream,src/process/services/mcpServices/agents/CodexMcpAgent.ts,src/process/services/mcpServices/agents/CodexMcpAgent.ts,141,94,47,66.7,78.8
AUTO,majority-upstream,tests/unit/common/i18n-config.test.ts,tests/unit/common/i18n-config.test.ts,6,4,2,66.7,76.9
AUTO,majority-upstream,src/process/bridge/updateBridge.ts,src/process/bridge/updateBridge.ts,363,242,121,66.7,74.9
AUTO,majority-upstream,src/common/config/constants.ts,src/common/config/constants.ts,12,8,4,66.7,70.6
AUTO,majority-upstream,src/process/channels/plugins/wecom/WecomPlugin.ts,src/process/channels/plugins/wecom/WecomPlugin.ts,279,185,94,66.3,81.4
AUTO,majority-upstream,tests/unit/conversationBridge.tray.test.ts,tests/unit/conversationBridge.tray.test.ts,136,90,46,66.2,79.7
AUTO,majority-upstream,tests/unit/channels/weixinTyping.test.ts,tests/unit/channels/weixinTyping.test.ts,127,84,43,66.1,100.0
AUTO,majority-upstream,tests/unit/cronBridge.test.ts,tests/unit/cronBridge.test.ts,171,113,58,66.1,90.0
AUTO,majority-upstream,tests/unit/acpConversationBridge.test.ts,tests/unit/acpConversationBridge.test.ts,112,74,38,66.1,79.8
AUTO,majority-upstream,src/process/bridge/pptPreviewBridge.ts,src/process/bridge/pptPreviewBridge.ts,97,64,33,66.0,75.0
AUTO,majority-upstream,src/process/agent/acp/acpConnectors.ts,src/process/agent/acp/acpConnectors.ts,240,158,82,65.8,87.3
AUTO,majority-upstream,tests/unit/fsBridge.skills.test.ts,tests/unit/fsBridge.skills.test.ts,473,311,162,65.8,82.5
AUTO,majority-upstream,tests/unit/createConversationParams.test.ts,tests/unit/createConversationParams.test.ts,134,88,46,65.7,93.1
AUTO,majority-upstream,tests/e2e/features/conversations/acp/display/display-tools-plan.e2e.ts,tests/e2e/features/conversations/acp/display/display-tools-plan.e2e.ts,99,65,34,65.7,71.8
AUTO,majority-upstream,src/process/team/repository/ITeamRepository.ts,src/process/team/repository/ITeamRepository.ts,35,23,12,65.7,64.2
AUTO,majority-upstream,src/renderer/components/layout/Sider/SiderNav/SiderToolbar.tsx,src/renderer/components/layout/Sider/SiderNav/SiderToolbar.tsx,32,21,11,65.6,95.6
AUTO,majority-upstream,src/renderer/pages/conversation/hooks/ConversationTabsContext.tsx,src/renderer/pages/conversation/hooks/ConversationTabsContext.tsx,96,63,33,65.6,77.5
AUTO,majority-upstream,tests/unit/geminiWorkspaceRecovery.test.ts,tests/unit/geminiWorkspaceRecovery.test.ts,29,19,10,65.5,100.0
AUTO,majority-upstream,tests/e2e/specs/ext-themes-stability.e2e.ts,tests/e2e/specs/ext-themes-stability.e2e.ts,58,38,20,65.5,100.0
AUTO,majority-upstream,tests/unit/renderer/conversation/ScheduledTasksPage.dom.test.tsx,tests/unit/renderer/conversation/ScheduledTasksPage.dom.test.tsx,310,203,107,65.5,93.1
AUTO,majority-upstream,tests/unit/previewFileWatch.dom.test.ts,tests/unit/previewFileWatch.dom.test.ts,95,62,33,65.3,100.0
AUTO,majority-upstream,tests/unit/aionMcpServer.test.ts,tests/unit/aionMcpServer.test.ts,196,128,68,65.3,95.6
AUTO,majority-upstream,tests/integration/process/acp/session/AcpSession.lifecycle.test.ts,tests/integration/process/acp/session/AcpSession.lifecycle.test.ts,121,79,42,65.3,86.4
AUTO,majority-upstream,tests/unit/channels/weixinPluginActions.test.ts,tests/unit/channels/weixinPluginActions.test.ts,92,60,32,65.2,98.5
AUTO,majority-upstream,tests/unit/common/useConversationShortcuts.dom.test.tsx,tests/unit/common/useConversationShortcuts.dom.test.tsx,86,56,30,65.1,100.0
AUTO,majority-upstream,src/process/webserver/index.ts,src/process/webserver/index.ts,146,95,51,65.1,78.6
AUTO,majority-upstream,tests/unit/process/initStorage.writeFile.test.ts,tests/unit/process/initStorage.writeFile.test.ts,20,13,7,65.0,96.9
AUTO,majority-upstream,src/process/extensions/constants.ts,src/process/extensions/constants.ts,60,39,21,65.0,73.1
AUTO,majority-upstream,src/renderer/components/layout/Sider/TeamSiderSection.tsx,src/renderer/components/layout/Sider/TeamSiderSection.tsx,148,96,52,64.9,75.9
AUTO,majority-upstream,tests/unit/extensions/statePersistence.test.ts,tests/unit/extensions/statePersistence.test.ts,91,59,32,64.8,94.5
AUTO,majority-upstream,src/renderer/pages/conversation/Preview/components/PreviewPanel/PreviewPanel.tsx,src/renderer/pages/conversation/Preview/components/PreviewPanel/PreviewPanel.tsx,372,241,131,64.8,86.2
AUTO,majority-upstream,src/renderer/services/FileService.ts,src/renderer/services/FileService.ts,122,79,43,64.8,83.8
AUTO,majority-upstream,src/process/services/database/SqliteConversationRepository.ts,src/process/services/database/SqliteConversationRepository.ts,51,33,18,64.7,81.0
AUTO,majority-upstream,src/process/utils/shellEnv.ts,src/process/utils/shellEnv.ts,404,261,143,64.6,75.8
AUTO,majority-upstream,src/process/channels/plugins/lark/LarkAdapter.ts,src/process/channels/plugins/lark/LarkAdapter.ts,152,98,54,64.5,72.9
AUTO,majority-upstream,tests/unit/channels/channelSendProtocol.test.ts,tests/unit/channels/channelSendProtocol.test.ts,87,56,31,64.4,97.1
AUTO,majority-upstream,src/renderer/pages/conversation/Preview/components/editors/MarkdownEditor.tsx,src/renderer/pages/conversation/Preview/components/editors/MarkdownEditor.tsx,28,18,10,64.3,100.0
AUTO,majority-upstream,tests/unit/common/appEnv.test.ts,tests/unit/common/appEnv.test.ts,14,9,5,64.3,95.0
AUTO,majority-upstream,src/renderer/utils/workspace/workspaceEvents.ts,src/renderer/utils/workspace/workspaceEvents.ts,14,9,5,64.3,94.4
AUTO,majority-upstream,src/process/bridge/conversationBridge.ts,src/process/bridge/conversationBridge.ts,339,218,121,64.3,72.7
AUTO,majority-upstream,src/renderer/pages/login/index.tsx,src/renderer/pages/login/index.tsx,128,82,46,64.1,88.6
AUTO,majority-upstream,tests/unit/AgentPillBar.dom.test.tsx,tests/unit/AgentPillBar.dom.test.tsx,119,76,43,63.9,82.8
AUTO,majority-upstream,tests/unit/process/acp/compat/LegacyConnectorFactory.test.ts,tests/unit/process/acp/compat/LegacyConnectorFactory.test.ts,94,60,34,63.8,89.9
AUTO,majority-upstream,tests/unit/applicationBridge.test.ts,tests/unit/applicationBridge.test.ts,143,91,52,63.6,86.1
AUTO,majority-upstream,src/renderer/pages/conversation/Preview/fileUtils.ts,src/renderer/pages/conversation/Preview/fileUtils.ts,33,21,12,63.6,72.0
AUTO,majority-upstream,tests/e2e/features/conversations/acp/display/display-commands.e2e.ts,tests/e2e/features/conversations/acp/display/display-commands.e2e.ts,118,75,43,63.6,65.5
AUTO,majority-upstream,tests/unit/chat/useConversationExport.dom.test.tsx,tests/unit/chat/useConversationExport.dom.test.tsx,142,90,52,63.4,100.0
AUTO,majority-upstream,tests/e2e/features/conversations/acp/reliability/reliability-timeout.e2e.ts,tests/e2e/features/conversations/acp/reliability/reliability-timeout.e2e.ts,79,50,29,63.3,62.5
AUTO,majority-upstream,src/renderer/services/i18n/locales/tr-TR/index.ts,src/renderer/services/i18n/locales/tr-TR/index.ts,30,19,11,63.3,52.6
AUTO,majority-upstream,src/renderer/services/i18n/locales/ru-RU/index.ts,src/renderer/services/i18n/locales/ru-RU/index.ts,30,19,11,63.3,52.6
AUTO,majority-upstream,src/renderer/services/i18n/locales/ja-JP/index.ts,src/renderer/services/i18n/locales/ja-JP/index.ts,30,19,11,63.3,52.6
AUTO,majority-upstream,src/renderer/services/i18n/locales/zh-CN/index.ts,src/renderer/services/i18n/locales/zh-CN/index.ts,30,19,11,63.3,52.6
AUTO,majority-upstream,src/renderer/services/i18n/locales/zh-TW/index.ts,src/renderer/services/i18n/locales/zh-TW/index.ts,30,19,11,63.3,52.6
AUTO,majority-upstream,src/renderer/services/i18n/locales/ko-KR/index.ts,src/renderer/services/i18n/locales/ko-KR/index.ts,30,19,11,63.3,52.6
AUTO,majority-upstream,src/renderer/services/i18n/locales/uk-UA/index.ts,src/renderer/services/i18n/locales/uk-UA/index.ts,30,19,11,63.3,52.6
AUTO,majority-upstream,tests/unit/minimapPanel.dom.test.ts,tests/unit/minimapPanel.dom.test.ts,106,67,39,63.2,100.0
AUTO,majority-upstream,tests/unit/RemoteAgentCore.test.ts,tests/unit/RemoteAgentCore.test.ts,608,384,224,63.2,100.0
AUTO,majority-upstream,src/renderer/pages/conversation/Messages/components/MessagePlan.tsx,src/renderer/pages/conversation/Messages/components/MessagePlan.tsx,19,12,7,63.2,75.0
AUTO,majority-upstream,src/process/services/database/drivers/BunSqliteDriver.ts,src/process/services/database/drivers/BunSqliteDriver.ts,35,22,13,62.9,48.6
AUTO,majority-upstream,tests/unit/process/acp/compat/typeBridge.test.ts,tests/unit/process/acp/compat/typeBridge.test.ts,183,115,68,62.8,94.1
AUTO,majority-upstream,tests/unit/extensions/extensionLoader.test.ts,tests/unit/extensions/extensionLoader.test.ts,67,42,25,62.7,74.4
AUTO,majority-upstream,tests/e2e/features/conversations/acp/messaging/msg-history-btw.e2e.ts,tests/e2e/features/conversations/acp/messaging/msg-history-btw.e2e.ts,67,42,25,62.7,58.8
AUTO,majority-upstream,tests/unit/chat/messageToolGroupSummary.dom.test.tsx,tests/unit/chat/messageToolGroupSummary.dom.test.tsx,48,30,18,62.5,100.0
AUTO,majority-upstream,src/renderer/pages/settings/WebuiSettings.tsx,src/renderer/pages/settings/WebuiSettings.tsx,8,5,3,62.5,80.0
AUTO,majority-upstream,src/renderer/pages/conversation/GroupedHistory/ConversationRow.tsx,src/renderer/pages/conversation/GroupedHistory/ConversationRow.tsx,136,85,51,62.5,78.8
AUTO,majority-upstream,tests/unit/SkillSuggestWatcher.test.ts,tests/unit/SkillSuggestWatcher.test.ts,106,66,40,62.3,100.0
AUTO,majority-upstream,src/process/channels/plugins/telegram/TelegramPlugin.ts,src/process/channels/plugins/telegram/TelegramPlugin.ts,281,175,106,62.3,77.3
AUTO,majority-upstream,src/process/extensions/lifecycle/statePersistence.ts,src/process/extensions/lifecycle/statePersistence.ts,95,59,36,62.1,82.4
AUTO,majority-upstream,src/renderer/main.tsx,src/renderer/main.tsx,66,41,25,62.1,65.1
AUTO,majority-upstream,src/process/extensions/types.ts,src/process/extensions/types.ts,321,199,122,62.0,78.6
AUTO,majority-upstream,src/renderer/components/settings/SettingsModal/contents/ExtensionSettingsTabContent.tsx,src/renderer/components/settings/SettingsModal/contents/ExtensionSettingsTabContent.tsx,71,44,27,62.0,73.6
AUTO,majority-upstream,tests/e2e/features/conversations/acp/permissions/perm-init.e2e.ts,tests/e2e/features/conversations/acp/permissions/perm-init.e2e.ts,92,57,35,62.0,65.6
AUTO,majority-upstream,src/renderer/hooks/assistant/useAssistantEditor.ts,src/renderer/hooks/assistant/useAssistantEditor.ts,210,130,80,61.9,86.2
AUTO,majority-upstream,src/process/channels/plugins/weixin/WeixinPlugin.ts,src/process/channels/plugins/weixin/WeixinPlugin.ts,178,110,68,61.8,67.4
AUTO,majority-upstream,src/process/services/cron/CronService.ts,src/process/services/cron/CronService.ts,394,243,151,61.7,74.4
AUTO,majority-upstream,src/process/services/ConversationServiceImpl.ts,src/process/services/ConversationServiceImpl.ts,120,74,46,61.7,67.5
AUTO,majority-upstream,tests/unit/channels/channelMessageService.test.ts,tests/unit/channels/channelMessageService.test.ts,172,106,66,61.6,100.0
AUTO,majority-upstream,src/renderer/pages/cron/ScheduledTasksPage/CreateTaskDialog.tsx,src/renderer/pages/cron/ScheduledTasksPage/CreateTaskDialog.tsx,477,294,183,61.6,79.1
AUTO,majority-upstream,src/process/utils/configMigration.ts,src/process/utils/configMigration.ts,65,40,25,61.5,96.7
AUTO,majority-upstream,src/process/bridge/modelBridge.ts,src/process/bridge/modelBridge.ts,589,362,227,61.5,81.3
AUTO,majority-upstream,tests/unit/renderer/useSpeechInput.test.ts,tests/unit/renderer/useSpeechInput.test.ts,145,89,56,61.4,86.5
AUTO,majority-upstream,tests/unit/renderer/team-renderer.dom.test.tsx,tests/unit/renderer/team-renderer.dom.test.tsx,246,151,95,61.4,78.1
AUTO,majority-upstream,src/renderer/components/layout/Layout.tsx,src/renderer/components/layout/Layout.tsx,332,204,128,61.4,71.0
AUTO,majority-upstream,src/renderer/pages/settings/AssistantSettings/assistantUtils.ts,src/renderer/pages/settings/AssistantSettings/assistantUtils.ts,119,73,46,61.3,65.1
AUTO,majority-upstream,src/renderer/services/i18n/locales/en-US/index.ts,src/renderer/services/i18n/locales/en-US/index.ts,31,19,12,61.3,50.0
AUTO,majority-upstream,tests/unit/PasteService.dom.test.ts,tests/unit/PasteService.dom.test.ts,116,71,45,61.2,78.5
AUTO,majority-upstream,tests/unit/acpAdapter.test.ts,tests/unit/acpAdapter.test.ts,131,80,51,61.1,100.0
AUTO,majority-upstream,src/renderer/hooks/chat/useAutoTitle.ts,src/renderer/hooks/chat/useAutoTitle.ts,36,22,14,61.1,85.0
AUTO,majority-upstream,src/renderer/hooks/system/useDeepLink.ts,src/renderer/hooks/system/useDeepLink.ts,36,22,14,61.1,82.4
AUTO,majority-upstream,src/renderer/pages/conversation/Messages/hooks.ts,src/renderer/pages/conversation/Messages/hooks.ts,225,137,88,60.9,85.9
AUTO,majority-upstream,src/process/channels/plugins/wecom/WecomCrypto.ts,src/process/channels/plugins/wecom/WecomCrypto.ts,46,28,18,60.9,76.6
AUTO,majority-upstream,tests/unit/acpMcpInjection.test.ts,tests/unit/acpMcpInjection.test.ts,265,161,104,60.8,95.6
AUTO,majority-upstream,tests/e2e/helpers/navigation.ts,tests/e2e/helpers/navigation.ts,51,31,20,60.8,72.3
AUTO,majority-upstream,tests/unit/channelConversation-import.test.ts,tests/unit/channelConversation-import.test.ts,66,40,26,60.6,100.0
AUTO,majority-upstream,tests/e2e/features/conversations/acp/permissions/perm-approval.e2e.ts,tests/e2e/features/conversations/acp/permissions/perm-approval.e2e.ts,103,62,41,60.2,55.9
AUTO,majority-upstream,tests/unit/getNpxCacheDir.test.ts,tests/unit/getNpxCacheDir.test.ts,75,45,30,60.0,97.7
AUTO,majority-upstream,src/renderer/components/base/ModalWrapper.tsx,src/renderer/components/base/ModalWrapper.tsx,15,9,6,60.0,83.3
AUTO,majority-upstream,tests/unit/shellBridgeStandalone.test.ts,tests/unit/shellBridgeStandalone.test.ts,85,51,34,60.0,83.1
AUTO,majority-upstream,tests/unit/FilePreview.dom.test.tsx,tests/unit/FilePreview.dom.test.tsx,75,45,30,60.0,79.5
AUTO,majority-upstream,tests/unit/workspaceUtils.test.ts,tests/unit/workspaceUtils.test.ts,15,9,6,60.0,73.9
AUTO,majority-upstream,tests/unit/webserver/authServiceConstantTimeVerify.test.ts,tests/unit/webserver/authServiceConstantTimeVerify.test.ts,15,9,6,60.0,73.1
AUTO,majority-upstream,src/process/channels/plugins/dingtalk/DingTalkPlugin.ts,src/process/channels/plugins/dingtalk/DingTalkPlugin.ts,392,235,157,59.9,79.1
AUTO,majority-upstream,src/renderer/components/settings/UpdateModal.tsx,src/renderer/components/settings/UpdateModal.tsx,267,160,107,59.9,76.7
AUTO,majority-upstream,src/process/services/database/types.ts,src/process/services/database/types.ts,92,55,37,59.8,75.4
AUTO,majority-upstream,tests/unit/renderer/services/registerPwa.dom.test.ts,tests/unit/renderer/services/registerPwa.dom.test.ts,52,31,21,59.6,100.0
AUTO,majority-upstream,tests/unit/process/services/ccSwitchModelSource.test.ts,tests/unit/process/services/ccSwitchModelSource.test.ts,104,62,42,59.6,94.4
AUTO,majority-upstream,src/renderer/components/layout/Sider/index.tsx,src/renderer/components/layout/Sider/index.tsx,109,65,44,59.6,78.6
AUTO,majority-upstream,tests/e2e/features/conversations/acp/display/display-agents-health.e2e.ts,tests/e2e/features/conversations/acp/display/display-agents-health.e2e.ts,74,44,30,59.5,40.8
AUTO,majority-upstream,src/process/webserver/auth/service/AuthService.ts,src/process/webserver/auth/service/AuthService.ts,229,136,93,59.4,72.6
AUTO,majority-upstream,tests/unit/process/utils/initBridgeStandalone.test.ts,tests/unit/process/utils/initBridgeStandalone.test.ts,155,92,63,59.4,56.4
AUTO,majority-upstream,tests/unit/hubInstaller.test.ts,tests/unit/hubInstaller.test.ts,214,127,87,59.3,78.1
AUTO,majority-upstream,tests/e2e/features/conversations/acp/permissions/perm-yolo.e2e.ts,tests/e2e/features/conversations/acp/permissions/perm-yolo.e2e.ts,110,65,45,59.1,71.0
AUTO,majority-upstream,src/renderer/pages/conversation/Messages/MessageList.tsx,src/renderer/pages/conversation/Messages/MessageList.tsx,308,182,126,59.1,70.7
AUTO,majority-upstream,tests/unit/webuiChangeUsername.test.ts,tests/unit/webuiChangeUsername.test.ts,166,98,68,59.0,100.0
AUTO,majority-upstream,src/common/utils/modelCapabilities.ts,src/common/utils/modelCapabilities.ts,34,20,14,58.8,83.0
AUTO,majority-upstream,src/process/channels/plugins/lark/LarkPlugin.ts,src/process/channels/plugins/lark/LarkPlugin.ts,289,170,119,58.8,68.7
AUTO,majority-upstream,src/renderer/pages/conversation/Messages/components/MessageText.tsx,src/renderer/pages/conversation/Messages/components/MessageText.tsx,177,104,73,58.8,58.7
AUTO,majority-upstream,src/process/bridge/officeWatchBridge.ts,src/process/bridge/officeWatchBridge.ts,128,75,53,58.6,76.5
AUTO,majority-upstream,src/process/task/AcpSkillManager.ts,src/process/task/AcpSkillManager.ts,203,119,84,58.6,68.8
AUTO,majority-upstream,tests/e2e/specs/assistant-settings-skills.e2e.ts,tests/e2e/specs/assistant-settings-skills.e2e.ts,142,83,59,58.5,100.0
AUTO,majority-upstream,src/renderer/pages/conversation/platforms/acp/useAcpMessage.ts,src/renderer/pages/conversation/platforms/acp/useAcpMessage.ts,190,111,79,58.4,82.0
AUTO,majority-upstream,src/renderer/hooks/mcp/useMcpOperations.ts,src/renderer/hooks/mcp/useMcpOperations.ts,89,52,37,58.4,78.8
AUTO,majority-upstream,src/process/webserver/auth/middleware/AuthMiddleware.ts,src/process/webserver/auth/middleware/AuthMiddleware.ts,60,35,25,58.3,80.6
AUTO,majority-upstream,tests/unit/acpAgentManagerCronGuard.test.ts,tests/unit/acpAgentManagerCronGuard.test.ts,156,91,65,58.3,75.5
AUTO,majority-upstream,src/process/task/IWorkerTaskManager.ts,src/process/task/IWorkerTaskManager.ts,12,7,5,58.3,57.9
AUTO,majority-upstream,tests/unit/latexDelimiters.test.ts,tests/unit/latexDelimiters.test.ts,72,42,30,58.3,53.6
AUTO,majority-upstream,tests/unit/WorkerTaskManagerJobExecutor.test.ts,tests/unit/WorkerTaskManagerJobExecutor.test.ts,162,94,68,58.0,97.6
AUTO,majority-upstream,src/process/bridge/fsBridge.ts,src/process/bridge/fsBridge.ts,797,460,337,57.7,79.8
AUTO,majority-upstream,tests/unit/download.dom.test.ts,tests/unit/download.dom.test.ts,59,34,25,57.6,81.4
AUTO,majority-upstream,tests/unit/renderer/conversation/CronJobSiderSection.dom.test.tsx,tests/unit/renderer/conversation/CronJobSiderSection.dom.test.tsx,115,66,49,57.4,98.0
AUTO,majority-upstream,tests/vitest.dom.setup.ts,tests/vitest.dom.setup.ts,47,27,20,57.4,66.1
AUTO,majority-upstream,tests/unit/claudeMcpAgent.test.ts,tests/unit/claudeMcpAgent.test.ts,14,8,6,57.1,88.9
AUTO,majority-upstream,src/renderer/pages/guid/hooks/agentSelectionUtils.ts,src/renderer/pages/guid/hooks/agentSelectionUtils.ts,28,16,12,57.1,74.1
AUTO,majority-upstream,src/process/utils/safeExec.ts,src/process/utils/safeExec.ts,53,30,23,56.6,97.0
AUTO,majority-upstream,tests/unit/webuiQR.test.ts,tests/unit/webuiQR.test.ts,53,30,23,56.6,84.8
AUTO,majority-upstream,tests/unit/team-TeamMcpServer.test.ts,tests/unit/team-TeamMcpServer.test.ts,399,226,173,56.6,84.2
AUTO,majority-upstream,src/process/task/GeminiAgentManager.ts,src/process/task/GeminiAgentManager.ts,641,363,278,56.6,67.8
AUTO,majority-upstream,src/process/services/database/index.ts,src/process/services/database/index.ts,589,332,257,56.4,77.4
AUTO,majority-upstream,src/process/services/mcpServices/McpProtocol.ts,src/process/services/mcpServices/McpProtocol.ts,174,98,76,56.3,76.7
AUTO,majority-upstream,tests/unit/renderer/groupingHelpers.test.ts,tests/unit/renderer/groupingHelpers.test.ts,194,109,85,56.2,79.5
AUTO,majority-upstream,tests/unit/autoUpdaterService.test.ts,tests/unit/autoUpdaterService.test.ts,269,151,118,56.1,86.4
AUTO,majority-upstream,tests/e2e/specs/ext-settings-tabs.e2e.ts,tests/e2e/specs/ext-settings-tabs.e2e.ts,77,43,34,55.8,95.5
AUTO,majority-upstream,electron.vite.config.ts,electron.vite.config.ts,104,58,46,55.8,85.0
AUTO,majority-upstream,src/renderer/components/layout/Sider/SiderNav/SiderScheduledEntry.tsx,src/renderer/components/layout/Sider/SiderNav/SiderScheduledEntry.tsx,27,15,12,55.6,86.8
AUTO,majority-upstream,tests/unit/JsonImportModal.dom.test.tsx,tests/unit/JsonImportModal.dom.test.tsx,108,60,48,55.6,84.1
AUTO,majority-upstream,src/process/utils/initBridgeStandalone.ts,src/process/utils/initBridgeStandalone.ts,94,52,42,55.3,55.0
AUTO,majority-upstream,tests/unit/chatLayoutHooks.dom.test.ts,tests/unit/chatLayoutHooks.dom.test.ts,212,117,95,55.2,86.0
AUTO,majority-upstream,tests/unit/SettingsPageWrapper.test.ts,tests/unit/SettingsPageWrapper.test.ts,29,16,13,55.2,40.0
AUTO,majority-upstream,tests/unit/extensions/sandboxHost.test.ts,tests/unit/extensions/sandboxHost.test.ts,158,87,71,55.1,100.0
AUTO,majority-upstream,src/common/api/GeminiRotatingClient.ts,src/common/api/GeminiRotatingClient.ts,69,38,31,55.1,67.6
AUTO,majority-upstream,tests/unit/process/acp/session/PromptTimer.test.ts,tests/unit/process/acp/session/PromptTimer.test.ts,40,22,18,55.0,100.0
AUTO,majority-upstream,tests/unit/guidAgentSelection.dom.test.ts,tests/unit/guidAgentSelection.dom.test.ts,191,105,86,55.0,86.0
AUTO,majority-upstream,tests/e2e/specs/conversation-full-cycle.e2e.ts,tests/e2e/specs/conversation-full-cycle.e2e.ts,366,201,165,54.9,85.0
AUTO,majority-upstream,tests/unit/renderer/conversation/useConversationAgents.dom.test.ts,tests/unit/renderer/conversation/useConversationAgents.dom.test.ts,155,85,70,54.8,75.7
AUTO,majority-upstream,src/renderer/pages/team/TeamPage.tsx,src/renderer/pages/team/TeamPage.tsx,352,193,159,54.8,66.0
AUTO,majority-upstream,src/process/extensions/ExtensionRegistry.ts,src/process/extensions/ExtensionRegistry.ts,307,168,139,54.7,70.9
AUTO,majority-upstream,src/process/services/WorkspaceSnapshotService.ts,src/process/services/WorkspaceSnapshotService.ts,223,122,101,54.7,65.6
AUTO,majority-upstream,tests/unit/conversationBridge.test.ts,tests/unit/conversationBridge.test.ts,271,148,123,54.6,67.8
AUTO,majority-upstream,tests/unit/ConversationServiceImpl.test.ts,tests/unit/ConversationServiceImpl.test.ts,319,174,145,54.5,76.5
AUTO,majority-upstream,tests/unit/acpBunxCache.test.ts,tests/unit/acpBunxCache.test.ts,92,50,42,54.3,71.2
AUTO,majority-upstream,src/renderer/utils/model/modelContextLimits.ts,src/renderer/utils/model/modelContextLimits.ts,48,26,22,54.2,80.0
AUTO,majority-upstream,src/process/services/mcpServices/McpService.ts,src/process/services/mcpServices/McpService.ts,144,78,66,54.2,68.2
AUTO,majority-upstream,src/renderer/pages/guid/GuidPage.tsx,src/renderer/pages/guid/GuidPage.tsx,647,350,297,54.1,65.6
AUTO,majority-upstream,tests/unit/agentSelectionUtils.test.ts,tests/unit/agentSelectionUtils.test.ts,89,48,41,53.9,74.1
AUTO,majority-upstream,tests/unit/renderer/components/WorkspaceFolderSelect.dom.test.tsx,tests/unit/renderer/components/WorkspaceFolderSelect.dom.test.tsx,158,85,73,53.8,99.1
AUTO,majority-upstream,src/process/acp/session/MessageTranslator.ts,src/process/acp/session/MessageTranslator.ts,134,72,62,53.7,84.8
AUTO,majority-upstream,tests/unit/previewHistoryService.test.ts,tests/unit/previewHistoryService.test.ts,54,29,25,53.7,58.2
AUTO,majority-upstream,src/renderer/pages/conversation/Preview/components/editors/HTMLEditor.tsx,src/renderer/pages/conversation/Preview/components/editors/HTMLEditor.tsx,56,30,26,53.6,58.1
AUTO,majority-upstream,tests/unit/useGuidSend.dom.test.ts,tests/unit/useGuidSend.dom.test.ts,170,91,79,53.5,84.7
AUTO,majority-upstream,tests/e2e/features/conversations/acp/config/config-mode.e2e.ts,tests/e2e/features/conversations/acp/config/config-mode.e2e.ts,99,53,46,53.5,48.2
AUTO,majority-upstream,tests/unit/updateBridgeCdnRewrite.test.ts,tests/unit/updateBridgeCdnRewrite.test.ts,90,48,42,53.3,76.1
AUTO,majority-upstream,tests/unit/webserver/index.test.ts,tests/unit/webserver/index.test.ts,160,85,75,53.1,71.4
AUTO,majority-upstream,src/process/bridge/applicationBridge.ts,src/process/bridge/applicationBridge.ts,132,70,62,53.0,59.5
AUTO,majority-upstream,src/renderer/components/layout/Sider/SiderFooter.tsx,src/renderer/components/layout/Sider/SiderFooter.tsx,57,30,27,52.6,79.3
AUTO,majority-upstream,src/process/team/Mailbox.ts,src/process/team/Mailbox.ts,23,12,11,52.2,58.1
AUTO,majority-upstream,tests/unit/acpDetector.test.ts,tests/unit/acpDetector.test.ts,179,93,86,52.0,98.8
AUTO,majority-upstream,tests/unit/process/acp/errors/errorNormalize.test.ts,tests/unit/process/acp/errors/errorNormalize.test.ts,50,26,24,52.0,71.8
AUTO,majority-upstream,src/process/task/MessageMiddleware.ts,src/process/task/MessageMiddleware.ts,125,65,60,52.0,56.6
AUTO,majority-upstream,src/process/utils/initStorage.ts,src/process/utils/initStorage.ts,695,361,334,51.9,57.3
AUTO,majority-upstream,src/renderer/pages/conversation/components/ConversationTabs.tsx,src/renderer/pages/conversation/components/ConversationTabs.tsx,253,131,122,51.8,67.8
AUTO,majority-upstream,tests/unit/shellBridge-new.test.ts,tests/unit/shellBridge-new.test.ts,185,95,90,51.4,73.7
AUTO,majority-upstream,tests/unit/WorkspaceSnapshotService.test.ts,tests/unit/WorkspaceSnapshotService.test.ts,314,161,153,51.3,77.9
AUTO,majority-upstream,src/process/team/TeamSessionService.ts,src/process/team/TeamSessionService.ts,650,330,320,50.8,55.6
AUTO,majority-upstream,src/renderer/pages/team/components/TeamChatView.tsx,src/renderer/pages/team/components/TeamChatView.tsx,77,39,38,50.6,91.7
AUTO,majority-upstream,tests/unit/hubIndexManager.test.ts,tests/unit/hubIndexManager.test.ts,109,55,54,50.5,76.5
AUTO,majority-upstream,tests/unit/acpConnectors.test.ts,tests/unit/acpConnectors.test.ts,254,128,126,50.4,79.7
AUTO,majority-upstream,src/common/chat/chatLib.ts,src/common/chat/chatLib.ts,351,177,174,50.4,66.7
AUTO,majority-upstream,tests/unit/renderer/conversationCommandQueue.dom.test.tsx,tests/unit/renderer/conversationCommandQueue.dom.test.tsx,431,217,214,50.3,100.0
AUTO,majority-upstream,src/process/task/AcpAgentManager.ts,src/process/task/AcpAgentManager.ts,1068,536,532,50.2,58.3
AUTO,majority-upstream,src/renderer/pages/cron/cronUtils.ts,src/renderer/pages/cron/cronUtils.ts,54,27,27,50.0,78.0
AUTO,majority-upstream,src/process/services/database/drivers/createDriver.ts,src/process/services/database/drivers/createDriver.ts,8,4,4,50.0,75.0
AUTO,majority-upstream,tests/unit/geminiWorkspaceEacces.test.ts,tests/unit/geminiWorkspaceEacces.test.ts,42,21,21,50.0,70.2
REVIEW,majority-ferrox,src/renderer/components/agent/AcpModelSelector.tsx,src/renderer/components/agent/AcpModelSelector.tsx,260,129,131,49.6,60.5
REVIEW,majority-ferrox,tests/e2e/specs/assistant-settings-permissions.e2e.ts,tests/e2e/specs/assistant-settings-permissions.e2e.ts,103,51,52,49.5,100.0
REVIEW,majority-ferrox,tests/unit/common/navigationHistoryContext.dom.test.tsx,tests/unit/common/navigationHistoryContext.dom.test.tsx,105,52,53,49.5,81.5
REVIEW,majority-ferrox,src/renderer/pages/TestShowcase.tsx,src/renderer/pages/TestShowcase.tsx,67,33,34,49.3,55.4
REVIEW,majority-ferrox,src/renderer/components/settings/SettingsModal/contents/AboutModalContent.tsx,src/renderer/components/settings/SettingsModal/contents/AboutModalContent.tsx,120,59,61,49.2,64.0
REVIEW,majority-ferrox,src/renderer/components/settings/ThemeSwitcher.tsx,src/renderer/components/settings/ThemeSwitcher.tsx,43,21,22,48.8,70.5
REVIEW,majority-ferrox,src/process/bridge/channelBridge.ts,src/process/bridge/channelBridge.ts,211,103,108,48.8,55.4
REVIEW,majority-ferrox,src/common/types/codex/types/toolTypes.ts,src/common/types/codex/types/toolTypes.ts,37,18,19,48.6,100.0
REVIEW,majority-ferrox,src/process/channels/core/ChannelManager.ts,src/process/channels/core/ChannelManager.ts,436,212,224,48.6,66.2
REVIEW,majority-ferrox,tests/unit/standaloneAdapter.test.ts,tests/unit/standaloneAdapter.test.ts,33,16,17,48.5,61.9
REVIEW,majority-ferrox,src/process/team/TeammateManager.ts,src/process/team/TeammateManager.ts,412,198,214,48.1,65.1
REVIEW,majority-ferrox,src/common/chat/imageGenCore.ts,src/common/chat/imageGenCore.ts,289,139,150,48.1,55.9
REVIEW,majority-ferrox,src/process/team/types.ts,src/process/team/types.ts,23,11,12,47.8,64.8
REVIEW,majority-ferrox,src/process/bridge/services/SpeechToTextService.ts,src/process/bridge/services/SpeechToTextService.ts,229,109,120,47.6,63.9
REVIEW,majority-ferrox,tests/unit/renderer/conversation/CreateTaskDialog.dom.test.tsx,tests/unit/renderer/conversation/CreateTaskDialog.dom.test.tsx,545,259,286,47.5,91.1
REVIEW,majority-ferrox,src/renderer/pages/settings/AssistantSettings/types.ts,src/renderer/pages/settings/AssistantSettings/types.ts,17,8,9,47.1,48.7
REVIEW,majority-ferrox,src/process/bridge/webuiBridge.ts,src/process/bridge/webuiBridge.ts,168,79,89,47.0,64.3
REVIEW,majority-ferrox,tests/unit/useWorkspaceEvents.dom.test.ts,tests/unit/useWorkspaceEvents.dom.test.ts,118,55,63,46.6,100.0
REVIEW,majority-ferrox,tests/unit/extensions/lifecycle.test.ts,tests/unit/extensions/lifecycle.test.ts,193,90,103,46.6,100.0
REVIEW,majority-ferrox,src/common/api/AnthropicRotatingClient.ts,src/common/api/AnthropicRotatingClient.ts,73,34,39,46.6,61.3
REVIEW,majority-ferrox,tests/e2e/specs/navigation.e2e.ts,tests/e2e/specs/navigation.e2e.ts,71,33,38,46.5,41.6
REVIEW,majority-ferrox,tests/unit/extensionConstants.test.ts,tests/unit/extensionConstants.test.ts,151,70,81,46.4,83.1
REVIEW,majority-ferrox,tests/e2e/specs/assistant-settings-crud.e2e.ts,tests/e2e/specs/assistant-settings-crud.e2e.ts,255,118,137,46.3,100.0
REVIEW,majority-ferrox,tests/unit/teamModelUtils.test.ts,tests/unit/teamModelUtils.test.ts,255,118,137,46.3,89.7
REVIEW,majority-ferrox,tests/unit/process/services/mcpProtocol.test.ts,tests/unit/process/services/mcpProtocol.test.ts,183,84,99,45.9,70.7
REVIEW,majority-ferrox,src/process/webserver/routes/authRoutes.ts,src/process/webserver/routes/authRoutes.ts,194,89,105,45.9,66.8
REVIEW,majority-ferrox,src/process/utils/initAgent.ts,src/process/utils/initAgent.ts,214,98,116,45.8,55.2
REVIEW,majority-ferrox,tests/e2e/features/conversations/acp/messaging/msg-file-reference.e2e.ts,tests/e2e/features/conversations/acp/messaging/msg-file-reference.e2e.ts,59,27,32,45.8,47.5
REVIEW,majority-ferrox,tests/unit/process/bridge/conversationBridge.sendMessage.test.ts,tests/unit/process/bridge/conversationBridge.sendMessage.test.ts,162,74,88,45.7,68.9
REVIEW,majority-ferrox,src/process/webserver/middleware/errorHandler.ts,src/process/webserver/middleware/errorHandler.ts,35,16,19,45.7,48.6
REVIEW,majority-ferrox,tests/unit/team-SqliteTeamRepository.test.ts,tests/unit/team-SqliteTeamRepository.test.ts,180,82,98,45.6,64.9
REVIEW,majority-ferrox,src/renderer/pages/settings/components/AddMcpServerModal.tsx,src/renderer/pages/settings/components/AddMcpServerModal.tsx,22,10,12,45.5,81.0
REVIEW,majority-ferrox,tests/unit/bridge/applicationBridge.startOnBoot.test.ts,tests/unit/bridge/applicationBridge.startOnBoot.test.ts,150,68,82,45.3,90.3
REVIEW,majority-ferrox,tests/unit/acpBuiltinMcp.test.ts,tests/unit/acpBuiltinMcp.test.ts,148,67,81,45.3,74.8
REVIEW,majority-ferrox,tests/unit/process/utils/configMigration.test.ts,tests/unit/process/utils/configMigration.test.ts,174,78,96,44.8,97.6
REVIEW,majority-ferrox,src/renderer/pages/conversation/Messages/useAutoScroll.ts,src/renderer/pages/conversation/Messages/useAutoScroll.ts,168,75,93,44.6,63.6
REVIEW,majority-ferrox,tests/unit/chatLib.test.ts,tests/unit/chatLib.test.ts,307,137,170,44.6,58.0
REVIEW,majority-ferrox,src/renderer/hooks/chat/useInputFocusRing.ts,src/renderer/hooks/chat/useInputFocusRing.ts,9,4,5,44.4,100.0
REVIEW,majority-ferrox,src/renderer/pages/guid/hooks/useGuidModelSelection.ts,src/renderer/pages/guid/hooks/useGuidModelSelection.ts,153,68,85,44.4,55.1
REVIEW,majority-ferrox,tests/unit/cronService.test.ts,tests/unit/cronService.test.ts,368,163,205,44.3,67.4
REVIEW,majority-ferrox,src/process/webserver/setup.ts,src/process/webserver/setup.ts,84,37,47,44.0,51.7
REVIEW,majority-ferrox,tests/unit/process/acp/session/PermissionResolver.test.ts,tests/unit/process/acp/session/PermissionResolver.test.ts,137,60,77,43.8,73.8
REVIEW,majority-ferrox,src/process/webserver/adapter.ts,src/process/webserver/adapter.ts,39,17,22,43.6,50.0
REVIEW,majority-ferrox,tests/unit/pptPreviewBridge.test.ts,tests/unit/pptPreviewBridge.test.ts,207,90,117,43.5,65.5
REVIEW,majority-ferrox,src/renderer/pages/conversation/components/ChatLayout/index.tsx,src/renderer/pages/conversation/components/ChatLayout/index.tsx,161,70,91,43.5,60.5
REVIEW,majority-ferrox,src/process/services/database/drivers/BetterSqlite3Driver.ts,src/process/services/database/drivers/BetterSqlite3Driver.ts,46,20,26,43.5,38.3
REVIEW,majority-ferrox,tests/unit/treeUtils.test.ts,tests/unit/treeUtils.test.ts,122,53,69,43.4,69.4
REVIEW,majority-ferrox,src/process/bridge/shellBridge.ts,src/process/bridge/shellBridge.ts,141,61,80,43.3,62.1
REVIEW,majority-ferrox,src/renderer/pages/settings/components/SettingsSider.tsx,src/renderer/pages/settings/components/SettingsSider.tsx,95,41,54,43.2,55.6
REVIEW,majority-ferrox,tests/unit/pptPreviewInstallGuard.test.ts,tests/unit/pptPreviewInstallGuard.test.ts,72,31,41,43.1,58.5
REVIEW,majority-ferrox,src/process/acp/session/PromptExecutor.ts,src/process/acp/session/PromptExecutor.ts,116,50,66,43.1,50.0
REVIEW,majority-ferrox,tests/unit/previewPanelMessageApi.test.ts,tests/unit/previewPanelMessageApi.test.ts,28,12,16,42.9,65.0
REVIEW,majority-ferrox,src/renderer/pages/settings/AssistantSettings/AssistantAvatar.tsx,src/renderer/pages/settings/AssistantSettings/AssistantAvatar.tsx,21,9,12,42.9,60.7
REVIEW,majority-ferrox,tests/unit/process/teamSessionService.test.ts,tests/unit/process/teamSessionService.test.ts,251,107,144,42.6,73.4
REVIEW,majority-ferrox,src/process/bridge/index.ts,src/process/bridge/index.ts,176,73,103,41.5,37.4
REVIEW,majority-ferrox,tests/unit/channels/weixinPlugin.test.ts,tests/unit/channels/weixinPlugin.test.ts,266,110,156,41.4,74.3
REVIEW,majority-ferrox,src/process/utils/appMenu.ts,src/process/utils/appMenu.ts,29,12,17,41.4,60.9
REVIEW,majority-ferrox,src/common/config/storage.ts,src/common/config/storage.ts,236,97,139,41.1,61.9
REVIEW,majority-ferrox,src/process/bridge/teamBridge.ts,src/process/bridge/teamBridge.ts,129,53,76,41.1,41.1
REVIEW,majority-ferrox,tests/unit/channels/telegramPlugin.test.ts,tests/unit/channels/telegramPlugin.test.ts,130,53,77,40.8,60.8
REVIEW,majority-ferrox,src/renderer/pages/conversation/components/ChatConversation.tsx,src/renderer/pages/conversation/components/ChatConversation.tsx,341,137,204,40.2,74.5
REVIEW,majority-ferrox,src/common/types/conversion.ts,src/common/types/conversion.ts,30,12,18,40.0,100.0
REVIEW,majority-ferrox,src/process/task/agentTypes.ts,src/process/task/agentTypes.ts,5,2,3,40.0,81.2
REVIEW,majority-ferrox,tests/unit/process/team/formatHelpers.test.ts,tests/unit/process/team/formatHelpers.test.ts,35,14,21,40.0,60.0
REVIEW,majority-ferrox,src/process/agent/acp/mcpSessionConfig.ts,src/process/agent/acp/mcpSessionConfig.ts,73,29,44,39.7,55.3
REVIEW,majority-ferrox,src/common/api/OpenAIRotatingClient.ts,src/common/api/OpenAIRotatingClient.ts,59,23,36,39.0,78.9
REVIEW,majority-ferrox,src/process/team/repository/SqliteTeamRepository.ts,src/process/team/repository/SqliteTeamRepository.ts,296,115,181,38.9,56.9
REVIEW,majority-ferrox,src/process/services/autoUpdaterService.ts,src/process/services/autoUpdaterService.ts,252,98,154,38.9,35.7
REVIEW,majority-ferrox,src/renderer/components/settings/SettingsModal/contents/SystemModalContent/PreferenceRow.tsx,src/renderer/components/settings/SettingsModal/contents/SystemModalContent/PreferenceRow.tsx,13,5,8,38.5,57.1
REVIEW,majority-ferrox,tests/unit/process/acp/compat/AcpAgentV2.test.ts,tests/unit/process/acp/compat/AcpAgentV2.test.ts,598,228,370,38.1,57.8
REVIEW,majority-ferrox,src/renderer/pages/cron/components/CronJobManager.tsx,src/renderer/pages/cron/components/CronJobManager.tsx,93,35,58,37.6,55.8
REVIEW,majority-ferrox,tests/unit/officeWatchBridge.test.ts,tests/unit/officeWatchBridge.test.ts,307,114,193,37.1,60.7
REVIEW,majority-ferrox,tests/unit/buildAgentConversationParams.test.ts,tests/unit/buildAgentConversationParams.test.ts,60,22,38,36.7,63.3
REVIEW,majority-ferrox,tests/unit/renderer/messageHooks.dom.test.tsx,tests/unit/renderer/messageHooks.dom.test.tsx,115,42,73,36.5,53.7
REVIEW,majority-ferrox,tests/unit/process/acp/runtime/IdleReclaimer.test.ts,tests/unit/process/acp/runtime/IdleReclaimer.test.ts,44,16,28,36.4,80.0
REVIEW,majority-ferrox,src/renderer/pages/conversation/hooks/useConversationAgents.ts,src/renderer/pages/conversation/hooks/useConversationAgents.ts,55,20,35,36.4,58.2
REVIEW,majority-ferrox,src/process/services/database/drivers/BunSqliteDriver.bun.test.ts,src/process/services/database/drivers/BunSqliteDriver.bun.test.ts,94,34,60,36.2,41.8
REVIEW,majority-ferrox,tests/unit/team-TeammateManager.test.ts,tests/unit/team-TeammateManager.test.ts,880,316,564,35.9,73.1
REVIEW,majority-ferrox,src/renderer/components/settings/SettingsModal/contents/ToolsModalContent.tsx,src/renderer/components/settings/SettingsModal/contents/ToolsModalContent.tsx,488,173,315,35.5,46.1
REVIEW,majority-ferrox,tests/unit/channels/telegramAdapter.test.ts,tests/unit/channels/telegramAdapter.test.ts,80,28,52,35.0,39.4
REVIEW,majority-ferrox,src/renderer/hooks/mcp/useMcpServers.ts,src/renderer/hooks/mcp/useMcpServers.ts,63,22,41,34.9,45.9
REVIEW,majority-ferrox,src/index.ts,src/index.ts,598,208,390,34.8,51.1
REVIEW,majority-ferrox,tests/e2e/specs/team-create.e2e.ts,tests/e2e/specs/team-create.e2e.ts,102,35,67,34.3,60.2
REVIEW,majority-ferrox,src/process/services/database/migrations.ts,src/process/services/database/migrations.ts,1053,360,693,34.2,57.3
REVIEW,majority-ferrox,src/process/bridge/mcpBridge.ts,src/process/bridge/mcpBridge.ts,89,30,59,33.7,41.6
REVIEW,majority-ferrox,src/common/types/electron.ts,src/common/types/electron.ts,63,21,42,33.3,52.1
REVIEW,majority-ferrox,src/process/bridge/shellBridgeStandalone.ts,src/process/bridge/shellBridgeStandalone.ts,36,12,24,33.3,50.0
REVIEW,majority-ferrox,tests/unit/bridge/modelBridge.test.ts,tests/unit/bridge/modelBridge.test.ts,170,56,114,32.9,72.1
REVIEW,majority-ferrox,tests/unit/acpKillChild.test.ts,tests/unit/acpKillChild.test.ts,98,32,66,32.7,39.5
REVIEW,majority-ferrox,tests/unit/shellEnv.test.ts,tests/unit/shellEnv.test.ts,577,187,390,32.4,62.3
REVIEW,majority-ferrox,src/renderer/pages/team/index.tsx,src/renderer/pages/team/index.tsx,28,9,19,32.1,31.4
REVIEW,majority-ferrox,tests/e2e/fixtures.ts,tests/e2e/fixtures.ts,222,71,151,32.0,43.2
REVIEW,majority-ferrox,src/renderer/pages/guid/components/AgentPillBar.tsx,src/renderer/pages/guid/components/AgentPillBar.tsx,138,44,94,31.9,56.9
REVIEW,majority-ferrox,src/process/team/prompts/buildRolePrompt.ts,src/process/team/prompts/buildRolePrompt.ts,22,7,15,31.8,34.0
REVIEW,majority-ferrox,src/renderer/services/i18n/i18n-keys.d.ts,src/renderer/services/i18n/i18n-keys.d.ts,4746,1485,3261,31.3,41.9
REVIEW,majority-ferrox,src/process/task/WorkerTaskManager.ts,src/process/task/WorkerTaskManager.ts,126,39,87,31.0,57.1
REVIEW,majority-ferrox,tests/unit/imageGenCore.test.ts,tests/unit/imageGenCore.test.ts,331,99,232,29.9,51.0
REVIEW,majority-ferrox,tests/unit/SpeechToTextService.test.ts,tests/unit/SpeechToTextService.test.ts,119,35,84,29.4,63.1
REVIEW,majority-ferrox,tests/unit/renderer/useAcpMessage.dom.test.tsx,tests/unit/renderer/useAcpMessage.dom.test.tsx,133,39,94,29.3,56.0
REVIEW,majority-ferrox,src/renderer/hooks/mcp/useMcpOAuth.ts,src/renderer/hooks/mcp/useMcpOAuth.ts,97,28,69,28.9,45.8
REVIEW,majority-ferrox,src/renderer/hooks/chat/useSendBoxDraft.ts,src/renderer/hooks/chat/useSendBoxDraft.ts,143,40,103,28.0,38.8
REVIEW,majority-ferrox,src/renderer/pages/conversation/platforms/acp/AcpChat.tsx,src/renderer/pages/conversation/platforms/acp/AcpChat.tsx,75,21,54,28.0,33.0
REVIEW,majority-ferrox,tests/unit/AcpModelSelector.dom.test.tsx,tests/unit/AcpModelSelector.dom.test.tsx,179,50,129,27.9,53.4
REVIEW,majority-ferrox,src/process/acp/session/McpConfig.ts,src/process/acp/session/McpConfig.ts,76,21,55,27.6,39.2
REVIEW,majority-ferrox,src/renderer/hooks/agent/useConfigModelListWithImage.ts,src/renderer/hooks/agent/useConfigModelListWithImage.ts,29,8,21,27.6,35.7
REVIEW,majority-ferrox,src/process/services/mcpServices/McpOAuthService.ts,src/process/services/mcpServices/McpOAuthService.ts,165,45,120,27.3,38.6
REVIEW,majority-ferrox,src/renderer/components/layout/Router.tsx,src/renderer/components/layout/Router.tsx,157,42,115,26.8,40.7
REVIEW,majority-ferrox,tests/unit/process/bridge/speechToTextService.test.ts,tests/unit/process/bridge/speechToTextService.test.ts,170,45,125,26.5,56.5
REVIEW,majority-ferrox,tests/unit/process/acp/session/McpConfig.test.ts,tests/unit/process/acp/session/McpConfig.test.ts,106,28,78,26.4,20.8
REVIEW,majority-ferrox,tests/unit/platform/ElectronPlatformServices.test.ts,tests/unit/platform/ElectronPlatformServices.test.ts,61,16,45,26.2,47.7
REVIEW,majority-ferrox,src/common/types/agentModes.ts,src/common/types/agentModes.ts,23,6,17,26.1,43.5
REVIEW,majority-ferrox,src/process/team/TaskManager.ts,src/process/team/TaskManager.ts,97,25,72,25.8,44.6
REVIEW,majority-ferrox,src/renderer/hooks/mcp/useMcpServerCRUD.ts,src/renderer/hooks/mcp/useMcpServerCRUD.ts,209,54,155,25.8,41.6
REVIEW,majority-ferrox,src/common/config/storageKeys.ts,src/common/config/storageKeys.ts,8,2,6,25.0,46.7
REVIEW,majority-ferrox,src/renderer/pages/settings/components/SettingsPageWrapper.tsx,src/renderer/pages/settings/components/SettingsPageWrapper.tsx,116,29,87,25.0,34.0
REVIEW,majority-ferrox,src/renderer/components/layout/Sider/SiderNav/index.ts,src/renderer/components/layout/Sider/SiderNav/index.ts,12,3,9,25.0,25.0
REVIEW,majority-ferrox,tests/unit/process/services/database/index.test.ts,tests/unit/process/services/database/index.test.ts,207,51,156,24.6,50.3
REVIEW,majority-ferrox,src/renderer/components/settings/SettingsModal/contents/DisplayModalContent.tsx,src/renderer/components/settings/SettingsModal/contents/DisplayModalContent.tsx,91,22,69,24.2,23.0
REVIEW,majority-ferrox,src/common/utils/urlValidation.ts,src/common/utils/urlValidation.ts,50,12,38,24.0,47.2
REVIEW,majority-ferrox,tests/unit/useAutoScroll.dom.test.ts,tests/unit/useAutoScroll.dom.test.ts,453,107,346,23.6,69.4
REVIEW,majority-ferrox,tests/unit/channels/wecomCrypto.test.ts,tests/unit/channels/wecomCrypto.test.ts,44,10,34,22.7,35.7
REVIEW,majority-ferrox,tests/e2e/specs/channels.e2e.ts,tests/e2e/specs/channels.e2e.ts,31,7,24,22.6,47.4
REVIEW,majority-ferrox,src/process/channels/plugins/index.ts,src/process/channels/plugins/index.ts,37,8,29,21.6,17.5
REVIEW,majority-ferrox,src/process/bridge/extensionsBridge.ts,src/process/bridge/extensionsBridge.ts,392,84,308,21.4,23.8
REVIEW,majority-ferrox,tests/unit/process/acp/session/MessageTranslator.test.ts,tests/unit/process/acp/session/MessageTranslator.test.ts,137,29,108,21.2,48.1
REVIEW,majority-ferrox,src/common/adapter/ipcBridge.ts,src/common/adapter/ipcBridge.ts,1150,233,917,20.3,49.1
REVIEW,majority-ferrox,src/renderer/utils/file/fileTypes.ts,src/renderer/utils/file/fileTypes.ts,5,1,4,20.0,100.0
REVIEW,majority-ferrox,src/renderer/pages/guid/components/GuidModelSelector.tsx,src/renderer/pages/guid/components/GuidModelSelector.tsx,240,48,192,20.0,38.0
REVIEW,ferrox-dominant,tests/unit/AuthServiceJwtSecret.test.ts,tests/unit/AuthServiceJwtSecret.test.ts,98,19,79,19.4,50.6
REVIEW,ferrox-dominant,src/preload/main.ts,src/preload/main.ts,114,21,93,18.4,40.5
REVIEW,ferrox-dominant,src/process/bridge/cronBridge.ts,src/process/bridge/cronBridge.ts,109,20,89,18.3,21.4
REVIEW,ferrox-dominant,tests/integration/process/acp/session/AcpSession.prompt.test.ts,tests/integration/process/acp/session/AcpSession.prompt.test.ts,244,42,202,17.2,44.1
REVIEW,ferrox-dominant,tests/unit/process/initStorage.jsonFileBuilder.test.ts,tests/unit/process/initStorage.jsonFileBuilder.test.ts,262,45,217,17.2,36.1
REVIEW,ferrox-dominant,tests/unit/prepareBundledBun.test.ts,tests/unit/prepareBundledBun.test.ts,47,8,39,17.0,40.0
REVIEW,ferrox-dominant,src/process/task/agentUtils.ts,src/process/task/agentUtils.ts,291,47,244,16.2,21.2
REVIEW,ferrox-dominant,src/process/team/prompts/formatHelpers.ts,src/process/team/prompts/formatHelpers.ts,31,5,26,16.1,35.3
REVIEW,ferrox-dominant,tests/unit/webserver/authServiceRefresh.test.ts,tests/unit/webserver/authServiceRefresh.test.ts,94,15,79,16.0,51.8
REVIEW,ferrox-dominant,src/process/task/codexConfig.ts,src/process/task/codexConfig.ts,173,23,150,13.3,20.0
REVIEW,ferrox-dominant,src/process/channels/utils/credentialCrypto.ts,src/process/channels/utils/credentialCrypto.ts,38,5,33,13.2,56.7
REVIEW,ferrox-dominant,src/process/resources/builtinMcp/constants.ts,src/process/resources/builtinMcp/constants.ts,58,7,51,12.1,22.0
REVIEW,ferrox-dominant,src/renderer/hooks/mcp/useMcpConnection.ts,src/renderer/hooks/mcp/useMcpConnection.ts,263,30,233,11.4,29.3
REVIEW,ferrox-dominant,src/process/services/database/export.ts,src/process/services/database/export.ts,9,1,8,11.1,64.5
REVIEW,ferrox-dominant,src/renderer/hooks/system/useTheme.ts,src/renderer/hooks/system/useTheme.ts,68,7,61,10.3,31.4
REVIEW,ferrox-dominant,src/process/utils/initBridge.ts,src/process/utils/initBridge.ts,206,18,188,8.7,12.3
REVIEW,ferrox-dominant,tests/unit/useMcpServerCRUD.dom.test.tsx,tests/unit/useMcpServerCRUD.dom.test.tsx,890,35,855,3.9,16.5
REVIEW,ferrox-dominant,src/renderer/pages/settings/AgentSettings/index.tsx,src/renderer/pages/settings/AgentSettings/index.tsx,140,1,139,0.7,2.2
REVIEW,ferrox-dominant,tests/unit/team-permission-badge.dom.test.ts,tests/unit/team-permission-badge.dom.test.ts,91,0,91,0.0,34.7
REVIEW,ferrox-dominant,src/renderer/components/base/index.ts,src/renderer/components/base/index.ts,11,0,11,0.0,29.4
